imagen,persona_real,persona_predicha,distancia,correcta
yaleB02/yaleB02_P00A+005E-10.pgm,2,2,4.702424,True
yaleB02/yaleB02_P00A+005E+10.pgm,2,2,4.418955,True
yaleB02/yaleB02_P00A+000E-20.pgm,2,2,6.736867,True
yaleB02/yaleB02_P00A+000E+20.pgm,2,2,5.7691846,True
yaleB02/yaleB02_P00A-025E+00.pgm,2,2,6.080826,True
yaleB02/yaleB02_P00A+025E+00.pgm,2,2,7.048183,True
yaleB02/yaleB02_P00A-010E-20.pgm,2,2,7.906252,True
yaleB02/yaleB02_P00A+010E-20.pgm,2,2,6.8892584,True
yaleB02/yaleB02_P00A-020E-10.pgm,2,2,5.138811,True
yaleB02/yaleB02_P00A-020E+10.pgm,2,2,6.2502027,True
yaleB02/yaleB02_P00A+020E-10.pgm,2,35,8.74931,False
yaleB02/yaleB02_P00A+020E+10.pgm,2,2,7.8475447,True
yaleB02/yaleB02_P00A+000E-35.pgm,2,2,12.072679,True
yaleB02/yaleB02_P00A-015E+20.pgm,2,2,6.7614512,True
yaleB02/yaleB02_P00A+015E+20.pgm,2,2,7.425186,True
yaleB02/yaleB02_P00A+000E+45.pgm,2,2,9.335063,True
yaleB02/yaleB02_P00A-035E+15.pgm,2,2,12.302202,True
yaleB02/yaleB02_P00A+035E+15.pgm,2,2,12.599134,True
yaleB02/yaleB02_P00A-050E+00.pgm,2,2,19.201778,True
yaleB02/yaleB02_P00A+050E+00.pgm,2,35,13.502338,False
yaleB02/yaleB02_P00A-035E-20.pgm,2,2,15.252323,True
yaleB02/yaleB02_P00A+035E-20.pgm,2,18,13.741659,False
yaleB02/yaleB02_P00A-020E-40.pgm,2,4,13.69497,False
yaleB02/yaleB02_P00A+020E-40.pgm,2,35,13.323465,False
yaleB02/yaleB02_P00A-070E+00.pgm,2,4,23.79483,False
yaleB02/yaleB02_P00A+070E+00.pgm,2,35,20.869223,False
yaleB02/yaleB02_P00A-035E+40.pgm,2,2,13.448137,True
yaleB02/yaleB02_P00A+035E+40.pgm,2,33,14.811413,False
yaleB02/yaleB02_P00A-060E-20.pgm,2,4,21.248295,False
yaleB02/yaleB02_P00A-060E+20.pgm,2,31,22.538868,False
yaleB02/yaleB02_P00A+060E-20.pgm,2,35,15.464006,False
yaleB02/yaleB02_P00A+060E+20.pgm,2,35,18.347744,False
yaleB02/yaleB02_P00A+000E+90.pgm,2,35,16.886703,False
yaleB02/yaleB02_P00A-050E-40.pgm,2,4,18.512815,False
yaleB02/yaleB02_P00A+050E-40.pgm,2,35,14.924691,False
yaleB02/yaleB02_P00A-095E+00.pgm,2,35,21.796473,False
yaleB02/yaleB02_P00A+095E+00.pgm,2,35,21.015076,False
yaleB02/yaleB02_P00A-035E+65.pgm,2,35,14.858391,False
yaleB02/yaleB02_P00A+035E+65.pgm,2,35,15.101199,False
yaleB02/yaleB02_P00A-070E-35.pgm,2,35,20.812836,False
yaleB02/yaleB02_P00A+070E-35.pgm,2,35,17.710701,False
yaleB02/yaleB02_P00A-085E-20.pgm,2,35,21.86234,False
yaleB02/yaleB02_P00A-085E+20.pgm,2,35,23.490051,False
yaleB02/yaleB02_P00A+085E-20.pgm,2,35,18.686289,False
yaleB02/yaleB02_P00A+085E+20.pgm,2,35,20.566702,False
yaleB02/yaleB02_P00A-070E+45.pgm,2,32,20.270386,False
yaleB02/yaleB02_P00A+070E+45.pgm,2,35,17.601828,False
yaleB02/yaleB02_P00A-120E+00.pgm,2,35,19.331858,False
yaleB02/yaleB02_P00A+120E+00.pgm,2,35,18.501568,False
yaleB02/yaleB02_P00A-110E+15.pgm,2,35,18.910114,False
yaleB02/yaleB02_P00A+110E+15.pgm,2,35,20.080122,False
yaleB02/yaleB02_P00A-110E-20.pgm,2,35,19.776207,False
yaleB02/yaleB02_P00A+110E-20.pgm,2,35,18.302225,False
yaleB02/yaleB02_P00A-110E+40.pgm,2,35,18.055779,False
yaleB02/yaleB02_P00A+110E+40.pgm,2,35,17.586287,False
yaleB02/yaleB02_P00A-130E+20.pgm,2,35,18.978613,False
yaleB02/yaleB02_P00A+130E+20.pgm,2,35,17.906025,False
yaleB02/yaleB02_P00A-110E+65.pgm,2,35,17.941473,False
yaleB02/yaleB02_P00A+110E+65.pgm,2,35,16.096794,False
yaleB03/yaleB03_P00A+005E-10.pgm,3,3,6.4975204,True
yaleB03/yaleB03_P00A+005E+10.pgm,3,3,7.217704,True
yaleB03/yaleB03_P00A+000E-20.pgm,3,3,8.401822,True
yaleB03/yaleB03_P00A+000E+20.pgm,3,3,7.060179,True
yaleB03/yaleB03_P00A-025E+00.pgm,3,3,9.301389,True
yaleB03/yaleB03_P00A+025E+00.pgm,3,38,9.272749,False
yaleB03/yaleB03_P00A-010E-20.pgm,3,3,9.68491,True
yaleB03/yaleB03_P00A+010E-20.pgm,3,3,9.6773205,True
yaleB03/yaleB03_P00A-020E-10.pgm,3,3,6.4543877,True
yaleB03/yaleB03_P00A-020E+10.pgm,3,3,8.363112,True
yaleB03/yaleB03_P00A+020E-10.pgm,3,3,11.047281,True
yaleB03/yaleB03_P00A+020E+10.pgm,3,3,11.0266695,True
yaleB03/yaleB03_P00A+000E-35.pgm,3,38,11.318894,False
yaleB03/yaleB03_P00A-015E+20.pgm,3,3,9.568112,True
yaleB03/yaleB03_P00A+015E+20.pgm,3,3,11.533853,True
yaleB03/yaleB03_P00A+000E+45.pgm,3,3,14.098476,True
yaleB03/yaleB03_P00A-035E+15.pgm,3,25,18.341368,False
yaleB03/yaleB03_P00A+035E+15.pgm,3,20,16.062983,False
yaleB03/yaleB03_P00A-050E+00.pgm,3,31,23.717009,False
yaleB03/yaleB03_P00A+050E+00.pgm,3,35,16.165173,False
yaleB03/yaleB03_P00A-035E-20.pgm,3,31,17.82389,False
yaleB03/yaleB03_P00A+035E-20.pgm,3,7,13.869108,False
yaleB03/yaleB03_P00A-020E-40.pgm,3,4,13.2869,False
yaleB03/yaleB03_P00A+020E-40.pgm,3,35,12.906623,False
yaleB03/yaleB03_P00A-070E+00.pgm,3,4,23.573996,False
yaleB03/yaleB03_P00A+070E+00.pgm,3,35,23.179005,False
yaleB03/yaleB03_P00A-035E+40.pgm,3,8,18.503937,False
yaleB03/yaleB03_P00A+035E+40.pgm,3,35,17.445992,False
yaleB03/yaleB03_P00A-060E-20.pgm,3,4,21.365564,False
yaleB03/yaleB03_P00A-060E+20.pgm,3,8,25.096218,False
yaleB03/yaleB03_P00A+060E-20.pgm,3,35,16.991516,False
yaleB03/yaleB03_P00A+060E+20.pgm,3,35,21.288702,False
yaleB03/yaleB03_P00A+000E+90.pgm,3,35,18.15083,False
yaleB03/yaleB03_P00A-050E-40.pgm,3,4,18.23716,False
yaleB03/yaleB03_P00A+050E-40.pgm,3,35,14.686887,False
yaleB03/yaleB03_P00A-095E+00.pgm,3,35,22.448368,False
yaleB03/yaleB03_P00A+095E+00.pgm,3,35,20.476685,False
yaleB03/yaleB03_P00A-035E+65.pgm,3,35,15.468545,False
yaleB03/yaleB03_P00A+035E+65.pgm,3,35,14.684267,False
yaleB03/yaleB03_P00A-070E-35.pgm,3,31,20.360388,False
yaleB03/yaleB03_P00A+070E-35.pgm,3,35,17.615387,False
yaleB03/yaleB03_P00A-085E-20.pgm,3,31,22.254503,False
yaleB03/yaleB03_P00A-085E+20.pgm,3,31,24.106056,False
yaleB03/yaleB03_P00A+085E-20.pgm,3,35,19.225637,False
yaleB03/yaleB03_P00A+085E+20.pgm,3,35,20.73492,False
yaleB03/yaleB03_P00A-070E+45.pgm,3,35,20.997665,False
yaleB03/yaleB03_P00A+070E+45.pgm,3,35,19.38093,False
yaleB03/yaleB03_P00A-120E+00.pgm,3,35,19.450665,False
yaleB03/yaleB03_P00A+120E+00.pgm,3,35,18.3359,False
yaleB03/yaleB03_P00A-110E+15.pgm,3,35,19.853697,False
yaleB03/yaleB03_P00A+110E+15.pgm,3,35,19.575706,False
yaleB03/yaleB03_P00A-110E-20.pgm,3,35,20.19942,False
yaleB03/yaleB03_P00A+110E-20.pgm,3,35,18.889694,False
yaleB03/yaleB03_P00A-110E+40.pgm,3,35,18.367477,False
yaleB03/yaleB03_P00A+110E+40.pgm,3,35,17.395481,False
yaleB03/yaleB03_P00A-130E+20.pgm,3,35,18.871405,False
yaleB03/yaleB03_P00A+130E+20.pgm,3,35,17.772774,False
yaleB03/yaleB03_P00A-110E+65.pgm,3,35,18.787193,False
yaleB03/yaleB03_P00A+110E+65.pgm,3,35,16.924627,False
yaleB04/yaleB04_P00A+005E-10.pgm,4,4,4.582183,True
yaleB04/yaleB04_P00A+005E+10.pgm,4,4,3.8373952,True
yaleB04/yaleB04_P00A+000E-20.pgm,4,4,5.6140385,True
yaleB04/yaleB04_P00A+000E+20.pgm,4,4,5.340891,True
yaleB04/yaleB04_P00A-025E+00.pgm,4,4,5.424722,True
yaleB04/yaleB04_P00A+025E+00.pgm,4,35,8.5431,False
yaleB04/yaleB04_P00A-010E-20.pgm,4,4,6.3359566,True
yaleB04/yaleB04_P00A+010E-20.pgm,4,4,6.459669,True
yaleB04/yaleB04_P00A-020E-10.pgm,4,4,4.29582,True
yaleB04/yaleB04_P00A-020E+10.pgm,4,4,5.6100035,True
yaleB04/yaleB04_P00A+020E-10.pgm,4,4,7.6369853,True
yaleB04/yaleB04_P00A+020E+10.pgm,4,4,5.749266,True
yaleB04/yaleB04_P00A+000E-35.pgm,4,35,10.439494,False
yaleB04/yaleB04_P00A-015E+20.pgm,4,4,6.555367,True
yaleB04/yaleB04_P00A+015E+20.pgm,4,4,6.05096,True
yaleB04/yaleB04_P00A+000E+45.pgm,4,4,9.354489,True
yaleB04/yaleB04_P00A-035E+15.pgm,4,4,10.9629755,True
yaleB04/yaleB04_P00A+035E+15.pgm,4,35,10.057722,False
yaleB04/yaleB04_P00A-050E+00.pgm,4,4,15.810135,True
yaleB04/yaleB04_P00A+050E+00.pgm,4,35,11.626176,False
yaleB04/yaleB04_P00A-035E-20.pgm,4,4,12.671551,True
yaleB04/yaleB04_P00A+035E-20.pgm,4,35,10.857565,False
yaleB04/yaleB04_P00A-020E-40.pgm,4,35,13.219648,False
yaleB04/yaleB04_P00A+020E-40.pgm,4,35,11.037049,False
yaleB04/yaleB04_P00A-070E+00.pgm,4,4,20.60056,True
yaleB04/yaleB04_P00A+070E+00.pgm,4,35,17.561403,False
yaleB04/yaleB04_P00A-035E+40.pgm,4,4,12.271126,True
yaleB04/yaleB04_P00A+035E+40.pgm,4,35,10.7878275,False
yaleB04/yaleB04_P00A-060E-20.pgm,4,4,19.166367,True
yaleB04/yaleB04_P00A-060E+20.pgm,4,4,18.49182,True
yaleB04/yaleB04_P00A+060E-20.pgm,4,35,15.39838,False
yaleB04/yaleB04_P00A+060E+20.pgm,4,35,14.64849,False
yaleB04/yaleB04_P00A+000E+90.pgm,4,35,16.434343,False
yaleB04/yaleB04_P00A-050E-40.pgm,4,35,18.18796,False
yaleB04/yaleB04_P00A+050E-40.pgm,4,35,14.276838,False
yaleB04/yaleB04_P00A-095E+00.pgm,4,35,21.908348,False
yaleB04/yaleB04_P00A+095E+00.pgm,4,35,19.442574,False
yaleB04/yaleB04_P00A-035E+65.pgm,4,35,13.1848755,False
yaleB04/yaleB04_P00A+035E+65.pgm,4,35,12.258711,False
yaleB04/yaleB04_P00A-070E-35.pgm,4,35,19.30635,False
yaleB04/yaleB04_P00A+070E-35.pgm,4,35,16.685383,False
yaleB04/yaleB04_P00A-085E-20.pgm,4,35,20.596453,False
yaleB04/yaleB04_P00A-085E+20.pgm,4,31,21.32191,False
yaleB04/yaleB04_P00A+085E-20.pgm,4,35,18.150663,False
yaleB04/yaleB04_P00A+085E+20.pgm,4,35,17.302542,False
yaleB04/yaleB04_P00A-070E+45.pgm,4,31,18.972149,False
yaleB04/yaleB04_P00A+070E+45.pgm,4,35,15.312189,False
yaleB04/yaleB04_P00A-120E+00.pgm,4,35,20.29757,False
yaleB04/yaleB04_P00A+120E+00.pgm,4,35,18.301601,False
yaleB04/yaleB04_P00A-110E+15.pgm,4,35,19.345284,False
yaleB04/yaleB04_P00A+110E+15.pgm,4,35,18.661192,False
yaleB04/yaleB04_P00A-110E-20.pgm,4,35,20.694365,False
yaleB04/yaleB04_P00A+110E-20.pgm,4,35,18.36446,False
yaleB04/yaleB04_P00A-110E+40.pgm,4,35,17.783022,False
yaleB04/yaleB04_P00A+110E+40.pgm,4,35,15.981496,False
yaleB04/yaleB04_P00A-130E+20.pgm,4,35,19.074167,False
yaleB04/yaleB04_P00A+130E+20.pgm,4,35,17.468554,False
yaleB04/yaleB04_P00A-110E+65.pgm,4,35,17.262394,False
yaleB04/yaleB04_P00A+110E+65.pgm,4,35,14.663407,False
yaleB05/yaleB05_P00A+005E-10.pgm,5,5,4.9594827,True
yaleB05/yaleB05_P00A+005E+10.pgm,5,5,6.700846,True
yaleB05/yaleB05_P00A+000E-20.pgm,5,5,7.098934,True
yaleB05/yaleB05_P00A+000E+20.pgm,5,5,5.3152795,True
yaleB05/yaleB05_P00A-025E+00.pgm,5,5,7.3429084,True
yaleB05/yaleB05_P00A+025E+00.pgm,5,32,11.604498,False
yaleB05/yaleB05_P00A-010E-20.pgm,5,5,7.970117,True
yaleB05/yaleB05_P00A+010E-20.pgm,5,5,8.714359,True
yaleB05/yaleB05_P00A-020E-10.pgm,5,5,5.986129,True
yaleB05/yaleB05_P00A-020E+10.pgm,5,5,6.6342435,True
yaleB05/yaleB05_P00A+020E-10.pgm,5,5,8.125616,True
yaleB05/yaleB05_P00A+020E+10.pgm,5,5,10.622636,True
yaleB05/yaleB05_P00A+000E-35.pgm,5,5,12.446887,True
yaleB05/yaleB05_P00A-015E+20.pgm,5,5,7.4957204,True
yaleB05/yaleB05_P00A+015E+20.pgm,5,5,8.557045,True
yaleB05/yaleB05_P00A+000E+45.pgm,5,32,11.572884,False
yaleB05/yaleB05_P00A-035E+15.pgm,5,5,12.824376,True
yaleB05/yaleB05_P00A+035E+15.pgm,5,5,12.418113,True
yaleB05/yaleB05_P00A-050E+00.pgm,5,5,17.186314,True
yaleB05/yaleB05_P00A+050E+00.pgm,5,35,14.825475,False
yaleB05/yaleB05_P00A-035E-20.pgm,5,5,13.08082,True
yaleB05/yaleB05_P00A+035E-20.pgm,5,5,15.130242,True
yaleB05/yaleB05_P00A-020E-40.pgm,5,5,13.537246,True
yaleB05/yaleB05_P00A+020E-40.pgm,5,7,15.014815,False
yaleB05/yaleB05_P00A-070E+00.pgm,5,32,23.161785,False
yaleB05/yaleB05_P00A+070E+00.pgm,5,35,20.152397,False
yaleB05/yaleB05_P00A-035E+40.pgm,5,32,13.599525,False
yaleB05/yaleB05_P00A+035E+40.pgm,5,35,12.279158,False
yaleB05/yaleB05_P00A-060E-20.pgm,5,4,21.052729,False
yaleB05/yaleB05_P00A-060E+20.pgm,5,32,19.74908,False
yaleB05/yaleB05_P00A+060E-20.pgm,5,35,17.467619,False
yaleB05/yaleB05_P00A+060E+20.pgm,5,35,16.59279,False
yaleB05/yaleB05_P00A+000E+90.pgm,5,35,18.44044,False
yaleB05/yaleB05_P00A-050E-40.pgm,5,4,18.518564,False
yaleB05/yaleB05_P00A+050E-40.pgm,5,35,15.891843,False
yaleB05/yaleB05_P00A-095E+00.pgm,5,35,21.84498,False
yaleB05/yaleB05_P00A+095E+00.pgm,5,35,19.462488,False
yaleB05/yaleB05_P00A-035E+65.pgm,5,35,15.0629015,False
yaleB05/yaleB05_P00A+035E+65.pgm,5,35,14.022809,False
yaleB05/yaleB05_P00A-070E-35.pgm,5,4,22.560308,False
yaleB05/yaleB05_P00A+070E-35.pgm,5,35,19.666018,False
yaleB05/yaleB05_P00A-085E-20.pgm,5,35,22.862328,False
yaleB05/yaleB05_P00A-085E+20.pgm,5,35,20.340921,False
yaleB05/yaleB05_P00A+085E-20.pgm,5,35,20.474533,False
yaleB05/yaleB05_P00A+085E+20.pgm,5,35,18.692898,False
yaleB05/yaleB05_P00A-070E+45.pgm,5,35,17.30113,False
yaleB05/yaleB05_P00A+070E+45.pgm,5,35,16.373245,False
yaleB05/yaleB05_P00A-120E+00.pgm,5,35,19.989689,False
yaleB05/yaleB05_P00A+120E+00.pgm,5,35,18.312683,False
yaleB05/yaleB05_P00A-110E+15.pgm,5,35,19.361298,False
yaleB05/yaleB05_P00A+110E+15.pgm,5,35,17.660664,False
yaleB05/yaleB05_P00A-110E-20.pgm,5,35,22.776966,False
yaleB05/yaleB05_P00A+110E-20.pgm,5,35,19.957235,False
yaleB05/yaleB05_P00A-110E+40.pgm,5,35,18.780996,False
yaleB05/yaleB05_P00A+110E+40.pgm,5,35,17.551855,False
yaleB05/yaleB05_P00A-130E+20.pgm,5,35,18.820667,False
yaleB05/yaleB05_P00A+130E+20.pgm,5,35,17.982597,False
yaleB05/yaleB05_P00A-110E+65.pgm,5,35,19.108858,False
yaleB05/yaleB05_P00A+110E+65.pgm,5,35,18.07944,False
yaleB06/yaleB06_P00A+005E-10.pgm,6,6,5.4983296,True
yaleB06/yaleB06_P00A+005E+10.pgm,6,6,4.7511196,True
yaleB06/yaleB06_P00A+000E-20.pgm,6,6,8.429154,True
yaleB06/yaleB06_P00A+000E+20.pgm,6,6,7.6094084,True
yaleB06/yaleB06_P00A-025E+00.pgm,6,6,9.143865,True
yaleB06/yaleB06_P00A+025E+00.pgm,6,35,8.954981,False
yaleB06/yaleB06_P00A-010E-20.pgm,6,6,9.136794,True
yaleB06/yaleB06_P00A+010E-20.pgm,6,6,9.177731,True
yaleB06/yaleB06_P00A-020E-10.pgm,6,6,6.956315,True
yaleB06/yaleB06_P00A-020E+10.pgm,6,6,8.725795,True
yaleB06/yaleB06_P00A+020E-10.pgm,6,6,9.556442,True
yaleB06/yaleB06_P00A+020E+10.pgm,6,6,9.020871,True
yaleB06/yaleB06_P00A+000E-35.pgm,6,35,11.890809,False
yaleB06/yaleB06_P00A-015E+20.pgm,6,6,9.071237,True
yaleB06/yaleB06_P00A+015E+20.pgm,6,6,9.231515,True
yaleB06/yaleB06_P00A+000E+45.pgm,6,6,11.864974,True
yaleB06/yaleB06_P00A-035E+15.pgm,6,6,16.846771,True
yaleB06/yaleB06_P00A+035E+15.pgm,6,20,15.235444,False
yaleB06/yaleB06_P00A-050E+00.pgm,6,6,23.076014,True
yaleB06/yaleB06_P00A+050E+00.pgm,6,35,14.764422,False
yaleB06/yaleB06_P00A-035E-20.pgm,6,6,17.661474,True
yaleB06/yaleB06_P00A+035E-20.pgm,6,35,13.215515,False
yaleB06/yaleB06_P00A-020E-40.pgm,6,4,14.398624,False
yaleB06/yaleB06_P00A+020E-40.pgm,6,35,11.853659,False
yaleB06/yaleB06_P00A-070E+00.pgm,6,4,26.754116,False
yaleB06/yaleB06_P00A+070E+00.pgm,6,35,23.146349,False
yaleB06/yaleB06_P00A-035E+40.pgm,6,6,17.92177,True
yaleB06/yaleB06_P00A+035E+40.pgm,6,9,16.16524,False
yaleB06/yaleB06_P00A-060E-20.pgm,6,4,23.721472,False
yaleB06/yaleB06_P00A-060E+20.pgm,6,31,26.147097,False
yaleB06/yaleB06_P00A+060E-20.pgm,6,35,17.288382,False
yaleB06/yaleB06_P00A+060E+20.pgm,6,35,19.88376,False
yaleB06/yaleB06_P00A+000E+90.pgm,6,35,16.775703,False
yaleB06/yaleB06_P00A-050E-40.pgm,6,4,20.412762,False
yaleB06/yaleB06_P00A+050E-40.pgm,6,35,15.634843,False
yaleB06/yaleB06_P00A-095E+00.pgm,6,4,27.974342,False
yaleB06/yaleB06_P00A+095E+00.pgm,6,35,22.884977,False
yaleB06/yaleB06_P00A-035E+65.pgm,6,8,16.145666,False
yaleB06/yaleB06_P00A+035E+65.pgm,6,35,16.24639,False
yaleB06/yaleB06_P00A-070E-35.pgm,6,4,23.260395,False
yaleB06/yaleB06_P00A+070E-35.pgm,6,35,18.356628,False
yaleB06/yaleB06_P00A-085E-20.pgm,6,4,25.201134,False
yaleB06/yaleB06_P00A-085E+20.pgm,6,4,27.174648,False
yaleB06/yaleB06_P00A+085E-20.pgm,6,35,20.265957,False
yaleB06/yaleB06_P00A+085E+20.pgm,6,35,21.479116,False
yaleB06/yaleB06_P00A-070E+45.pgm,6,8,22.816362,False
yaleB06/yaleB06_P00A+070E+45.pgm,6,35,18.321848,False
yaleB06/yaleB06_P00A-120E+00.pgm,6,35,22.939478,False
yaleB06/yaleB06_P00A+120E+00.pgm,6,35,21.626575,False
yaleB06/yaleB06_P00A-110E+15.pgm,6,35,23.941824,False
yaleB06/yaleB06_P00A+110E+15.pgm,6,35,21.873735,False
yaleB06/yaleB06_P00A-110E-20.pgm,6,35,25.874182,False
yaleB06/yaleB06_P00A+110E-20.pgm,6,35,22.005117,False
yaleB06/yaleB06_P00A-110E+40.pgm,6,35,20.853836,False
yaleB06/yaleB06_P00A+110E+40.pgm,6,35,18.167294,False
yaleB06/yaleB06_P00A-130E+20.pgm,6,35,19.368868,False
yaleB06/yaleB06_P00A+130E+20.pgm,6,35,18.817265,False
yaleB06/yaleB06_P00A-110E+65.pgm,6,35,17.254564,False
yaleB06/yaleB06_P00A+110E+65.pgm,6,35,15.90643,False
yaleB07/yaleB07_P00A+005E-10.pgm,7,7,4.8768044,True
yaleB07/yaleB07_P00A+005E+10.pgm,7,7,4.7761364,True
yaleB07/yaleB07_P00A+000E-20.pgm,7,7,5.8552628,True
yaleB07/yaleB07_P00A+000E+20.pgm,7,7,5.245112,True
yaleB07/yaleB07_P00A-025E+00.pgm,7,7,6.495806,True
yaleB07/yaleB07_P00A+025E+00.pgm,7,35,7.904345,False
yaleB07/yaleB07_P00A-010E-20.pgm,7,7,7.5728073,True
yaleB07/yaleB07_P00A+010E-20.pgm,7,7,7.297428,True
yaleB07/yaleB07_P00A-020E-10.pgm,7,7,4.8970184,True
yaleB07/yaleB07_P00A-020E+10.pgm,7,7,5.80306,True
yaleB07/yaleB07_P00A+020E-10.pgm,7,7,8.078358,True
yaleB07/yaleB07_P00A+020E+10.pgm,7,7,6.568783,True
yaleB07/yaleB07_P00A+000E-35.pgm,7,35,10.505913,False
yaleB07/yaleB07_P00A-015E+20.pgm,7,7,7.2267976,True
yaleB07/yaleB07_P00A+015E+20.pgm,7,7,7.042334,True
yaleB07/yaleB07_P00A+000E+45.pgm,7,7,10.318755,True
yaleB07/yaleB07_P00A-035E+15.pgm,7,4,12.242935,False
yaleB07/yaleB07_P00A+035E+15.pgm,7,7,11.702638,True
yaleB07/yaleB07_P00A-050E+00.pgm,7,4,16.40841,False
yaleB07/yaleB07_P00A+050E+00.pgm,7,35,12.550742,False
yaleB07/yaleB07_P00A-035E-20.pgm,7,4,12.649805,False
yaleB07/yaleB07_P00A+035E-20.pgm,7,35,11.369638,False
yaleB07/yaleB07_P00A-020E-40.pgm,7,35,12.859597,False
yaleB07/yaleB07_P00A+020E-40.pgm,7,35,12.080851,False
yaleB07/yaleB07_P00A-070E+00.pgm,7,4,21.681227,False
yaleB07/yaleB07_P00A+070E+00.pgm,7,35,17.838398,False
yaleB07/yaleB07_P00A-035E+40.pgm,7,31,13.33506,False
yaleB07/yaleB07_P00A+035E+40.pgm,7,35,11.668864,False
yaleB07/yaleB07_P00A-060E-20.pgm,7,4,19.5667,False
yaleB07/yaleB07_P00A-060E+20.pgm,7,4,19.322989,False
yaleB07/yaleB07_P00A+060E-20.pgm,7,35,15.413223,False
yaleB07/yaleB07_P00A+060E+20.pgm,7,35,14.79054,False
yaleB07/yaleB07_P00A+000E+90.pgm,7,35,16.579926,False
yaleB07/yaleB07_P00A-050E-40.pgm,7,31,18.460047,False
yaleB07/yaleB07_P00A+050E-40.pgm,7,35,15.314854,False
yaleB07/yaleB07_P00A-095E+00.pgm,7,4,24.64677,False
yaleB07/yaleB07_P00A+095E+00.pgm,7,35,19.947966,False
yaleB07/yaleB07_P00A-035E+65.pgm,7,35,13.564869,False
yaleB07/yaleB07_P00A+035E+65.pgm,7,35,12.594717,False
yaleB07/yaleB07_P00A-070E-35.pgm,7,35,20.192772,False
yaleB07/yaleB07_P00A+070E-35.pgm,7,35,18.17957,False
yaleB07/yaleB07_P00A-085E-20.pgm,7,35,22.72267,False
yaleB07/yaleB07_P00A-085E+20.pgm,7,31,22.888756,False
yaleB07/yaleB07_P00A+085E-20.pgm,7,35,19.173624,False
yaleB07/yaleB07_P00A+085E+20.pgm,7,35,17.75961,False
yaleB07/yaleB07_P00A-070E+45.pgm,7,31,19.393656,False
yaleB07/yaleB07_P00A+070E+45.pgm,7,35,15.175809,False
yaleB07/yaleB07_P00A-120E+00.pgm,7,35,21.90419,False
yaleB07/yaleB07_P00A+120E+00.pgm,7,35,18.388773,False
yaleB07/yaleB07_P00A-110E+15.pgm,7,35,21.101532,False
yaleB07/yaleB07_P00A+110E+15.pgm,7,35,18.31667,False
yaleB07/yaleB07_P00A-110E-20.pgm,7,35,23.600193,False
yaleB07/yaleB07_P00A+110E-20.pgm,7,35,19.6336,False
yaleB07/yaleB07_P00A-110E+40.pgm,7,35,18.4066,False
yaleB07/yaleB07_P00A+110E+40.pgm,7,35,16.013926,False
yaleB07/yaleB07_P00A-130E+20.pgm,7,35,18.692759,False
yaleB07/yaleB07_P00A+130E+20.pgm,7,35,17.739134,False
yaleB07/yaleB07_P00A-110E+65.pgm,7,35,16.630491,False
yaleB07/yaleB07_P00A+110E+65.pgm,7,35,15.211959,False
yaleB08/yaleB08_P00A+005E-10.pgm,8,8,4.966342,True
yaleB08/yaleB08_P00A+005E+10.pgm,8,8,4.988916,True
yaleB08/yaleB08_P00A+000E-20.pgm,8,8,6.6230893,True
yaleB08/yaleB08_P00A+000E+20.pgm,8,8,5.904542,True
yaleB08/yaleB08_P00A-025E+00.pgm,8,8,6.825986,True
yaleB08/yaleB08_P00A+025E+00.pgm,8,35,8.823771,False
yaleB08/yaleB08_P00A-010E-20.pgm,8,8,7.72044,True
yaleB08/yaleB08_P00A+010E-20.pgm,8,8,7.9397116,True
yaleB08/yaleB08_P00A-020E-10.pgm,8,8,4.922337,True
yaleB08/yaleB08_P00A-020E+10.pgm,8,8,6.8539295,True
yaleB08/yaleB08_P00A+020E-10.pgm,8,8,8.108356,True
yaleB08/yaleB08_P00A+020E+10.pgm,8,8,7.1796813,True
yaleB08/yaleB08_P00A+000E-35.pgm,8,35,9.935157,False
yaleB08/yaleB08_P00A-015E+20.pgm,8,8,7.941445,True
yaleB08/yaleB08_P00A+015E+20.pgm,8,8,7.861683,True
yaleB08/yaleB08_P00A+000E+45.pgm,8,8,9.421248,True
yaleB08/yaleB08_P00A-035E+15.pgm,8,8,13.10524,True
yaleB08/yaleB08_P00A+035E+15.pgm,8,8,12.109223,True
yaleB08/yaleB08_P00A-050E+00.pgm,8,8,17.376955,True
yaleB08/yaleB08_P00A+050E+00.pgm,8,35,13.050306,False
yaleB08/yaleB08_P00A-035E-20.pgm,8,8,13.775376,True
yaleB08/yaleB08_P00A+035E-20.pgm,8,35,10.860853,False
yaleB08/yaleB08_P00A-020E-40.pgm,8,35,12.289209,False
yaleB08/yaleB08_P00A+020E-40.pgm,8,35,10.9316225,False
yaleB08/yaleB08_P00A-070E+00.pgm,8,31,21.31163,False
yaleB08/yaleB08_P00A+070E+00.pgm,8,35,18.637138,False
yaleB08/yaleB08_P00A-035E+40.pgm,8,8,14.581883,True
yaleB08/yaleB08_P00A+035E+40.pgm,8,35,13.945426,False
yaleB08/yaleB08_P00A-060E-20.pgm,8,31,18.991436,False
yaleB08/yaleB08_P00A-060E+20.pgm,8,8,20.700195,True
yaleB08/yaleB08_P00A+060E-20.pgm,8,35,15.308119,False
yaleB08/yaleB08_P00A+060E+20.pgm,8,35,16.686266,False
yaleB08/yaleB08_P00A+000E+90.pgm,8,35,19.169905,False
yaleB08/yaleB08_P00A-050E-40.pgm,8,35,17.318907,False
yaleB08/yaleB08_P00A+050E-40.pgm,8,35,14.370711,False
yaleB08/yaleB08_P00A-095E+00.pgm,8,35,22.14559,False
yaleB08/yaleB08_P00A+095E+00.pgm,8,35,20.141558,False
yaleB08/yaleB08_P00A-035E+65.pgm,8,35,15.735015,False
yaleB08/yaleB08_P00A+035E+65.pgm,8,35,14.382028,False
yaleB08/yaleB08_P00A-070E-35.pgm,8,35,18.7652,False
yaleB08/yaleB08_P00A+070E-35.pgm,8,35,16.803368,False
yaleB08/yaleB08_P00A-085E-20.pgm,8,35,19.997152,False
yaleB08/yaleB08_P00A-085E+20.pgm,8,35,23.242498,False
yaleB08/yaleB08_P00A+085E-20.pgm,8,35,18.336113,False
yaleB08/yaleB08_P00A+085E+20.pgm,8,35,19.48178,False
yaleB08/yaleB08_P00A-070E+45.pgm,8,35,20.278645,False
yaleB08/yaleB08_P00A+070E+45.pgm,8,35,18.082994,False
yaleB08/yaleB08_P00A-120E+00.pgm,8,35,21.131292,False
yaleB08/yaleB08_P00A+120E+00.pgm,8,35,19.389929,False
yaleB08/yaleB08_P00A-110E+15.pgm,8,35,20.668486,False
yaleB08/yaleB08_P00A+110E+15.pgm,8,35,19.244003,False
yaleB08/yaleB08_P00A-110E-20.pgm,8,35,21.108074,False
yaleB08/yaleB08_P00A+110E-20.pgm,8,35,18.74003,False
yaleB08/yaleB08_P00A-110E+40.pgm,8,35,18.564049,False
yaleB08/yaleB08_P00A+110E+40.pgm,8,35,17.28799,False
yaleB08/yaleB08_P00A-130E+20.pgm,8,35,19.257227,False
yaleB08/yaleB08_P00A+130E+20.pgm,8,35,18.491394,False
yaleB08/yaleB08_P00A-110E+65.pgm,8,35,19.833794,False
yaleB08/yaleB08_P00A+110E+65.pgm,8,35,19.060957,False
yaleB09/yaleB09_P00A+005E-10.pgm,9,9,4.6153893,True
yaleB09/yaleB09_P00A+005E+10.pgm,9,9,4.5926104,True
yaleB09/yaleB09_P00A+000E-20.pgm,9,9,6.0491886,True
yaleB09/yaleB09_P00A+000E+20.pgm,9,9,5.8619475,True
yaleB09/yaleB09_P00A-025E+00.pgm,9,9,6.289511,True
yaleB09/yaleB09_P00A+025E+00.pgm,9,35,9.308054,False
yaleB09/yaleB09_P00A-010E-20.pgm,9,9,6.1339073,True
yaleB09/yaleB09_P00A+010E-20.pgm,9,9,7.475952,True
yaleB09/yaleB09_P00A-020E-10.pgm,9,9,4.4019504,True
yaleB09/yaleB09_P00A-020E+10.pgm,9,9,6.3464336,True
yaleB09/yaleB09_P00A+020E-10.pgm,9,9,7.2740583,True
yaleB09/yaleB09_P00A+020E+10.pgm,9,9,6.406767,True
yaleB09/yaleB09_P00A+000E-35.pgm,9,35,9.998208,False
yaleB09/yaleB09_P00A-015E+20.pgm,9,9,7.6520715,True
yaleB09/yaleB09_P00A+015E+20.pgm,9,9,7.090484,True
yaleB09/yaleB09_P00A+000E+45.pgm,9,9,10.073482,True
yaleB09/yaleB09_P00A-035E+15.pgm,9,9,12.259774,True
yaleB09/yaleB09_P00A+035E+15.pgm,9,9,12.1371975,True
yaleB09/yaleB09_P00A-050E+00.pgm,9,9,18.111462,True
yaleB09/yaleB09_P00A+050E+00.pgm,9,35,13.710588,False
yaleB09/yaleB09_P00A-035E-20.pgm,9,4,13.784037,False
yaleB09/yaleB09_P00A+035E-20.pgm,9,35,11.621608,False
yaleB09/yaleB09_P00A-020E-40.pgm,9,4,12.005145,False
yaleB09/yaleB09_P00A+020E-40.pgm,9,35,11.318215,False
yaleB09/yaleB09_P00A-070E+00.pgm,9,4,24.595457,False
yaleB09/yaleB09_P00A+070E+00.pgm,9,35,22.88125,False
yaleB09/yaleB09_P00A-035E+40.pgm,9,9,13.030887,True
yaleB09/yaleB09_P00A+035E+40.pgm,9,9,14.752163,True
yaleB09/yaleB09_P00A-060E-20.pgm,9,4,19.985199,False
yaleB09/yaleB09_P00A-060E+20.pgm,9,9,21.801167,True
yaleB09/yaleB09_P00A+060E-20.pgm,9,35,16.947,False
yaleB09/yaleB09_P00A+060E+20.pgm,9,9,20.095362,True
yaleB09/yaleB09_P00A+000E+90.pgm,9,35,16.74607,False
yaleB09/yaleB09_P00A-050E-40.pgm,9,4,18.493576,False
yaleB09/yaleB09_P00A+050E-40.pgm,9,35,20.88151,False
yaleB09/yaleB09_P00A-095E+00.pgm,9,4,27.041853,False
yaleB09/yaleB09_P00A+095E+00.pgm,9,35,22.406612,False
yaleB09/yaleB09_P00A-035E+65.pgm,9,35,16.712725,False
yaleB09/yaleB09_P00A+035E+65.pgm,9,9,16.876528,True
yaleB09/yaleB09_P00A-070E-35.pgm,9,4,22.010788,False
yaleB09/yaleB09_P00A+070E-35.pgm,9,35,18.612043,False
yaleB09/yaleB09_P00A-085E-20.pgm,9,4,24.01846,False
yaleB09/yaleB09_P00A-085E+20.pgm,9,31,25.042011,False
yaleB09/yaleB09_P00A+085E-20.pgm,9,35,20.507496,False
yaleB09/yaleB09_P00A+085E+20.pgm,9,35,21.805,False
yaleB09/yaleB09_P00A-070E+45.pgm,9,9,20.09826,True
yaleB09/yaleB09_P00A+070E+45.pgm,9,35,19.483408,False
yaleB09/yaleB09_P00A-120E+00.pgm,9,35,23.448084,False
yaleB09/yaleB09_P00A+120E+00.pgm,9,35,19.896393,False
yaleB09/yaleB09_P00A-110E+15.pgm,9,35,22.189991,False
yaleB09/yaleB09_P00A+110E+15.pgm,9,35,21.867884,False
yaleB09/yaleB09_P00A-110E-20.pgm,9,35,26.563578,False
yaleB09/yaleB09_P00A+110E-20.pgm,9,35,21.464481,False
yaleB09/yaleB09_P00A-110E+40.pgm,9,35,18.26649,False
yaleB09/yaleB09_P00A+110E+40.pgm,9,35,17.429806,False
yaleB09/yaleB09_P00A-130E+20.pgm,9,35,17.618454,False
yaleB09/yaleB09_P00A+130E+20.pgm,9,35,17.603947,False
yaleB09/yaleB09_P00A-110E+65.pgm,9,35,17.662762,False
yaleB09/yaleB09_P00A+110E+65.pgm,9,35,15.690565,False
yaleB10/yaleB10_P00A+005E-10.pgm,10,10,7.39079,True
yaleB10/yaleB10_P00A+005E+10.pgm,10,10,7.7080994,True
yaleB10/yaleB10_P00A+000E-20.pgm,10,10,9.108569,True
yaleB10/yaleB10_P00A+000E+20.pgm,10,10,8.2806635,True
yaleB10/yaleB10_P00A-025E+00.pgm,10,10,11.2721,True
yaleB10/yaleB10_P00A+025E+00.pgm,10,33,9.913103,False
yaleB10/yaleB10_P00A-010E-20.pgm,10,23,10.858145,False
yaleB10/yaleB10_P00A+010E-20.pgm,10,10,10.615269,True
yaleB10/yaleB10_P00A-020E-10.pgm,10,10,8.432234,True
yaleB10/yaleB10_P00A-020E+10.pgm,10,10,9.469936,True
yaleB10/yaleB10_P00A+020E-10.pgm,10,26,11.766028,False
yaleB10/yaleB10_P00A+020E+10.pgm,10,10,11.434274,True
yaleB10/yaleB10_P00A+000E-35.pgm,10,19,10.96615,False
yaleB10/yaleB10_P00A-015E+20.pgm,10,10,9.1072235,True
yaleB10/yaleB10_P00A+015E+20.pgm,10,10,11.469623,True
yaleB10/yaleB10_P00A+000E+45.pgm,10,10,12.583849,True
yaleB10/yaleB10_P00A-035E+15.pgm,10,10,19.469044,True
yaleB10/yaleB10_P00A+035E+15.pgm,10,26,19.366072,False
yaleB10/yaleB10_P00A-050E+00.pgm,10,29,26.62831,False
yaleB10/yaleB10_P00A+050E+00.pgm,10,20,20.141136,False
yaleB10/yaleB10_P00A-035E-20.pgm,10,10,20.464422,True
yaleB10/yaleB10_P00A+035E-20.pgm,10,33,16.7401,False
yaleB10/yaleB10_P00A-020E-40.pgm,10,19,13.543527,False
yaleB10/yaleB10_P00A+020E-40.pgm,10,7,13.191294,False
yaleB10/yaleB10_P00A-070E+00.pgm,10,31,28.408192,False
yaleB10/yaleB10_P00A+070E+00.pgm,10,39,28.064161,False
yaleB10/yaleB10_P00A-035E+40.pgm,10,25,18.896578,False
yaleB10/yaleB10_P00A+035E+40.pgm,10,20,17.866644,False
yaleB10/yaleB10_P00A-060E-20.pgm,10,31,25.72523,False
yaleB10/yaleB10_P00A-060E+20.pgm,10,25,27.857054,False
yaleB10/yaleB10_P00A+060E-20.pgm,10,35,22.580523,False
yaleB10/yaleB10_P00A+060E+20.pgm,10,20,24.130844,False
yaleB10/yaleB10_P00A+000E+90.pgm,10,35,16.494583,False
yaleB10/yaleB10_P00A-050E-40.pgm,10,4,20.849909,False
yaleB10/yaleB10_P00A+050E-40.pgm,10,35,20.292265,False
yaleB10/yaleB10_P00A-095E+00.pgm,10,4,28.235117,False
yaleB10/yaleB10_P00A+095E+00.pgm,10,35,23.837927,False
yaleB10/yaleB10_P00A-035E+65.pgm,10,35,15.302191,False
yaleB10/yaleB10_P00A+035E+65.pgm,10,35,14.288242,False
yaleB10/yaleB10_P00A-070E-35.pgm,10,4,23.195635,False
yaleB10/yaleB10_P00A+070E-35.pgm,10,35,20.52128,False
yaleB10/yaleB10_P00A-085E-20.pgm,10,4,26.215101,False
yaleB10/yaleB10_P00A-085E+20.pgm,10,4,27.184925,False
yaleB10/yaleB10_P00A+085E-20.pgm,10,35,24.188803,False
yaleB10/yaleB10_P00A+085E+20.pgm,10,35,23.607365,False
yaleB10/yaleB10_P00A-070E+45.pgm,10,8,23.05719,False
yaleB10/yaleB10_P00A+070E+45.pgm,10,35,19.04849,False
yaleB10/yaleB10_P00A-120E+00.pgm,10,35,24.73426,False
yaleB10/yaleB10_P00A+120E+00.pgm,10,35,21.473991,False
yaleB10/yaleB10_P00A-110E+15.pgm,10,35,24.5347,False
yaleB10/yaleB10_P00A+110E+15.pgm,10,35,21.58153,False
yaleB10/yaleB10_P00A-110E-20.pgm,10,4,27.266712,False
yaleB10/yaleB10_P00A+110E-20.pgm,10,35,23.626652,False
yaleB10/yaleB10_P00A-110E+40.pgm,10,35,19.87567,False
yaleB10/yaleB10_P00A+110E+40.pgm,10,35,16.70068,False
yaleB10/yaleB10_P00A-130E+20.pgm,10,35,19.208277,False
yaleB10/yaleB10_P00A+130E+20.pgm,10,35,16.722261,False
yaleB10/yaleB10_P00A-110E+65.pgm,10,35,16.963383,False
yaleB10/yaleB10_P00A+110E+65.pgm,10,35,15.407026,False
yaleB11/yaleB11_P00A+005E-10.pgm,11,11,5.7286725,True
yaleB11/yaleB11_P00A+005E+10.pgm,11,11,4.8393345,True
yaleB11/yaleB11_P00A+000E-20.pgm,11,11,7.600667,True
yaleB11/yaleB11_P00A+000E+20.pgm,11,11,6.897057,True
yaleB11/yaleB11_P00A-025E+00.pgm,11,11,10.36211,True
yaleB11/yaleB11_P00A+025E+00.pgm,11,35,7.800023,False
yaleB11/yaleB11_P00A-010E-20.pgm,11,8,9.787946,False
yaleB11/yaleB11_P00A+010E-20.pgm,11,11,8.316229,True
yaleB11/yaleB11_P00A-020E-10.pgm,11,11,9.116666,True
yaleB11/yaleB11_P00A-020E+10.pgm,11,11,10.268764,True
yaleB11/yaleB11_P00A+020E-10.pgm,11,11,9.545732,True
yaleB11/yaleB11_P00A+020E+10.pgm,11,11,9.7884865,True
yaleB11/yaleB11_P00A+000E-35.pgm,11,35,10.364555,False
yaleB11/yaleB11_P00A-015E+20.pgm,11,11,10.742416,True
yaleB11/yaleB11_P00A+015E+20.pgm,11,11,9.306958,True
yaleB11/yaleB11_P00A+000E+45.pgm,11,11,11.963072,True
yaleB11/yaleB11_P00A-035E+15.pgm,11,11,13.868696,True
yaleB11/yaleB11_P00A+035E+15.pgm,11,11,13.323297,True
yaleB11/yaleB11_P00A-050E+00.pgm,11,31,20.244396,False
yaleB11/yaleB11_P00A+050E+00.pgm,11,35,13.738952,False
yaleB11/yaleB11_P00A-035E-20.pgm,11,4,15.314451,False
yaleB11/yaleB11_P00A+035E-20.pgm,11,35,11.860982,False
yaleB11/yaleB11_P00A-020E-40.pgm,11,31,13.1227255,False
yaleB11/yaleB11_P00A+020E-40.pgm,11,35,11.217449,False
yaleB11/yaleB11_P00A-070E+00.pgm,11,4,23.523764,False
yaleB11/yaleB11_P00A+070E+00.pgm,11,35,21.536724,False
yaleB11/yaleB11_P00A-035E+40.pgm,11,11,15.983473,True
yaleB11/yaleB11_P00A+035E+40.pgm,11,9,16.22412,False
yaleB11/yaleB11_P00A-060E-20.pgm,11,4,20.357353,False
yaleB11/yaleB11_P00A-060E+20.pgm,11,8,23.287483,False
yaleB11/yaleB11_P00A+060E-20.pgm,11,35,14.8007765,False
yaleB11/yaleB11_P00A+060E+20.pgm,11,35,20.054745,False
yaleB11/yaleB11_P00A+000E+90.pgm,11,35,16.296001,False
yaleB11/yaleB11_P00A-095E+00.pgm,11,4,25.51922,False
yaleB11/yaleB11_P00A-035E+65.pgm,11,9,16.993834,False
yaleB11/yaleB11_P00A+035E+65.pgm,11,9,17.58643,False
yaleB11/yaleB11_P00A-070E-35.pgm,11,35,20.830563,False
yaleB11/yaleB11_P00A+070E-35.pgm,11,35,17.09654,False
yaleB11/yaleB11_P00A-085E-20.pgm,11,4,22.811638,False
yaleB11/yaleB11_P00A-085E+20.pgm,11,8,25.283936,False
yaleB11/yaleB11_P00A+085E-20.pgm,11,35,18.755692,False
yaleB11/yaleB11_P00A+085E+20.pgm,11,35,22.0147,False
yaleB11/yaleB11_P00A-070E+45.pgm,11,8,22.93595,False
yaleB11/yaleB11_P00A+070E+45.pgm,11,35,20.23995,False
yaleB11/yaleB11_P00A-120E+00.pgm,11,35,22.307882,False
yaleB11/yaleB11_P00A+120E+00.pgm,11,35,20.743464,False
yaleB11/yaleB11_P00A+110E+15.pgm,11,35,21.959711,False
yaleB11/yaleB11_P00A-110E-20.pgm,11,35,23.662731,False
yaleB11/yaleB11_P00A+110E-20.pgm,11,35,20.152102,False
yaleB11/yaleB11_P00A-110E+40.pgm,11,35,20.900875,False
yaleB11/yaleB11_P00A+110E+40.pgm,11,35,20.014063,False
yaleB11/yaleB11_P00A-130E+20.pgm,11,35,19.188225,False
yaleB11/yaleB11_P00A+130E+20.pgm,11,35,18.092722,False
yaleB11/yaleB11_P00A-110E+65.pgm,11,35,16.767136,False
yaleB11/yaleB11_P00A+110E+65.pgm,11,35,15.433601,False
yaleB12/yaleB12_P00A+005E-10.pgm,12,12,5.3347907,True
yaleB12/yaleB12_P00A+005E+10.pgm,12,12,5.315535,True
yaleB12/yaleB12_P00A+000E-20.pgm,12,12,6.4977837,True
yaleB12/yaleB12_P00A+000E+20.pgm,12,12,6.4299984,True
yaleB12/yaleB12_P00A-025E+00.pgm,12,12,7.930667,True
yaleB12/yaleB12_P00A+025E+00.pgm,12,35,10.31067,False
yaleB12/yaleB12_P00A-010E-20.pgm,12,12,7.6682024,True
yaleB12/yaleB12_P00A+010E-20.pgm,12,12,7.652521,True
yaleB12/yaleB12_P00A-020E-10.pgm,12,12,5.9710836,True
yaleB12/yaleB12_P00A-020E+10.pgm,12,12,7.6343956,True
yaleB12/yaleB12_P00A+020E-10.pgm,12,12,7.948333,True
yaleB12/yaleB12_P00A+020E+10.pgm,12,12,7.597059,True
yaleB12/yaleB12_P00A+000E-35.pgm,12,35,10.628678,False
yaleB12/yaleB12_P00A-015E+20.pgm,12,12,8.055417,True
yaleB12/yaleB12_P00A+015E+20.pgm,12,12,8.53805,True
yaleB12/yaleB12_P00A+000E+45.pgm,12,12,9.173798,True
yaleB12/yaleB12_P00A-035E+15.pgm,12,12,12.648151,True
yaleB12/yaleB12_P00A+035E+15.pgm,12,12,12.630207,True
yaleB12/yaleB12_P00A-050E+00.pgm,12,12,17.678648,True
yaleB12/yaleB12_P00A+050E+00.pgm,12,35,14.432606,False
yaleB12/yaleB12_P00A-035E-20.pgm,12,12,14.2321415,True
yaleB12/yaleB12_P00A+035E-20.pgm,12,35,12.191117,False
yaleB12/yaleB12_P00A-020E-40.pgm,12,35,12.901104,False
yaleB12/yaleB12_P00A+020E-40.pgm,12,35,11.522481,False
yaleB12/yaleB12_P00A-070E+00.pgm,12,4,21.724829,False
yaleB12/yaleB12_P00A+070E+00.pgm,12,35,20.217184,False
yaleB12/yaleB12_P00A-035E+40.pgm,12,12,13.488606,True
yaleB12/yaleB12_P00A+035E+40.pgm,12,35,15.822488,False
yaleB12/yaleB12_P00A-060E-20.pgm,12,4,19.327658,False
yaleB12/yaleB12_P00A-060E+20.pgm,12,8,20.373888,False
yaleB12/yaleB12_P00A+060E-20.pgm,12,35,15.376676,False
yaleB12/yaleB12_P00A+060E+20.pgm,12,35,17.791592,False
yaleB12/yaleB12_P00A+000E+90.pgm,12,35,17.950106,False
yaleB12/yaleB12_P00A-095E+00.pgm,12,31,24.570225,False
yaleB12/yaleB12_P00A-035E+65.pgm,12,35,15.377923,False
yaleB12/yaleB12_P00A+035E+65.pgm,12,35,14.603397,False
yaleB12/yaleB12_P00A-070E-35.pgm,12,35,19.95143,False
yaleB12/yaleB12_P00A+070E-35.pgm,12,35,17.307737,False
yaleB12/yaleB12_P00A-085E-20.pgm,12,35,21.795036,False
yaleB12/yaleB12_P00A-085E+20.pgm,12,31,22.959505,False
yaleB12/yaleB12_P00A+085E-20.pgm,12,35,18.839073,False
yaleB12/yaleB12_P00A+085E+20.pgm,12,35,20.553326,False
yaleB12/yaleB12_P00A-070E+45.pgm,12,38,20.26018,False
yaleB12/yaleB12_P00A+070E+45.pgm,12,35,19.057934,False
yaleB12/yaleB12_P00A-120E+00.pgm,12,35,24.32703,False
yaleB12/yaleB12_P00A+120E+00.pgm,12,35,22.404495,False
yaleB12/yaleB12_P00A+110E+15.pgm,12,35,22.215748,False
yaleB12/yaleB12_P00A+110E-20.pgm,12,35,21.538507,False
yaleB12/yaleB12_P00A-110E+40.pgm,12,35,19.05155,False
yaleB12/yaleB12_P00A+110E+40.pgm,12,35,18.163183,False
yaleB12/yaleB12_P00A-130E+20.pgm,12,35,19.068352,False
yaleB12/yaleB12_P00A+130E+20.pgm,12,35,18.450716,False
yaleB12/yaleB12_P00A-110E+65.pgm,12,35,17.452799,False
yaleB12/yaleB12_P00A+110E+65.pgm,12,35,17.245192,False
yaleB13/yaleB13_P00A+005E-10.pgm,13,13,9.9594145,True
yaleB13/yaleB13_P00A+005E+10.pgm,13,13,6.965903,True
yaleB13/yaleB13_P00A+000E-20.pgm,13,13,13.580217,True
yaleB13/yaleB13_P00A+000E+20.pgm,13,13,9.781032,True
yaleB13/yaleB13_P00A-025E+00.pgm,13,13,13.21294,True
yaleB13/yaleB13_P00A+025E+00.pgm,13,18,14.321936,False
yaleB13/yaleB13_P00A-010E-20.pgm,13,3,14.788012,False
yaleB13/yaleB13_P00A+010E-20.pgm,13,13,13.823567,True
yaleB13/yaleB13_P00A-020E-10.pgm,13,13,12.732338,True
yaleB13/yaleB13_P00A-020E+10.pgm,13,13,12.576941,True
yaleB13/yaleB13_P00A+020E-10.pgm,13,13,14.789683,True
yaleB13/yaleB13_P00A+020E+10.pgm,13,13,13.376268,True
yaleB13/yaleB13_P00A+000E-35.pgm,13,4,14.458866,False
yaleB13/yaleB13_P00A-015E+20.pgm,13,13,13.763284,True
yaleB13/yaleB13_P00A+015E+20.pgm,13,13,11.821549,True
yaleB13/yaleB13_P00A+000E+45.pgm,13,13,14.76741,True
yaleB13/yaleB13_P00A-035E+15.pgm,13,13,19.282536,True
yaleB13/yaleB13_P00A+035E+15.pgm,13,13,18.399126,True
yaleB13/yaleB13_P00A-050E+00.pgm,13,3,26.528357,False
yaleB13/yaleB13_P00A+050E+00.pgm,13,20,20.945517,False
yaleB13/yaleB13_P00A-035E-20.pgm,13,31,21.102446,False
yaleB13/yaleB13_P00A+035E-20.pgm,13,7,18.827272,False
yaleB13/yaleB13_P00A-020E-40.pgm,13,4,14.239718,False
yaleB13/yaleB13_P00A+020E-40.pgm,13,4,13.481705,False
yaleB13/yaleB13_P00A-070E+00.pgm,13,4,25.20346,False
yaleB13/yaleB13_P00A+070E+00.pgm,13,35,26.368446,False
yaleB13/yaleB13_P00A-035E+40.pgm,13,13,21.29425,True
yaleB13/yaleB13_P00A+035E+40.pgm,13,13,24.025732,True
yaleB13/yaleB13_P00A-060E-20.pgm,13,4,22.130188,False
yaleB13/yaleB13_P00A-060E+20.pgm,13,24,27.751017,False
yaleB13/yaleB13_P00A+060E-20.pgm,13,35,19.681183,False
yaleB13/yaleB13_P00A+060E+20.pgm,13,18,25.453756,False
yaleB13/yaleB13_P00A+000E+90.pgm,13,35,17.923998,False
yaleB13/yaleB13_P00A-095E+00.pgm,13,35,24.379345,False
yaleB13/yaleB13_P00A-035E+65.pgm,13,18,21.940807,False
yaleB13/yaleB13_P00A+035E+65.pgm,13,18,23.26675,False
yaleB13/yaleB13_P00A-070E-35.pgm,13,35,20.682795,False
yaleB13/yaleB13_P00A+070E-35.pgm,13,35,18.037169,False
yaleB13/yaleB13_P00A-085E-20.pgm,13,35,22.993166,False
yaleB13/yaleB13_P00A-085E+20.pgm,13,4,25.8008,False
yaleB13/yaleB13_P00A+085E-20.pgm,13,35,22.197603,False
yaleB13/yaleB13_P00A+085E+20.pgm,13,35,24.888958,False
yaleB13/yaleB13_P00A-070E+45.pgm,13,4,24.98176,False
yaleB13/yaleB13_P00A+070E+45.pgm,13,35,23.193714,False
yaleB13/yaleB13_P00A-120E+00.pgm,13,35,21.415554,False
yaleB13/yaleB13_P00A+120E+00.pgm,13,35,21.279297,False
yaleB13/yaleB13_P00A+110E+15.pgm,13,35,22.055681,False
yaleB13/yaleB13_P00A-110E-20.pgm,13,35,20.314095,False
yaleB13/yaleB13_P00A+110E-20.pgm,13,35,22.400229,False
yaleB13/yaleB13_P00A-110E+40.pgm,13,35,19.837385,False
yaleB13/yaleB13_P00A+110E+40.pgm,13,35,18.51296,False
yaleB13/yaleB13_P00A-130E+20.pgm,13,35,17.78821,False
yaleB13/yaleB13_P00A+130E+20.pgm,13,35,16.35804,False
yaleB13/yaleB13_P00A-110E+65.pgm,13,35,18.174284,False
yaleB13/yaleB13_P00A+110E+65.pgm,13,35,16.831139,False
yaleB15/yaleB15_P00A+005E-10.pgm,15,15,6.3774495,True
yaleB15/yaleB15_P00A+005E+10.pgm,15,15,5.929492,True
yaleB15/yaleB15_P00A+000E-20.pgm,15,15,7.356235,True
yaleB15/yaleB15_P00A+000E+20.pgm,15,15,8.8517065,True
yaleB15/yaleB15_P00A-025E+00.pgm,15,15,8.772437,True
yaleB15/yaleB15_P00A+025E+00.pgm,15,35,10.771339,False
yaleB15/yaleB15_P00A-010E-20.pgm,15,15,9.464016,True
yaleB15/yaleB15_P00A+010E-20.pgm,15,15,10.930814,True
yaleB15/yaleB15_P00A-020E-10.pgm,15,15,7.15493,True
yaleB15/yaleB15_P00A-020E+10.pgm,15,15,8.309522,True
yaleB15/yaleB15_P00A+020E-10.pgm,15,15,12.050257,True
yaleB15/yaleB15_P00A+020E+10.pgm,15,15,8.523876,True
yaleB15/yaleB15_P00A+000E-35.pgm,15,35,14.058504,False
yaleB15/yaleB15_P00A-015E+20.pgm,15,15,8.914946,True
yaleB15/yaleB15_P00A+015E+20.pgm,15,15,8.214029,True
yaleB15/yaleB15_P00A+000E+45.pgm,15,15,13.712071,True
yaleB15/yaleB15_P00A-035E+15.pgm,15,15,16.045515,True
yaleB15/yaleB15_P00A+035E+15.pgm,15,15,16.088678,True
yaleB15/yaleB15_P00A-050E+00.pgm,15,31,23.385353,False
yaleB15/yaleB15_P00A+050E+00.pgm,15,35,16.194319,False
yaleB15/yaleB15_P00A-035E-20.pgm,15,31,18.96603,False
yaleB15/yaleB15_P00A+035E-20.pgm,15,35,15.150608,False
yaleB15/yaleB15_P00A-020E-40.pgm,15,4,16.636768,False
yaleB15/yaleB15_P00A+020E-40.pgm,15,35,15.232686,False
yaleB15/yaleB15_P00A-070E+00.pgm,15,4,25.746326,False
yaleB15/yaleB15_P00A+070E+00.pgm,15,35,23.4648,False
yaleB15/yaleB15_P00A+035E+40.pgm,15,37,17.587103,False
yaleB15/yaleB15_P00A-060E-20.pgm,15,4,23.094582,False
yaleB15/yaleB15_P00A-060E+20.pgm,15,31,25.030981,False
yaleB15/yaleB15_P00A+060E-20.pgm,15,35,19.181112,False
yaleB15/yaleB15_P00A+060E+20.pgm,15,35,21.593983,False
yaleB15/yaleB15_P00A+000E+90.pgm,15,35,16.329771,False
yaleB15/yaleB15_P00A-050E-40.pgm,15,31,21.623514,False
yaleB15/yaleB15_P00A+050E-40.pgm,15,35,18.748056,False
yaleB15/yaleB15_P00A-095E+00.pgm,15,4,26.507843,False
yaleB15/yaleB15_P00A+095E+00.pgm,15,35,22.127699,False
yaleB15/yaleB15_P00A-035E+65.pgm,15,8,15.419237,False
yaleB15/yaleB15_P00A+035E+65.pgm,15,35,17.711515,False
yaleB15/yaleB15_P00A-070E-35.pgm,15,35,23.358685,False
yaleB15/yaleB15_P00A+070E-35.pgm,15,35,20.480484,False
yaleB15/yaleB15_P00A-085E-20.pgm,15,4,24.646961,False
yaleB15/yaleB15_P00A-085E+20.pgm,15,4,26.152357,False
yaleB15/yaleB15_P00A+085E-20.pgm,15,35,21.290081,False
yaleB15/yaleB15_P00A+085E+20.pgm,15,35,21.761133,False
yaleB15/yaleB15_P00A-070E+45.pgm,15,8,22.86882,False
yaleB15/yaleB15_P00A+070E+45.pgm,15,35,21.03789,False
yaleB15/yaleB15_P00A-120E+00.pgm,15,35,22.19321,False
yaleB15/yaleB15_P00A+120E+00.pgm,15,35,19.939037,False
yaleB15/yaleB15_P00A-110E+15.pgm,15,35,21.928272,False
yaleB15/yaleB15_P00A+110E+15.pgm,15,35,22.051641,False
yaleB15/yaleB15_P00A-110E-20.pgm,15,35,22.75085,False
yaleB15/yaleB15_P00A+110E-20.pgm,15,35,20.080173,False
yaleB15/yaleB15_P00A-110E+40.pgm,15,35,21.539986,False
yaleB15/yaleB15_P00A+110E+40.pgm,15,35,20.000183,False
yaleB15/yaleB15_P00A-130E+20.pgm,15,35,20.456245,False
yaleB15/yaleB15_P00A+130E+20.pgm,15,35,19.569078,False
yaleB15/yaleB15_P00A-110E+65.pgm,15,35,17.571745,False
yaleB15/yaleB15_P00A+110E+65.pgm,15,35,17.987364,False
yaleB16/yaleB16_P00A+005E+10.pgm,16,16,6.359713,True
yaleB16/yaleB16_P00A+000E-20.pgm,16,16,6.312111,True
yaleB16/yaleB16_P00A+000E+20.pgm,16,16,8.5774975,True
yaleB16/yaleB16_P00A-025E+00.pgm,16,16,13.121489,True
yaleB16/yaleB16_P00A+025E+00.pgm,16,7,9.665706,False
yaleB16/yaleB16_P00A-010E-20.pgm,16,16,8.919104,True
yaleB16/yaleB16_P00A+010E-20.pgm,16,16,6.938527,True
yaleB16/yaleB16_P00A-020E-10.pgm,16,16,8.222141,True
yaleB16/yaleB16_P00A-020E+10.pgm,16,16,12.499062,True
yaleB16/yaleB16_P00A+020E-10.pgm,16,16,10.127316,True
yaleB16/yaleB16_P00A+020E+10.pgm,16,16,10.3713255,True
yaleB16/yaleB16_P00A+000E-35.pgm,16,7,11.438421,False
yaleB16/yaleB16_P00A-015E+20.pgm,16,16,11.767138,True
yaleB16/yaleB16_P00A+015E+20.pgm,16,16,10.205847,True
yaleB16/yaleB16_P00A+000E+45.pgm,16,16,12.787365,True
yaleB16/yaleB16_P00A-035E+15.pgm,16,31,16.979418,False
yaleB16/yaleB16_P00A+035E+15.pgm,16,28,16.568253,False
yaleB16/yaleB16_P00A-050E+00.pgm,16,31,21.548315,False
yaleB16/yaleB16_P00A+050E+00.pgm,16,7,18.639854,False
yaleB16/yaleB16_P00A-035E-20.pgm,16,31,17.52178,False
yaleB16/yaleB16_P00A+035E-20.pgm,16,7,15.663628,False
yaleB16/yaleB16_P00A-020E-40.pgm,16,4,13.089084,False
yaleB16/yaleB16_P00A+020E-40.pgm,16,7,13.912828,False
yaleB16/yaleB16_P00A-070E+00.pgm,16,4,24.360834,False
yaleB16/yaleB16_P00A+070E+00.pgm,16,35,26.800993,False
yaleB16/yaleB16_P00A-035E+40.pgm,16,9,16.980532,False
yaleB16/yaleB16_P00A+035E+40.pgm,16,20,16.991852,False
yaleB16/yaleB16_P00A-060E-20.pgm,16,4,22.395674,False
yaleB16/yaleB16_P00A-060E+20.pgm,16,31,22.221737,False
yaleB16/yaleB16_P00A+060E-20.pgm,16,35,21.590776,False
yaleB16/yaleB16_P00A+060E+20.pgm,16,35,22.70077,False
yaleB16/yaleB16_P00A+000E+90.pgm,16,35,18.738503,False
yaleB16/yaleB16_P00A-050E-40.pgm,16,31,18.108767,False
yaleB16/yaleB16_P00A+050E-40.pgm,16,35,17.502998,False
yaleB16/yaleB16_P00A-095E+00.pgm,16,31,25.533562,False
yaleB16/yaleB16_P00A-035E+65.pgm,16,35,15.219935,False
yaleB16/yaleB16_P00A+035E+65.pgm,16,35,15.497011,False
yaleB16/yaleB16_P00A-070E-35.pgm,16,4,22.606693,False
yaleB16/yaleB16_P00A+070E-35.pgm,16,35,20.473034,False
yaleB16/yaleB16_P00A-085E-20.pgm,16,4,24.038074,False
yaleB16/yaleB16_P00A-085E+20.pgm,16,31,24.246506,False
yaleB16/yaleB16_P00A+085E-20.pgm,16,35,23.584272,False
yaleB16/yaleB16_P00A+085E+20.pgm,16,35,21.599796,False
yaleB16/yaleB16_P00A-070E+45.pgm,16,31,20.449533,False
yaleB16/yaleB16_P00A+070E+45.pgm,16,35,18.87411,False
yaleB16/yaleB16_P00A-120E+00.pgm,16,35,21.869114,False
yaleB16/yaleB16_P00A+120E+00.pgm,16,35,19.591808,False
yaleB16/yaleB16_P00A-110E+15.pgm,16,35,20.435732,False
yaleB16/yaleB16_P00A+110E+15.pgm,16,35,20.593834,False
yaleB16/yaleB16_P00A-110E-20.pgm,16,35,24.625835,False
yaleB16/yaleB16_P00A+110E-20.pgm,16,35,23.146284,False
yaleB16/yaleB16_P00A-110E+40.pgm,16,35,18.876915,False
yaleB16/yaleB16_P00A+110E+40.pgm,16,35,17.126177,False
yaleB16/yaleB16_P00A-130E+20.pgm,16,35,19.592352,False
yaleB16/yaleB16_P00A+130E+20.pgm,16,35,17.857492,False
yaleB16/yaleB16_P00A-110E+65.pgm,16,35,18.33006,False
yaleB16/yaleB16_P00A+110E+65.pgm,16,35,17.314234,False
yaleB17/yaleB17_P00A+005E+10.pgm,17,17,6.3751698,True
yaleB17/yaleB17_P00A+000E-20.pgm,17,17,6.3573675,True
yaleB17/yaleB17_P00A+000E+20.pgm,17,17,7.244829,True
yaleB17/yaleB17_P00A-025E+00.pgm,17,17,11.205991,True
yaleB17/yaleB17_P00A+025E+00.pgm,17,35,9.008725,False
yaleB17/yaleB17_P00A-010E-20.pgm,17,17,9.180394,True
yaleB17/yaleB17_P00A+010E-20.pgm,17,17,7.9378843,True
yaleB17/yaleB17_P00A-020E-10.pgm,17,17,7.806708,True
yaleB17/yaleB17_P00A-020E+10.pgm,17,17,11.255222,True
yaleB17/yaleB17_P00A+020E-10.pgm,17,17,10.113251,True
yaleB17/yaleB17_P00A+020E+10.pgm,17,17,9.503973,True
yaleB17/yaleB17_P00A+000E-35.pgm,17,35,11.242083,False
yaleB17/yaleB17_P00A-015E+20.pgm,17,17,11.006363,True
yaleB17/yaleB17_P00A+015E+20.pgm,17,17,8.776183,True
yaleB17/yaleB17_P00A+000E+45.pgm,17,17,11.577661,True
yaleB17/yaleB17_P00A-035E+15.pgm,17,24,16.99625,False
yaleB17/yaleB17_P00A+035E+15.pgm,17,17,15.343583,True
yaleB17/yaleB17_P00A-050E+00.pgm,17,4,20.260433,False
yaleB17/yaleB17_P00A+050E+00.pgm,17,35,16.008257,False
yaleB17/yaleB17_P00A-035E-20.pgm,17,4,16.07442,False
yaleB17/yaleB17_P00A+035E-20.pgm,17,35,14.588369,False
yaleB17/yaleB17_P00A-020E-40.pgm,17,35,14.152168,False
yaleB17/yaleB17_P00A+020E-40.pgm,17,35,12.723319,False
yaleB17/yaleB17_P00A-070E+00.pgm,17,4,22.874363,False
yaleB17/yaleB17_P00A+070E+00.pgm,17,35,25.081861,False
yaleB17/yaleB17_P00A-035E+40.pgm,17,17,16.513151,True
yaleB17/yaleB17_P00A+035E+40.pgm,17,20,16.567495,False
yaleB17/yaleB17_P00A-060E-20.pgm,17,4,20.45454,False
yaleB17/yaleB17_P00A-060E+20.pgm,17,4,21.882055,False
yaleB17/yaleB17_P00A+060E-20.pgm,17,35,18.40372,False
yaleB17/yaleB17_P00A+060E+20.pgm,17,35,21.482018,False
yaleB17/yaleB17_P00A+000E+90.pgm,17,35,18.499119,False
yaleB17/yaleB17_P00A-050E-40.pgm,17,31,18.72916,False
yaleB17/yaleB17_P00A+050E-40.pgm,17,35,16.790915,False
yaleB17/yaleB17_P00A-095E+00.pgm,17,35,24.538189,False
yaleB17/yaleB17_P00A+095E+00.pgm,17,35,23.402695,False
yaleB17/yaleB17_P00A-035E+65.pgm,17,35,15.81907,False
yaleB17/yaleB17_P00A+035E+65.pgm,17,35,14.419604,False
yaleB17/yaleB17_P00A-070E-35.pgm,17,35,20.894825,False
yaleB17/yaleB17_P00A+070E-35.pgm,17,35,18.865059,False
yaleB17/yaleB17_P00A-085E-20.pgm,17,35,22.280237,False
yaleB17/yaleB17_P00A-085E+20.pgm,17,4,24.422293,False
yaleB17/yaleB17_P00A+085E-20.pgm,17,35,21.526505,False
yaleB17/yaleB17_P00A+085E+20.pgm,17,35,22.507355,False
yaleB17/yaleB17_P00A-070E+45.pgm,17,38,21.915705,False
yaleB17/yaleB17_P00A+070E+45.pgm,17,35,19.041708,False
yaleB17/yaleB17_P00A-120E+00.pgm,17,35,21.757942,False
yaleB17/yaleB17_P00A+120E+00.pgm,17,35,20.886148,False
yaleB17/yaleB17_P00A-110E+15.pgm,17,35,20.055769,False
yaleB17/yaleB17_P00A+110E+15.pgm,17,35,21.410175,False
yaleB17/yaleB17_P00A-110E-20.pgm,17,35,21.87363,False
yaleB17/yaleB17_P00A+110E-20.pgm,17,35,21.766834,False
yaleB17/yaleB17_P00A-110E+40.pgm,17,35,19.341349,False
yaleB17/yaleB17_P00A+110E+40.pgm,17,35,17.336569,False
yaleB17/yaleB17_P00A-130E+20.pgm,17,35,19.382872,False
yaleB17/yaleB17_P00A+130E+20.pgm,17,35,17.562706,False
yaleB17/yaleB17_P00A-110E+65.pgm,17,35,17.82593,False
yaleB17/yaleB17_P00A+110E+65.pgm,17,35,17.215687,False
yaleB18/yaleB18_P00A+005E+10.pgm,18,18,4.1959414,True
yaleB18/yaleB18_P00A+000E-20.pgm,18,18,4.4801965,True
yaleB18/yaleB18_P00A+000E+20.pgm,18,18,6.4832196,True
yaleB18/yaleB18_P00A-025E+00.pgm,18,18,9.108782,True
yaleB18/yaleB18_P00A+025E+00.pgm,18,35,9.282317,False
yaleB18/yaleB18_P00A-010E-20.pgm,18,18,6.304317,True
yaleB18/yaleB18_P00A+010E-20.pgm,18,18,4.842808,True
yaleB18/yaleB18_P00A-020E-10.pgm,18,18,5.442423,True
yaleB18/yaleB18_P00A-020E+10.pgm,18,18,9.367615,True
yaleB18/yaleB18_P00A+020E-10.pgm,18,18,7.2761307,True
yaleB18/yaleB18_P00A+020E+10.pgm,18,18,6.884076,True
yaleB18/yaleB18_P00A+000E-35.pgm,18,35,10.748886,False
yaleB18/yaleB18_P00A-015E+20.pgm,18,18,9.559242,True
yaleB18/yaleB18_P00A+015E+20.pgm,18,18,7.0035,True
yaleB18/yaleB18_P00A+000E+45.pgm,18,18,10.94771,True
yaleB18/yaleB18_P00A-035E+15.pgm,18,38,15.021638,False
yaleB18/yaleB18_P00A+035E+15.pgm,18,18,13.387572,True
yaleB18/yaleB18_P00A-050E+00.pgm,18,4,18.641125,False
yaleB18/yaleB18_P00A+050E+00.pgm,18,35,15.242845,False
yaleB18/yaleB18_P00A-035E-20.pgm,18,4,14.630274,False
yaleB18/yaleB18_P00A+035E-20.pgm,18,35,13.077161,False
yaleB18/yaleB18_P00A-020E-40.pgm,18,31,12.054092,False
yaleB18/yaleB18_P00A+020E-40.pgm,18,35,12.365359,False
yaleB18/yaleB18_P00A-070E+00.pgm,18,4,21.324009,False
yaleB18/yaleB18_P00A+070E+00.pgm,18,35,22.645832,False
yaleB18/yaleB18_P00A-035E+40.pgm,18,18,14.614354,True
yaleB18/yaleB18_P00A+035E+40.pgm,18,35,16.69588,False
yaleB18/yaleB18_P00A-060E-20.pgm,18,4,19.069237,False
yaleB18/yaleB18_P00A-060E+20.pgm,18,38,20.53437,False
yaleB18/yaleB18_P00A+060E-20.pgm,18,35,17.728498,False
yaleB18/yaleB18_P00A+060E+20.pgm,18,35,19.538948,False
yaleB18/yaleB18_P00A+000E+90.pgm,18,35,17.96078,False
yaleB18/yaleB18_P00A-050E-40.pgm,18,31,17.077929,False
yaleB18/yaleB18_P00A+050E-40.pgm,18,35,16.65857,False
yaleB18/yaleB18_P00A-095E+00.pgm,18,35,23.38207,False
yaleB18/yaleB18_P00A+095E+00.pgm,18,35,22.340664,False
yaleB18/yaleB18_P00A-035E+65.pgm,18,38,16.005209,False
yaleB18/yaleB18_P00A+035E+65.pgm,18,35,16.552063,False
yaleB18/yaleB18_P00A-070E-35.pgm,18,31,19.813429,False
yaleB18/yaleB18_P00A+070E-35.pgm,18,35,19.08461,False
yaleB18/yaleB18_P00A-085E-20.pgm,18,35,20.948757,False
yaleB18/yaleB18_P00A-085E+20.pgm,18,32,22.806726,False
yaleB18/yaleB18_P00A+085E-20.pgm,18,35,20.716906,False
yaleB18/yaleB18_P00A+085E+20.pgm,18,35,21.692299,False
yaleB18/yaleB18_P00A-070E+45.pgm,18,38,20.3209,False
yaleB18/yaleB18_P00A+070E+45.pgm,18,35,20.170092,False
yaleB18/yaleB18_P00A-120E+00.pgm,18,35,21.74325,False
yaleB18/yaleB18_P00A+120E+00.pgm,18,35,20.247793,False
yaleB18/yaleB18_P00A-110E+15.pgm,18,35,19.749247,False
yaleB18/yaleB18_P00A+110E+15.pgm,18,35,21.634146,False
yaleB18/yaleB18_P00A-110E-20.pgm,18,35,21.740892,False
yaleB18/yaleB18_P00A+110E-20.pgm,18,35,20.596098,False
yaleB18/yaleB18_P00A-110E+40.pgm,18,35,19.729073,False
yaleB18/yaleB18_P00A+110E+40.pgm,18,35,18.431992,False
yaleB18/yaleB18_P00A-130E+20.pgm,18,35,19.146734,False
yaleB18/yaleB18_P00A+130E+20.pgm,18,35,17.169237,False
yaleB18/yaleB18_P00A-110E+65.pgm,18,35,17.794306,False
yaleB18/yaleB18_P00A+110E+65.pgm,18,35,17.464626,False
yaleB19/yaleB19_P00A+005E-10.pgm,19,19,5.777095,True
yaleB19/yaleB19_P00A+005E+10.pgm,19,19,5.4589787,True
yaleB19/yaleB19_P00A+000E-20.pgm,19,19,6.723335,True
yaleB19/yaleB19_P00A+000E+20.pgm,19,19,7.19007,True
yaleB19/yaleB19_P00A-025E+00.pgm,19,19,8.478593,True
yaleB19/yaleB19_P00A+025E+00.pgm,19,35,7.8090873,False
yaleB19/yaleB19_P00A-010E-20.pgm,19,19,8.552341,True
yaleB19/yaleB19_P00A+010E-20.pgm,19,19,10.0270815,True
yaleB19/yaleB19_P00A-020E-10.pgm,19,19,6.8022113,True
yaleB19/yaleB19_P00A-020E+10.pgm,19,19,8.00438,True
yaleB19/yaleB19_P00A+020E-10.pgm,19,35,9.667746,False
yaleB19/yaleB19_P00A+020E+10.pgm,19,19,7.408311,True
yaleB19/yaleB19_P00A+000E-35.pgm,19,35,12.028664,False
yaleB19/yaleB19_P00A-015E+20.pgm,19,19,8.483617,True
yaleB19/yaleB19_P00A+015E+20.pgm,19,19,7.79657,True
yaleB19/yaleB19_P00A+000E+45.pgm,19,19,12.714496,True
yaleB19/yaleB19_P00A-035E+15.pgm,19,19,14.09991,True
yaleB19/yaleB19_P00A+035E+15.pgm,19,19,13.879731,True
yaleB19/yaleB19_P00A-050E+00.pgm,19,19,19.292665,True
yaleB19/yaleB19_P00A+050E+00.pgm,19,35,14.66527,False
yaleB19/yaleB19_P00A-035E-20.pgm,19,19,15.853705,True
yaleB19/yaleB19_P00A+035E-20.pgm,19,35,13.339976,False
yaleB19/yaleB19_P00A-020E-40.pgm,19,35,14.932984,False
yaleB19/yaleB19_P00A+020E-40.pgm,19,35,13.803224,False
yaleB19/yaleB19_P00A-070E+00.pgm,19,4,22.450771,False
yaleB19/yaleB19_P00A+070E+00.pgm,19,35,21.788576,False
yaleB19/yaleB19_P00A-035E+40.pgm,19,8,15.731181,False
yaleB19/yaleB19_P00A+035E+40.pgm,19,9,15.455306,False
yaleB19/yaleB19_P00A-060E-20.pgm,19,4,20.163397,False
yaleB19/yaleB19_P00A-060E+20.pgm,19,31,21.710787,False
yaleB19/yaleB19_P00A+060E-20.pgm,19,35,16.979494,False
yaleB19/yaleB19_P00A+060E+20.pgm,19,35,19.015245,False
yaleB19/yaleB19_P00A+000E+90.pgm,19,35,16.163614,False
yaleB19/yaleB19_P00A-050E-40.pgm,19,31,19.501526,False
yaleB19/yaleB19_P00A+050E-40.pgm,19,35,16.81923,False
yaleB19/yaleB19_P00A-095E+00.pgm,19,31,24.356274,False
yaleB19/yaleB19_P00A+095E+00.pgm,19,35,21.815523,False
yaleB19/yaleB19_P00A-035E+65.pgm,19,8,15.704211,False
yaleB19/yaleB19_P00A+035E+65.pgm,19,9,15.93399,False
yaleB19/yaleB19_P00A-070E-35.pgm,19,35,20.210238,False
yaleB19/yaleB19_P00A+070E-35.pgm,19,35,18.659952,False
yaleB19/yaleB19_P00A-085E-20.pgm,19,35,21.571674,False
yaleB19/yaleB19_P00A-085E+20.pgm,19,4,24.39837,False
yaleB19/yaleB19_P00A+085E-20.pgm,19,35,20.309175,False
yaleB19/yaleB19_P00A+085E+20.pgm,19,35,20.973076,False
yaleB19/yaleB19_P00A-070E+45.pgm,19,31,21.77659,False
yaleB19/yaleB19_P00A+070E+45.pgm,19,35,19.004915,False
yaleB19/yaleB19_P00A-120E+00.pgm,19,35,21.930994,False
yaleB19/yaleB19_P00A+120E+00.pgm,19,35,20.199068,False
yaleB19/yaleB19_P00A-110E+15.pgm,19,35,21.425873,False
yaleB19/yaleB19_P00A+110E+15.pgm,19,35,21.831339,False
yaleB19/yaleB19_P00A-110E-20.pgm,19,35,21.489044,False
yaleB19/yaleB19_P00A+110E-20.pgm,19,35,20.096575,False
yaleB19/yaleB19_P00A-110E+40.pgm,19,35,20.847466,False
yaleB19/yaleB19_P00A+110E+40.pgm,19,35,18.01123,False
yaleB19/yaleB19_P00A-130E+20.pgm,19,35,20.813957,False
yaleB19/yaleB19_P00A+130E+20.pgm,19,35,17.946827,False
yaleB19/yaleB19_P00A-110E+65.pgm,19,35,16.68978,False
yaleB19/yaleB19_P00A+110E+65.pgm,19,35,16.301435,False
yaleB20/yaleB20_P00A+005E-10.pgm,20,20,4.453709,True
yaleB20/yaleB20_P00A+005E+10.pgm,20,20,4.520961,True
yaleB20/yaleB20_P00A+000E-20.pgm,20,20,4.115602,True
yaleB20/yaleB20_P00A+000E+20.pgm,20,20,6.3269806,True
yaleB20/yaleB20_P00A-025E+00.pgm,20,20,6.573527,True
yaleB20/yaleB20_P00A+025E+00.pgm,20,35,7.5490746,False
yaleB20/yaleB20_P00A-010E-20.pgm,20,20,5.0773664,True
yaleB20/yaleB20_P00A+010E-20.pgm,20,20,7.296028,True
yaleB20/yaleB20_P00A-020E-10.pgm,20,20,4.2364826,True
yaleB20/yaleB20_P00A-020E+10.pgm,20,20,5.89395,True
yaleB20/yaleB20_P00A+020E-10.pgm,20,35,7.452286,False
yaleB20/yaleB20_P00A+020E+10.pgm,20,20,6.212269,True
yaleB20/yaleB20_P00A+000E-35.pgm,20,35,8.194279,False
yaleB20/yaleB20_P00A-015E+20.pgm,20,20,6.2667255,True
yaleB20/yaleB20_P00A+015E+20.pgm,20,20,6.7017226,True
yaleB20/yaleB20_P00A+000E+45.pgm,20,20,9.573633,True
yaleB20/yaleB20_P00A-035E+15.pgm,20,8,13.099584,False
yaleB20/yaleB20_P00A+035E+15.pgm,20,20,13.101705,True
yaleB20/yaleB20_P00A-050E+00.pgm,20,4,16.157888,False
yaleB20/yaleB20_P00A+050E+00.pgm,20,35,13.855666,False
yaleB20/yaleB20_P00A-035E-20.pgm,20,4,12.454907,False
yaleB20/yaleB20_P00A+035E-20.pgm,20,35,10.699477,False
yaleB20/yaleB20_P00A-020E-40.pgm,20,35,10.466827,False
yaleB20/yaleB20_P00A+020E-40.pgm,20,35,10.407672,False
yaleB20/yaleB20_P00A-070E+00.pgm,20,4,21.54979,False
yaleB20/yaleB20_P00A+070E+00.pgm,20,35,20.393738,False
yaleB20/yaleB20_P00A-035E+40.pgm,20,20,13.512,True
yaleB20/yaleB20_P00A+035E+40.pgm,20,35,13.991976,False
yaleB20/yaleB20_P00A-060E-20.pgm,20,4,19.035707,False
yaleB20/yaleB20_P00A-060E+20.pgm,20,4,19.673054,False
yaleB20/yaleB20_P00A+060E-20.pgm,20,35,15.764746,False
yaleB20/yaleB20_P00A+060E+20.pgm,20,35,17.55321,False
yaleB20/yaleB20_P00A+000E+90.pgm,20,35,19.825752,False
yaleB20/yaleB20_P00A-050E-40.pgm,20,35,15.263934,False
yaleB20/yaleB20_P00A+050E-40.pgm,20,35,14.858311,False
yaleB20/yaleB20_P00A-095E+00.pgm,20,35,21.9223,False
yaleB20/yaleB20_P00A+095E+00.pgm,20,35,21.141048,False
yaleB20/yaleB20_P00A-035E+65.pgm,20,35,15.1451435,False
yaleB20/yaleB20_P00A+035E+65.pgm,20,35,13.882688,False
yaleB20/yaleB20_P00A-070E-35.pgm,20,35,19.077963,False
yaleB20/yaleB20_P00A+070E-35.pgm,20,35,17.725176,False
yaleB20/yaleB20_P00A-085E-20.pgm,20,35,20.342983,False
yaleB20/yaleB20_P00A-085E+20.pgm,20,35,21.543571,False
yaleB20/yaleB20_P00A+085E-20.pgm,20,35,19.439342,False
yaleB20/yaleB20_P00A+085E+20.pgm,20,35,19.637083,False
yaleB20/yaleB20_P00A-070E+45.pgm,20,35,18.060804,False
yaleB20/yaleB20_P00A+070E+45.pgm,20,35,17.350073,False
yaleB20/yaleB20_P00A-120E+00.pgm,20,35,21.16349,False
yaleB20/yaleB20_P00A+120E+00.pgm,20,35,19.80912,False
yaleB20/yaleB20_P00A-110E+15.pgm,20,35,19.775343,False
yaleB20/yaleB20_P00A+110E+15.pgm,20,35,19.538782,False
yaleB20/yaleB20_P00A-110E-20.pgm,20,35,21.231161,False
yaleB20/yaleB20_P00A+110E-20.pgm,20,35,20.125652,False
yaleB20/yaleB20_P00A-110E+40.pgm,20,35,18.50914,False
yaleB20/yaleB20_P00A+110E+40.pgm,20,35,17.956184,False
yaleB20/yaleB20_P00A-130E+20.pgm,20,35,20.062653,False
yaleB20/yaleB20_P00A+130E+20.pgm,20,35,18.444437,False
yaleB20/yaleB20_P00A-110E+65.pgm,20,35,19.377151,False
yaleB20/yaleB20_P00A+110E+65.pgm,20,35,19.111074,False
yaleB21/yaleB21_P00A+005E-10.pgm,21,21,6.637458,True
yaleB21/yaleB21_P00A+005E+10.pgm,21,21,6.5092287,True
yaleB21/yaleB21_P00A+000E-20.pgm,21,21,7.2287602,True
yaleB21/yaleB21_P00A+000E+20.pgm,21,21,8.706878,True
yaleB21/yaleB21_P00A-025E+00.pgm,21,21,8.08014,True
yaleB21/yaleB21_P00A+025E+00.pgm,21,35,11.922516,False
yaleB21/yaleB21_P00A-010E-20.pgm,21,21,8.033502,True
yaleB21/yaleB21_P00A+010E-20.pgm,21,21,10.118764,True
yaleB21/yaleB21_P00A-020E-10.pgm,21,21,6.7512703,True
yaleB21/yaleB21_P00A-020E+10.pgm,21,21,7.338518,True
yaleB21/yaleB21_P00A+020E-10.pgm,21,7,10.872032,False
yaleB21/yaleB21_P00A+020E+10.pgm,21,21,8.9531145,True
yaleB21/yaleB21_P00A+000E-35.pgm,21,4,12.420776,False
yaleB21/yaleB21_P00A-015E+20.pgm,21,21,8.662176,True
yaleB21/yaleB21_P00A+015E+20.pgm,21,21,9.15036,True
yaleB21/yaleB21_P00A+000E+45.pgm,21,21,12.561267,True
yaleB21/yaleB21_P00A-035E+15.pgm,21,21,15.931475,True
yaleB21/yaleB21_P00A+035E+15.pgm,21,21,15.834099,True
yaleB21/yaleB21_P00A-050E+00.pgm,21,31,20.2642,False
yaleB21/yaleB21_P00A+050E+00.pgm,21,35,17.309668,False
yaleB21/yaleB21_P00A-035E-20.pgm,21,31,15.567352,False
yaleB21/yaleB21_P00A+035E-20.pgm,21,35,16.198463,False
yaleB21/yaleB21_P00A-020E-40.pgm,21,4,13.562148,False
yaleB21/yaleB21_P00A+020E-40.pgm,21,35,14.437718,False
yaleB21/yaleB21_P00A-070E+00.pgm,21,4,22.881733,False
yaleB21/yaleB21_P00A+070E+00.pgm,21,35,23.355394,False
yaleB21/yaleB21_P00A-035E+40.pgm,21,21,17.26019,True
yaleB21/yaleB21_P00A+035E+40.pgm,21,9,18.456337,False
yaleB21/yaleB21_P00A-060E-20.pgm,21,4,20.595783,False
yaleB21/yaleB21_P00A-060E+20.pgm,21,31,22.050018,False
yaleB21/yaleB21_P00A+060E-20.pgm,21,35,19.297943,False
yaleB21/yaleB21_P00A+060E+20.pgm,21,35,21.257502,False
yaleB21/yaleB21_P00A+000E+90.pgm,21,35,19.233423,False
yaleB21/yaleB21_P00A-050E-40.pgm,21,4,18.095572,False
yaleB21/yaleB21_P00A+050E-40.pgm,21,35,17.642733,False
yaleB21/yaleB21_P00A-095E+00.pgm,21,31,25.220451,False
yaleB21/yaleB21_P00A+095E+00.pgm,21,35,22.26024,False
yaleB21/yaleB21_P00A-035E+65.pgm,21,35,16.20834,False
yaleB21/yaleB21_P00A+035E+65.pgm,21,35,15.675514,False
yaleB21/yaleB21_P00A-070E-35.pgm,21,4,21.864798,False
yaleB21/yaleB21_P00A+070E-35.pgm,21,35,20.114548,False
yaleB21/yaleB21_P00A-085E-20.pgm,21,31,22.948969,False
yaleB21/yaleB21_P00A-085E+20.pgm,21,4,24.527514,False
yaleB21/yaleB21_P00A+085E-20.pgm,21,35,21.410429,False
yaleB21/yaleB21_P00A+085E+20.pgm,21,35,21.385023,False
yaleB21/yaleB21_P00A-070E+45.pgm,21,31,21.8807,False
yaleB21/yaleB21_P00A+070E+45.pgm,21,35,20.521646,False
yaleB21/yaleB21_P00A-120E+00.pgm,21,35,22.448627,False
yaleB21/yaleB21_P00A+120E+00.pgm,21,35,19.20333,False
yaleB21/yaleB21_P00A-110E+15.pgm,21,35,22.00852,False
yaleB21/yaleB21_P00A+110E+15.pgm,21,35,20.310444,False
yaleB21/yaleB21_P00A-110E-20.pgm,21,35,22.553791,False
yaleB21/yaleB21_P00A+110E-20.pgm,21,35,20.041958,False
yaleB21/yaleB21_P00A-110E+40.pgm,21,35,19.809164,False
yaleB21/yaleB21_P00A+110E+40.pgm,21,35,17.59973,False
yaleB21/yaleB21_P00A-130E+20.pgm,21,35,20.006716,False
yaleB21/yaleB21_P00A+130E+20.pgm,21,35,17.492346,False
yaleB21/yaleB21_P00A-110E+65.pgm,21,35,17.92204,False
yaleB21/yaleB21_P00A+110E+65.pgm,21,35,18.348284,False
yaleB22/yaleB22_P00A+005E-10.pgm,22,22,4.998898,True
yaleB22/yaleB22_P00A+005E+10.pgm,22,22,5.6710515,True
yaleB22/yaleB22_P00A+000E-20.pgm,22,22,5.0214443,True
yaleB22/yaleB22_P00A+000E+20.pgm,22,22,6.305002,True
yaleB22/yaleB22_P00A-025E+00.pgm,22,22,6.74383,True
yaleB22/yaleB22_P00A+025E+00.pgm,22,22,11.753548,True
yaleB22/yaleB22_P00A-010E-20.pgm,22,22,5.879063,True
yaleB22/yaleB22_P00A+010E-20.pgm,22,22,8.177085,True
yaleB22/yaleB22_P00A-020E-10.pgm,22,22,4.8716373,True
yaleB22/yaleB22_P00A-020E+10.pgm,22,22,6.3532705,True
yaleB22/yaleB22_P00A+020E-10.pgm,22,22,7.4956694,True
yaleB22/yaleB22_P00A+020E+10.pgm,22,22,8.403494,True
yaleB22/yaleB22_P00A+000E-35.pgm,22,22,11.869997,True
yaleB22/yaleB22_P00A-015E+20.pgm,22,22,7.303225,True
yaleB22/yaleB22_P00A+015E+20.pgm,22,22,9.538992,True
yaleB22/yaleB22_P00A+000E+45.pgm,22,22,8.954175,True
yaleB22/yaleB22_P00A-035E+15.pgm,22,22,12.213489,True
yaleB22/yaleB22_P00A+035E+15.pgm,22,22,12.367234,True
yaleB22/yaleB22_P00A-050E+00.pgm,22,22,16.235855,True
yaleB22/yaleB22_P00A+050E+00.pgm,22,35,15.539732,False
yaleB22/yaleB22_P00A-035E-20.pgm,22,22,13.018035,True
yaleB22/yaleB22_P00A+035E-20.pgm,22,35,13.577804,False
yaleB22/yaleB22_P00A-020E-40.pgm,22,31,13.93188,False
yaleB22/yaleB22_P00A+020E-40.pgm,22,35,13.577323,False
yaleB22/yaleB22_P00A-070E+00.pgm,22,31,21.50233,False
yaleB22/yaleB22_P00A+070E+00.pgm,22,35,19.552557,False
yaleB22/yaleB22_P00A-035E+40.pgm,22,22,11.867329,True
yaleB22/yaleB22_P00A+035E+40.pgm,22,22,15.455174,True
yaleB22/yaleB22_P00A-060E-20.pgm,22,31,18.409628,False
yaleB22/yaleB22_P00A-060E+20.pgm,22,38,19.282455,False
yaleB22/yaleB22_P00A+060E-20.pgm,22,35,16.214386,False
yaleB22/yaleB22_P00A+060E+20.pgm,22,35,18.830708,False
yaleB22/yaleB22_P00A+000E+90.pgm,22,35,17.753084,False
yaleB22/yaleB22_P00A-050E-40.pgm,22,31,16.622602,False
yaleB22/yaleB22_P00A+050E-40.pgm,22,35,16.260439,False
yaleB22/yaleB22_P00A-095E+00.pgm,22,31,23.69524,False
yaleB22/yaleB22_P00A+095E+00.pgm,22,35,20.726995,False
yaleB22/yaleB22_P00A-035E+65.pgm,22,35,14.915976,False
yaleB22/yaleB22_P00A+035E+65.pgm,22,35,14.313059,False
yaleB22/yaleB22_P00A-070E-35.pgm,22,35,19.164482,False
yaleB22/yaleB22_P00A+070E-35.pgm,22,35,18.707676,False
yaleB22/yaleB22_P00A-085E-20.pgm,22,35,20.516401,False
yaleB22/yaleB22_P00A-085E+20.pgm,22,38,22.209904,False
yaleB22/yaleB22_P00A+085E-20.pgm,22,35,20.072464,False
yaleB22/yaleB22_P00A+085E+20.pgm,22,35,20.806704,False
yaleB22/yaleB22_P00A-070E+45.pgm,22,35,17.01848,False
yaleB22/yaleB22_P00A+070E+45.pgm,22,35,18.4257,False
yaleB22/yaleB22_P00A-120E+00.pgm,22,35,24.200191,False
yaleB22/yaleB22_P00A+120E+00.pgm,22,35,19.088165,False
yaleB22/yaleB22_P00A-110E+15.pgm,22,35,20.766537,False
yaleB22/yaleB22_P00A+110E+15.pgm,22,35,19.006771,False
yaleB22/yaleB22_P00A-110E-20.pgm,22,35,24.70278,False
yaleB22/yaleB22_P00A+110E-20.pgm,22,35,23.45738,False
yaleB22/yaleB22_P00A-110E+40.pgm,22,35,18.046228,False
yaleB22/yaleB22_P00A+110E+40.pgm,22,35,17.310173,False
yaleB22/yaleB22_P00A-130E+20.pgm,22,35,20.040596,False
yaleB22/yaleB22_P00A+130E+20.pgm,22,35,18.087269,False
yaleB22/yaleB22_P00A-110E+65.pgm,22,35,17.874556,False
yaleB22/yaleB22_P00A+110E+65.pgm,22,35,17.517424,False
yaleB23/yaleB23_P00A+005E-10.pgm,23,23,6.795025,True
yaleB23/yaleB23_P00A+005E+10.pgm,23,23,8.177574,True
yaleB23/yaleB23_P00A+000E-20.pgm,23,23,7.649738,True
yaleB23/yaleB23_P00A+000E+20.pgm,23,23,7.6850233,True
yaleB23/yaleB23_P00A-025E+00.pgm,23,23,9.974085,True
yaleB23/yaleB23_P00A+025E+00.pgm,23,35,8.506497,False
yaleB23/yaleB23_P00A-010E-20.pgm,23,23,9.339359,True
yaleB23/yaleB23_P00A+010E-20.pgm,23,23,9.181816,True
yaleB23/yaleB23_P00A-020E-10.pgm,23,23,7.7100906,True
yaleB23/yaleB23_P00A-020E+10.pgm,23,23,8.084952,True
yaleB23/yaleB23_P00A+020E-10.pgm,23,20,8.937186,False
yaleB23/yaleB23_P00A+020E+10.pgm,23,20,9.919979,False
yaleB23/yaleB23_P00A+000E-35.pgm,23,7,10.389258,False
yaleB23/yaleB23_P00A-015E+20.pgm,23,23,8.398179,True
yaleB23/yaleB23_P00A+015E+20.pgm,23,23,10.169525,True
yaleB23/yaleB23_P00A+000E+45.pgm,23,23,10.108104,True
yaleB23/yaleB23_P00A-035E+15.pgm,23,23,16.474924,True
yaleB23/yaleB23_P00A+035E+15.pgm,23,20,15.676561,False
yaleB23/yaleB23_P00A-050E+00.pgm,23,31,20.786983,False
yaleB23/yaleB23_P00A+050E+00.pgm,23,35,16.494957,False
yaleB23/yaleB23_P00A-035E-20.pgm,23,31,16.195124,False
yaleB23/yaleB23_P00A+035E-20.pgm,23,20,14.247455,False
yaleB23/yaleB23_P00A-020E-40.pgm,23,4,11.847909,False
yaleB23/yaleB23_P00A+020E-40.pgm,23,35,11.445462,False
yaleB23/yaleB23_P00A-070E+00.pgm,23,4,22.84527,False
yaleB23/yaleB23_P00A+070E+00.pgm,23,35,23.981972,False
yaleB23/yaleB23_P00A-035E+40.pgm,23,8,15.569756,False
yaleB23/yaleB23_P00A+035E+40.pgm,23,35,15.355393,False
yaleB23/yaleB23_P00A-060E-20.pgm,23,4,20.895437,False
yaleB23/yaleB23_P00A-060E+20.pgm,23,4,22.06907,False
yaleB23/yaleB23_P00A+060E-20.pgm,23,35,17.594927,False
yaleB23/yaleB23_P00A+060E+20.pgm,23,35,19.78166,False
yaleB23/yaleB23_P00A+000E+90.pgm,23,35,17.0392,False
yaleB23/yaleB23_P00A-050E-40.pgm,23,31,18.128626,False
yaleB23/yaleB23_P00A+050E-40.pgm,23,35,13.52272,False
yaleB23/yaleB23_P00A-095E+00.pgm,23,35,23.53157,False
yaleB23/yaleB23_P00A+095E+00.pgm,23,35,22.490873,False
yaleB23/yaleB23_P00A-035E+65.pgm,23,35,14.88125,False
yaleB23/yaleB23_P00A+035E+65.pgm,23,35,12.204391,False
yaleB23/yaleB23_P00A-070E-35.pgm,23,4,21.308905,False
yaleB23/yaleB23_P00A+070E-35.pgm,23,35,17.633276,False
yaleB23/yaleB23_P00A-085E-20.pgm,23,35,22.248407,False
yaleB23/yaleB23_P00A-085E+20.pgm,23,31,22.989878,False
yaleB23/yaleB23_P00A+085E-20.pgm,23,35,20.491117,False
yaleB23/yaleB23_P00A+085E+20.pgm,23,35,19.990967,False
yaleB23/yaleB23_P00A-070E+45.pgm,23,35,20.430931,False
yaleB23/yaleB23_P00A+070E+45.pgm,23,35,16.812798,False
yaleB23/yaleB23_P00A-120E+00.pgm,23,35,21.086327,False
yaleB23/yaleB23_P00A+120E+00.pgm,23,35,20.796625,False
yaleB23/yaleB23_P00A-110E+15.pgm,23,35,19.892355,False
yaleB23/yaleB23_P00A+110E+15.pgm,23,35,21.097832,False
yaleB23/yaleB23_P00A-110E-20.pgm,23,35,22.157299,False
yaleB23/yaleB23_P00A+110E-20.pgm,23,35,22.88101,False
yaleB23/yaleB23_P00A-110E+40.pgm,23,35,18.322166,False
yaleB23/yaleB23_P00A+110E+40.pgm,23,35,15.858579,False
yaleB23/yaleB23_P00A-130E+20.pgm,23,35,19.219296,False
yaleB23/yaleB23_P00A+130E+20.pgm,23,35,17.600254,False
yaleB23/yaleB23_P00A-110E+65.pgm,23,35,17.93784,False
yaleB23/yaleB23_P00A+110E+65.pgm,23,35,16.6498,False
yaleB24/yaleB24_P00A+005E-10.pgm,24,24,4.7457676,True
yaleB24/yaleB24_P00A+005E+10.pgm,24,24,5.339538,True
yaleB24/yaleB24_P00A+000E-20.pgm,24,24,5.2427087,True
yaleB24/yaleB24_P00A+000E+20.pgm,24,24,6.4868746,True
yaleB24/yaleB24_P00A-025E+00.pgm,24,24,7.1579194,True
yaleB24/yaleB24_P00A+025E+00.pgm,24,35,10.045158,False
yaleB24/yaleB24_P00A-010E-20.pgm,24,24,6.290066,True
yaleB24/yaleB24_P00A+010E-20.pgm,24,24,8.2810335,True
yaleB24/yaleB24_P00A-020E-10.pgm,24,24,4.9183583,True
yaleB24/yaleB24_P00A-020E+10.pgm,24,24,5.856687,True
yaleB24/yaleB24_P00A+020E-10.pgm,24,18,10.366554,False
yaleB24/yaleB24_P00A+020E+10.pgm,24,24,6.6904063,True
yaleB24/yaleB24_P00A+000E-35.pgm,24,4,10.162029,False
yaleB24/yaleB24_P00A-015E+20.pgm,24,24,5.868857,True
yaleB24/yaleB24_P00A+015E+20.pgm,24,24,6.1163745,True
yaleB24/yaleB24_P00A+000E+45.pgm,24,24,10.290221,True
yaleB24/yaleB24_P00A-035E+15.pgm,24,24,13.281502,True
yaleB24/yaleB24_P00A+035E+15.pgm,24,24,14.240867,True
yaleB24/yaleB24_P00A-050E+00.pgm,24,24,19.098354,True
yaleB24/yaleB24_P00A+050E+00.pgm,24,35,16.45276,False
yaleB24/yaleB24_P00A-035E-20.pgm,24,4,15.333158,False
yaleB24/yaleB24_P00A+035E-20.pgm,24,35,13.047417,False
yaleB24/yaleB24_P00A-020E-40.pgm,24,4,12.187741,False
yaleB24/yaleB24_P00A+020E-40.pgm,24,35,11.412439,False
yaleB24/yaleB24_P00A-070E+00.pgm,24,4,22.937891,False
yaleB24/yaleB24_P00A+070E+00.pgm,24,35,24.977655,False
yaleB24/yaleB24_P00A-035E+40.pgm,24,24,14.447556,True
yaleB24/yaleB24_P00A+035E+40.pgm,24,38,16.486021,False
yaleB24/yaleB24_P00A-060E-20.pgm,24,4,20.0036,False
yaleB24/yaleB24_P00A-060E+20.pgm,24,24,21.758873,True
yaleB24/yaleB24_P00A+060E-20.pgm,24,35,18.098415,False
yaleB24/yaleB24_P00A+060E+20.pgm,24,35,21.78404,False
yaleB24/yaleB24_P00A+000E+90.pgm,24,35,17.1166,False
yaleB24/yaleB24_P00A-050E-40.pgm,24,31,18.274506,False
yaleB24/yaleB24_P00A+050E-40.pgm,24,35,15.723364,False
yaleB24/yaleB24_P00A-095E+00.pgm,24,31,24.230833,False
yaleB24/yaleB24_P00A+095E+00.pgm,24,35,23.842176,False
yaleB24/yaleB24_P00A-035E+65.pgm,24,38,14.675288,False
yaleB24/yaleB24_P00A+035E+65.pgm,24,38,15.830379,False
yaleB24/yaleB24_P00A-070E-35.pgm,24,31,20.520262,False
yaleB24/yaleB24_P00A+070E-35.pgm,24,35,18.195885,False
yaleB24/yaleB24_P00A-085E-20.pgm,24,31,22.05175,False
yaleB24/yaleB24_P00A-085E+20.pgm,24,4,23.653896,False
yaleB24/yaleB24_P00A+085E-20.pgm,24,35,20.748835,False
yaleB24/yaleB24_P00A+085E+20.pgm,24,35,23.226835,False
yaleB24/yaleB24_P00A-070E+45.pgm,24,38,21.397251,False
yaleB24/yaleB24_P00A+070E+45.pgm,24,35,20.143995,False
yaleB24/yaleB24_P00A-120E+00.pgm,24,35,22.715563,False
yaleB24/yaleB24_P00A+120E+00.pgm,24,35,22.411278,False
yaleB24/yaleB24_P00A-110E+15.pgm,24,35,20.878242,False
yaleB24/yaleB24_P00A+110E+15.pgm,24,35,22.965912,False
yaleB24/yaleB24_P00A-110E-20.pgm,24,35,22.586514,False
yaleB24/yaleB24_P00A+110E-20.pgm,24,35,21.861301,False
yaleB24/yaleB24_P00A-110E+40.pgm,24,35,19.329844,False
yaleB24/yaleB24_P00A+110E+40.pgm,24,35,18.587687,False
yaleB24/yaleB24_P00A-130E+20.pgm,24,35,19.334055,False
yaleB24/yaleB24_P00A+130E+20.pgm,24,35,18.33283,False
yaleB24/yaleB24_P00A-110E+65.pgm,24,35,16.635141,False
yaleB24/yaleB24_P00A+110E+65.pgm,24,35,16.68379,False
yaleB25/yaleB25_P00A+005E-10.pgm,25,25,6.394035,True
yaleB25/yaleB25_P00A+005E+10.pgm,25,25,6.2137794,True
yaleB25/yaleB25_P00A+000E-20.pgm,25,25,6.197834,True
yaleB25/yaleB25_P00A+000E+20.pgm,25,25,8.331811,True
yaleB25/yaleB25_P00A-025E+00.pgm,25,25,8.469745,True
yaleB25/yaleB25_P00A+025E+00.pgm,25,35,9.55562,False
yaleB25/yaleB25_P00A-010E-20.pgm,25,25,7.186587,True
yaleB25/yaleB25_P00A+010E-20.pgm,25,38,9.337513,False
yaleB25/yaleB25_P00A-020E-10.pgm,25,25,5.4557548,True
yaleB25/yaleB25_P00A-020E+10.pgm,25,25,7.505542,True
yaleB25/yaleB25_P00A+020E-10.pgm,25,38,9.343986,False
yaleB25/yaleB25_P00A+020E+10.pgm,25,25,7.9800262,True
yaleB25/yaleB25_P00A+000E-35.pgm,25,35,9.619997,False
yaleB25/yaleB25_P00A-015E+20.pgm,25,25,8.024788,True
yaleB25/yaleB25_P00A+015E+20.pgm,25,25,8.31566,True
yaleB25/yaleB25_P00A+000E+45.pgm,25,25,11.350453,True
yaleB25/yaleB25_P00A-035E+15.pgm,25,25,15.395067,True
yaleB25/yaleB25_P00A+035E+15.pgm,25,25,16.423443,True
yaleB25/yaleB25_P00A-050E+00.pgm,25,25,20.339031,True
yaleB25/yaleB25_P00A+050E+00.pgm,25,35,17.281954,False
yaleB25/yaleB25_P00A-035E-20.pgm,25,25,17.110746,True
yaleB25/yaleB25_P00A+035E-20.pgm,25,35,13.766518,False
yaleB25/yaleB25_P00A-020E-40.pgm,25,4,12.602916,False
yaleB25/yaleB25_P00A+020E-40.pgm,25,35,11.532055,False
yaleB25/yaleB25_P00A-070E+00.pgm,25,4,23.816336,False
yaleB25/yaleB25_P00A+070E+00.pgm,25,35,24.725117,False
yaleB25/yaleB25_P00A-035E+40.pgm,25,25,15.764607,True
yaleB25/yaleB25_P00A+035E+40.pgm,25,35,17.039705,False
yaleB25/yaleB25_P00A-060E-20.pgm,25,4,21.414877,False
yaleB25/yaleB25_P00A-060E+20.pgm,25,8,23.02028,False
yaleB25/yaleB25_P00A+060E-20.pgm,25,35,18.758423,False
yaleB25/yaleB25_P00A+060E+20.pgm,25,35,21.285326,False
yaleB25/yaleB25_P00A+000E+90.pgm,25,35,19.476671,False
yaleB25/yaleB25_P00A-050E-40.pgm,25,31,18.623144,False
yaleB25/yaleB25_P00A+050E-40.pgm,25,35,16.147049,False
yaleB25/yaleB25_P00A-095E+00.pgm,25,4,24.907982,False
yaleB25/yaleB25_P00A+095E+00.pgm,25,35,23.72103,False
yaleB25/yaleB25_P00A-035E+65.pgm,25,35,16.769207,False
yaleB25/yaleB25_P00A+035E+65.pgm,25,35,15.860729,False
yaleB25/yaleB25_P00A-070E-35.pgm,25,31,21.432596,False
yaleB25/yaleB25_P00A+070E-35.pgm,25,35,19.19656,False
yaleB25/yaleB25_P00A-085E-20.pgm,25,4,22.931234,False
yaleB25/yaleB25_P00A-085E+20.pgm,25,4,24.55761,False
yaleB25/yaleB25_P00A+085E-20.pgm,25,35,21.59419,False
yaleB25/yaleB25_P00A+085E+20.pgm,25,35,22.405272,False
yaleB25/yaleB25_P00A-070E+45.pgm,25,38,20.832928,False
yaleB25/yaleB25_P00A+070E+45.pgm,25,35,20.528854,False
yaleB25/yaleB25_P00A-120E+00.pgm,25,35,22.352028,False
yaleB25/yaleB25_P00A+120E+00.pgm,25,35,22.480314,False
yaleB25/yaleB25_P00A-110E+15.pgm,25,35,20.778852,False
yaleB25/yaleB25_P00A+110E+15.pgm,25,35,23.106672,False
yaleB25/yaleB25_P00A-110E-20.pgm,25,35,24.969908,False
yaleB25/yaleB25_P00A+110E-20.pgm,25,35,23.767557,False
yaleB25/yaleB25_P00A-110E+40.pgm,25,35,18.553413,False
yaleB25/yaleB25_P00A+110E+40.pgm,25,35,17.556097,False
yaleB25/yaleB25_P00A-130E+20.pgm,25,35,19.214209,False
yaleB25/yaleB25_P00A+130E+20.pgm,25,35,18.638826,False
yaleB25/yaleB25_P00A-110E+65.pgm,25,35,18.802984,False
yaleB25/yaleB25_P00A+110E+65.pgm,25,35,17.836514,False
yaleB26/yaleB26_P00A+005E-10.pgm,26,26,8.163062,True
yaleB26/yaleB26_P00A+005E+10.pgm,26,26,6.905989,True
yaleB26/yaleB26_P00A+000E-20.pgm,26,26,7.162271,True
yaleB26/yaleB26_P00A+000E+20.pgm,26,26,8.323733,True
yaleB26/yaleB26_P00A-025E+00.pgm,26,26,9.645015,True
yaleB26/yaleB26_P00A+025E+00.pgm,26,35,9.468149,False
yaleB26/yaleB26_P00A-010E-20.pgm,26,26,8.953805,True
yaleB26/yaleB26_P00A+010E-20.pgm,26,7,11.146973,False
yaleB26/yaleB26_P00A-020E-10.pgm,26,26,7.7530923,True
yaleB26/yaleB26_P00A-020E+10.pgm,26,26,8.573842,True
yaleB26/yaleB26_P00A+020E-10.pgm,26,7,11.89424,False
yaleB26/yaleB26_P00A+020E+10.pgm,26,26,9.071559,True
yaleB26/yaleB26_P00A+000E-35.pgm,26,35,11.792009,False
yaleB26/yaleB26_P00A-015E+20.pgm,26,26,8.989327,True
yaleB26/yaleB26_P00A+015E+20.pgm,26,26,9.319982,True
yaleB26/yaleB26_P00A+000E+45.pgm,26,26,12.749175,True
yaleB26/yaleB26_P00A-035E+15.pgm,26,25,15.646423,False
yaleB26/yaleB26_P00A+035E+15.pgm,26,26,16.16246,True
yaleB26/yaleB26_P00A-050E+00.pgm,26,24,20.9739,False
yaleB26/yaleB26_P00A+050E+00.pgm,26,35,17.588573,False
yaleB26/yaleB26_P00A-035E-20.pgm,26,24,17.0319,False
yaleB26/yaleB26_P00A+035E-20.pgm,26,35,15.723462,False
yaleB26/yaleB26_P00A-020E-40.pgm,26,4,13.894484,False
yaleB26/yaleB26_P00A+020E-40.pgm,26,35,12.621702,False
yaleB26/yaleB26_P00A-070E+00.pgm,26,4,24.14649,False
yaleB26/yaleB26_P00A+070E+00.pgm,26,35,25.173592,False
yaleB26/yaleB26_P00A-035E+40.pgm,26,25,16.678413,False
yaleB26/yaleB26_P00A+035E+40.pgm,26,20,17.829977,False
yaleB26/yaleB26_P00A-060E-20.pgm,26,4,21.50982,False
yaleB26/yaleB26_P00A-060E+20.pgm,26,8,22.749002,False
yaleB26/yaleB26_P00A+060E-20.pgm,26,35,19.322094,False
yaleB26/yaleB26_P00A+060E+20.pgm,26,35,22.931921,False
yaleB26/yaleB26_P00A+000E+90.pgm,26,35,15.701706,False
yaleB26/yaleB26_P00A-050E-40.pgm,26,4,18.848549,False
yaleB26/yaleB26_P00A+050E-40.pgm,26,35,16.71351,False
yaleB26/yaleB26_P00A-095E+00.pgm,26,4,25.946493,False
yaleB26/yaleB26_P00A+095E+00.pgm,26,35,23.545567,False
yaleB26/yaleB26_P00A-035E+65.pgm,26,9,15.716818,False
yaleB26/yaleB26_P00A+035E+65.pgm,26,20,17.081856,False
yaleB26/yaleB26_P00A-070E-35.pgm,26,4,22.110855,False
yaleB26/yaleB26_P00A+070E-35.pgm,26,35,19.837559,False
yaleB26/yaleB26_P00A-085E-20.pgm,26,4,23.400267,False
yaleB26/yaleB26_P00A-085E+20.pgm,26,8,24.815786,False
yaleB26/yaleB26_P00A+085E-20.pgm,26,35,22.051352,False
yaleB26/yaleB26_P00A+085E+20.pgm,26,35,22.591875,False
yaleB26/yaleB26_P00A-070E+45.pgm,26,8,21.349134,False
yaleB26/yaleB26_P00A+070E+45.pgm,26,35,20.392471,False
yaleB26/yaleB26_P00A-120E+00.pgm,26,35,23.988297,False
yaleB26/yaleB26_P00A+120E+00.pgm,26,35,20.324125,False
yaleB26/yaleB26_P00A-110E+15.pgm,26,35,21.911118,False
yaleB26/yaleB26_P00A+110E+15.pgm,26,35,22.169172,False
yaleB26/yaleB26_P00A-110E-20.pgm,26,35,24.800035,False
yaleB26/yaleB26_P00A+110E-20.pgm,26,35,22.120235,False
yaleB26/yaleB26_P00A-110E+40.pgm,26,35,20.487043,False
yaleB26/yaleB26_P00A+110E+40.pgm,26,35,18.357876,False
yaleB26/yaleB26_P00A-130E+20.pgm,26,35,20.24124,False
yaleB26/yaleB26_P00A+130E+20.pgm,26,35,17.626808,False
yaleB26/yaleB26_P00A-110E+65.pgm,26,35,16.733688,False
yaleB26/yaleB26_P00A+110E+65.pgm,26,35,16.12335,False
yaleB27/yaleB27_P00A+005E-10.pgm,27,27,7.9146023,True
yaleB27/yaleB27_P00A+005E+10.pgm,27,27,8.923556,True
yaleB27/yaleB27_P00A+000E-20.pgm,27,27,6.8422227,True
yaleB27/yaleB27_P00A+000E+20.pgm,27,27,9.672716,True
yaleB27/yaleB27_P00A-025E+00.pgm,27,27,9.214389,True
yaleB27/yaleB27_P00A+025E+00.pgm,27,30,10.257652,False
yaleB27/yaleB27_P00A-010E-20.pgm,27,27,8.258359,True
yaleB27/yaleB27_P00A+010E-20.pgm,27,27,10.441715,True
yaleB27/yaleB27_P00A-020E-10.pgm,27,27,6.126203,True
yaleB27/yaleB27_P00A-020E+10.pgm,27,27,7.7347856,True
yaleB27/yaleB27_P00A+020E-10.pgm,27,37,11.106971,False
yaleB27/yaleB27_P00A+020E+10.pgm,27,37,11.343441,False
yaleB27/yaleB27_P00A+000E-35.pgm,27,30,11.3461275,False
yaleB27/yaleB27_P00A-015E+20.pgm,27,27,9.247722,True
yaleB27/yaleB27_P00A+015E+20.pgm,27,27,11.777406,True
yaleB27/yaleB27_P00A+000E+45.pgm,27,9,10.9352255,False
yaleB27/yaleB27_P00A-035E+15.pgm,27,27,15.208232,True
yaleB27/yaleB27_P00A+035E+15.pgm,27,37,14.606861,False
yaleB27/yaleB27_P00A-050E+00.pgm,27,31,19.138998,False
yaleB27/yaleB27_P00A+050E+00.pgm,27,35,16.324211,False
yaleB27/yaleB27_P00A-035E-20.pgm,27,27,15.657195,True
yaleB27/yaleB27_P00A+035E-20.pgm,27,30,13.210724,False
yaleB27/yaleB27_P00A-020E-40.pgm,27,30,11.922595,False
yaleB27/yaleB27_P00A+020E-40.pgm,27,30,12.077806,False
yaleB27/yaleB27_P00A-070E+00.pgm,27,4,22.815111,False
yaleB27/yaleB27_P00A+070E+00.pgm,27,35,22.955267,False
yaleB27/yaleB27_P00A-035E+40.pgm,27,31,14.190775,False
yaleB27/yaleB27_P00A+035E+40.pgm,27,35,12.41885,False
yaleB27/yaleB27_P00A-060E-20.pgm,27,4,19.868109,False
yaleB27/yaleB27_P00A-060E+20.pgm,27,4,19.547537,False
yaleB27/yaleB27_P00A+060E-20.pgm,27,35,18.237324,False
yaleB27/yaleB27_P00A+060E+20.pgm,27,35,17.70632,False
yaleB27/yaleB27_P00A+000E+90.pgm,27,35,19.177828,False
yaleB27/yaleB27_P00A-050E-40.pgm,27,4,16.368572,False
yaleB27/yaleB27_P00A+050E-40.pgm,27,35,14.426779,False
yaleB27/yaleB27_P00A-095E+00.pgm,27,35,23.621704,False
yaleB27/yaleB27_P00A+095E+00.pgm,27,35,22.534462,False
yaleB27/yaleB27_P00A-035E+65.pgm,27,35,15.04281,False
yaleB27/yaleB27_P00A+035E+65.pgm,27,35,12.863309,False
yaleB27/yaleB27_P00A-070E-35.pgm,27,31,21.445892,False
yaleB27/yaleB27_P00A+070E-35.pgm,27,35,19.003544,False
yaleB27/yaleB27_P00A-085E-20.pgm,27,35,22.357466,False
yaleB27/yaleB27_P00A-085E+20.pgm,27,35,21.733318,False
yaleB27/yaleB27_P00A+085E-20.pgm,27,35,21.31078,False
yaleB27/yaleB27_P00A+085E+20.pgm,27,35,20.034647,False
yaleB27/yaleB27_P00A-070E+45.pgm,27,35,17.674442,False
yaleB27/yaleB27_P00A+070E+45.pgm,27,35,15.93126,False
yaleB27/yaleB27_P00A-120E+00.pgm,27,35,21.764812,False
yaleB27/yaleB27_P00A+120E+00.pgm,27,35,19.015083,False
yaleB27/yaleB27_P00A-110E+15.pgm,27,35,19.882574,False
yaleB27/yaleB27_P00A+110E+15.pgm,27,35,18.490944,False
yaleB27/yaleB27_P00A-110E-20.pgm,27,35,22.545519,False
yaleB27/yaleB27_P00A+110E-20.pgm,27,35,21.459452,False
yaleB27/yaleB27_P00A-110E+40.pgm,27,35,19.531488,False
yaleB27/yaleB27_P00A+110E+40.pgm,27,35,18.231888,False
yaleB27/yaleB27_P00A-130E+20.pgm,27,35,19.534554,False
yaleB27/yaleB27_P00A+130E+20.pgm,27,35,18.234903,False
yaleB27/yaleB27_P00A-110E+65.pgm,27,35,19.610699,False
yaleB27/yaleB27_P00A+110E+65.pgm,27,35,18.76753,False
yaleB28/yaleB28_P00A+005E-10.pgm,28,28,6.4211335,True
yaleB28/yaleB28_P00A+005E+10.pgm,28,28,7.7924314,True
yaleB28/yaleB28_P00A+000E-20.pgm,28,28,7.7798686,True
yaleB28/yaleB28_P00A+000E+20.pgm,28,28,7.7179513,True
yaleB28/yaleB28_P00A-025E+00.pgm,28,28,9.493763,True
yaleB28/yaleB28_P00A+025E+00.pgm,28,35,11.224275,False
yaleB28/yaleB28_P00A-010E-20.pgm,28,28,9.36017,True
yaleB28/yaleB28_P00A+010E-20.pgm,28,28,9.386524,True
yaleB28/yaleB28_P00A-020E-10.pgm,28,28,7.523257,True
yaleB28/yaleB28_P00A-020E+10.pgm,28,28,8.569472,True
yaleB28/yaleB28_P00A+020E-10.pgm,28,20,11.334278,False
yaleB28/yaleB28_P00A+020E+10.pgm,28,28,11.538568,True
yaleB28/yaleB28_P00A+000E-35.pgm,28,7,11.706577,False
yaleB28/yaleB28_P00A-015E+20.pgm,28,28,10.0942955,True
yaleB28/yaleB28_P00A+015E+20.pgm,28,28,10.432702,True
yaleB28/yaleB28_P00A+000E+45.pgm,28,28,10.714291,True
yaleB28/yaleB28_P00A-035E+15.pgm,28,28,15.886872,True
yaleB28/yaleB28_P00A+035E+15.pgm,28,28,16.296309,True
yaleB28/yaleB28_P00A-050E+00.pgm,28,31,19.799376,False
yaleB28/yaleB28_P00A+050E+00.pgm,28,35,17.52884,False
yaleB28/yaleB28_P00A-035E-20.pgm,28,28,16.68741,True
yaleB28/yaleB28_P00A+035E-20.pgm,28,7,16.333057,False
yaleB28/yaleB28_P00A-020E-40.pgm,28,30,13.135036,False
yaleB28/yaleB28_P00A+020E-40.pgm,28,35,13.463316,False
yaleB28/yaleB28_P00A-070E+00.pgm,28,38,19.872438,False
yaleB28/yaleB28_P00A+070E+00.pgm,28,35,23.076605,False
yaleB28/yaleB28_P00A-035E+40.pgm,28,9,15.276741,False
yaleB28/yaleB28_P00A+035E+40.pgm,28,20,17.66417,False
yaleB28/yaleB28_P00A-060E-20.pgm,28,38,19.751154,False
yaleB28/yaleB28_P00A-060E+20.pgm,28,38,19.57563,False
yaleB28/yaleB28_P00A+060E-20.pgm,28,35,19.22877,False
yaleB28/yaleB28_P00A+060E+20.pgm,28,35,20.776695,False
yaleB28/yaleB28_P00A+000E+90.pgm,28,35,17.284344,False
yaleB28/yaleB28_P00A-050E-40.pgm,28,35,17.585764,False
yaleB28/yaleB28_P00A+050E-40.pgm,28,35,16.13942,False
yaleB28/yaleB28_P00A-095E+00.pgm,28,35,17.26973,False
yaleB28/yaleB28_P00A+095E+00.pgm,28,35,19.824509,False
yaleB28/yaleB28_P00A-035E+65.pgm,28,35,13.8389435,False
yaleB28/yaleB28_P00A+035E+65.pgm,28,35,14.730578,False
yaleB28/yaleB28_P00A-070E-35.pgm,28,35,18.627928,False
yaleB28/yaleB28_P00A+070E-35.pgm,28,35,18.856478,False
yaleB28/yaleB28_P00A-085E-20.pgm,28,35,17.31365,False
yaleB28/yaleB28_P00A-085E+20.pgm,28,35,18.278486,False
yaleB28/yaleB28_P00A+085E-20.pgm,28,35,19.720644,False
yaleB28/yaleB28_P00A+085E+20.pgm,28,35,20.308361,False
yaleB28/yaleB28_P00A-070E+45.pgm,28,35,16.535477,False
yaleB28/yaleB28_P00A+070E+45.pgm,28,35,18.828907,False
yaleB28/yaleB28_P00A-120E+00.pgm,28,35,19.19423,False
yaleB28/yaleB28_P00A+120E+00.pgm,28,35,18.448553,False
yaleB28/yaleB28_P00A-110E+15.pgm,28,35,18.205872,False
yaleB28/yaleB28_P00A+110E+15.pgm,28,35,18.014853,False
yaleB28/yaleB28_P00A-110E-20.pgm,28,35,18.377827,False
yaleB28/yaleB28_P00A+110E-20.pgm,28,35,17.40855,False
yaleB28/yaleB28_P00A-110E+40.pgm,28,35,18.428915,False
yaleB28/yaleB28_P00A+110E+40.pgm,28,35,17.06789,False
yaleB28/yaleB28_P00A-130E+20.pgm,28,35,19.262941,False
yaleB28/yaleB28_P00A+130E+20.pgm,28,35,18.259525,False
yaleB28/yaleB28_P00A-110E+65.pgm,28,35,18.777477,False
yaleB28/yaleB28_P00A+110E+65.pgm,28,35,16.686787,False
yaleB29/yaleB29_P00A+005E-10.pgm,29,29,10.043718,True
yaleB29/yaleB29_P00A+005E+10.pgm,29,29,8.459361,True
yaleB29/yaleB29_P00A+000E-20.pgm,29,29,9.364444,True
yaleB29/yaleB29_P00A+000E+20.pgm,29,29,10.343061,True
yaleB29/yaleB29_P00A-025E+00.pgm,29,29,13.594085,True
yaleB29/yaleB29_P00A+025E+00.pgm,29,33,10.21512,False
yaleB29/yaleB29_P00A-010E-20.pgm,29,36,11.997472,False
yaleB29/yaleB29_P00A+010E-20.pgm,29,36,12.888053,False
yaleB29/yaleB29_P00A-020E-10.pgm,29,29,11.005963,True
yaleB29/yaleB29_P00A-020E+10.pgm,29,29,12.221582,True
yaleB29/yaleB29_P00A+020E-10.pgm,29,33,12.329001,False
yaleB29/yaleB29_P00A+020E+10.pgm,29,36,11.783072,False
yaleB29/yaleB29_P00A+000E-35.pgm,29,33,14.577009,False
yaleB29/yaleB29_P00A-015E+20.pgm,29,29,12.338475,True
yaleB29/yaleB29_P00A+015E+20.pgm,29,29,13.031239,True
yaleB29/yaleB29_P00A+000E+45.pgm,29,29,15.177859,True
yaleB29/yaleB29_P00A-035E+15.pgm,29,29,21.867891,True
yaleB29/yaleB29_P00A+035E+15.pgm,29,17,19.257385,False
yaleB29/yaleB29_P00A-050E+00.pgm,29,29,27.195305,True
yaleB29/yaleB29_P00A+050E+00.pgm,29,20,20.977093,False
yaleB29/yaleB29_P00A-035E-20.pgm,29,31,23.30641,False
yaleB29/yaleB29_P00A+035E-20.pgm,29,33,18.520433,False
yaleB29/yaleB29_P00A-020E-40.pgm,29,4,17.695581,False
yaleB29/yaleB29_P00A+020E-40.pgm,29,35,14.8225,False
yaleB29/yaleB29_P00A-070E+00.pgm,29,4,26.950844,False
yaleB29/yaleB29_P00A+070E+00.pgm,29,33,28.753206,False
yaleB29/yaleB29_P00A-035E+40.pgm,29,29,22.344528,True
yaleB29/yaleB29_P00A+035E+40.pgm,29,37,19.012041,False
yaleB29/yaleB29_P00A-060E-20.pgm,29,4,25.076456,False
yaleB29/yaleB29_P00A-060E+20.pgm,29,31,28.89665,False
yaleB29/yaleB29_P00A+060E-20.pgm,29,35,22.864773,False
yaleB29/yaleB29_P00A+060E+20.pgm,29,20,25.455095,False
yaleB29/yaleB29_P00A+000E+90.pgm,29,35,17.597319,False
yaleB29/yaleB29_P00A-050E-40.pgm,29,4,22.369411,False
yaleB29/yaleB29_P00A+050E-40.pgm,29,35,17.16314,False
yaleB29/yaleB29_P00A-095E+00.pgm,29,35,25.135914,False
yaleB29/yaleB29_P00A+095E+00.pgm,29,35,25.892143,False
yaleB29/yaleB29_P00A-035E+65.pgm,29,8,18.69664,False
yaleB29/yaleB29_P00A+035E+65.pgm,29,8,16.059124,False
yaleB29/yaleB29_P00A-070E-35.pgm,29,35,23.395882,False
yaleB29/yaleB29_P00A+070E-35.pgm,29,35,20.006514,False
yaleB29/yaleB29_P00A-085E-20.pgm,29,35,24.38255,False
yaleB29/yaleB29_P00A-085E+20.pgm,29,4,26.722206,False
yaleB29/yaleB29_P00A+085E-20.pgm,29,35,24.351353,False
yaleB29/yaleB29_P00A+085E+20.pgm,29,35,24.804714,False
yaleB29/yaleB29_P00A-070E+45.pgm,29,8,24.723917,False
yaleB29/yaleB29_P00A+070E+45.pgm,29,35,20.912,False
yaleB29/yaleB29_P00A-120E+00.pgm,29,35,20.800907,False
yaleB29/yaleB29_P00A+120E+00.pgm,29,35,22.629377,False
yaleB29/yaleB29_P00A-110E+15.pgm,29,35,20.74072,False
yaleB29/yaleB29_P00A+110E+15.pgm,29,35,22.32883,False
yaleB29/yaleB29_P00A-110E-20.pgm,29,35,21.897366,False
yaleB29/yaleB29_P00A+110E-20.pgm,29,35,24.382538,False
yaleB29/yaleB29_P00A-110E+40.pgm,29,35,20.215425,False
yaleB29/yaleB29_P00A+110E+40.pgm,29,35,18.176798,False
yaleB29/yaleB29_P00A-130E+20.pgm,29,35,19.075777,False
yaleB29/yaleB29_P00A+130E+20.pgm,29,35,17.805649,False
yaleB29/yaleB29_P00A-110E+65.pgm,29,35,18.091349,False
yaleB29/yaleB29_P00A+110E+65.pgm,29,35,16.798307,False
yaleB30/yaleB30_P00A+005E-10.pgm,30,30,6.154568,True
yaleB30/yaleB30_P00A+005E+10.pgm,30,30,5.1219206,True
yaleB30/yaleB30_P00A+000E-20.pgm,30,30,5.7952676,True
yaleB30/yaleB30_P00A+000E+20.pgm,30,30,6.1303415,True
yaleB30/yaleB30_P00A-025E+00.pgm,30,30,7.85868,True
yaleB30/yaleB30_P00A+025E+00.pgm,30,35,8.912624,False
yaleB30/yaleB30_P00A-010E-20.pgm,30,30,7.2120028,True
yaleB30/yaleB30_P00A+010E-20.pgm,30,30,7.9595776,True
yaleB30/yaleB30_P00A-020E-10.pgm,30,30,6.2563615,True
yaleB30/yaleB30_P00A-020E+10.pgm,30,30,7.520645,True
yaleB30/yaleB30_P00A+020E-10.pgm,30,35,9.415283,False
yaleB30/yaleB30_P00A+020E+10.pgm,30,30,7.891505,True
yaleB30/yaleB30_P00A+000E-35.pgm,30,30,11.385868,True
yaleB30/yaleB30_P00A-015E+20.pgm,30,30,7.596633,True
yaleB30/yaleB30_P00A+015E+20.pgm,30,30,7.664587,True
yaleB30/yaleB30_P00A+000E+45.pgm,30,30,10.176992,True
yaleB30/yaleB30_P00A-035E+15.pgm,30,30,12.641367,True
yaleB30/yaleB30_P00A+035E+15.pgm,30,30,12.888571,True
yaleB30/yaleB30_P00A-050E+00.pgm,30,4,16.045443,False
yaleB30/yaleB30_P00A+050E+00.pgm,30,35,13.653903,False
yaleB30/yaleB30_P00A-035E-20.pgm,30,4,13.4219265,False
yaleB30/yaleB30_P00A+035E-20.pgm,30,35,12.134399,False
yaleB30/yaleB30_P00A-020E-40.pgm,30,30,13.562364,True
yaleB30/yaleB30_P00A+020E-40.pgm,30,35,12.489229,False
yaleB30/yaleB30_P00A-070E+00.pgm,30,31,20.981865,False
yaleB30/yaleB30_P00A+070E+00.pgm,30,35,19.272575,False
yaleB30/yaleB30_P00A-035E+40.pgm,30,31,13.679727,False
yaleB30/yaleB30_P00A+035E+40.pgm,30,35,13.51453,False
yaleB30/yaleB30_P00A-060E-20.pgm,30,4,19.261908,False
yaleB30/yaleB30_P00A-060E+20.pgm,30,4,19.246996,False
yaleB30/yaleB30_P00A+060E-20.pgm,30,35,16.042267,False
yaleB30/yaleB30_P00A+060E+20.pgm,30,35,17.230957,False
yaleB30/yaleB30_P00A+000E+90.pgm,30,35,18.359148,False
yaleB30/yaleB30_P00A-050E-40.pgm,30,35,16.868017,False
yaleB30/yaleB30_P00A+050E-40.pgm,30,35,15.425148,False
yaleB30/yaleB30_P00A-095E+00.pgm,30,35,21.89448,False
yaleB30/yaleB30_P00A+095E+00.pgm,30,35,20.658735,False
yaleB30/yaleB30_P00A-035E+65.pgm,30,35,14.294855,False
yaleB30/yaleB30_P00A+035E+65.pgm,30,35,12.299319,False
yaleB30/yaleB30_P00A-070E-35.pgm,30,35,18.873081,False
yaleB30/yaleB30_P00A+070E-35.pgm,30,35,16.91086,False
yaleB30/yaleB30_P00A-085E-20.pgm,30,35,19.887224,False
yaleB30/yaleB30_P00A-085E+20.pgm,30,31,21.753393,False
yaleB30/yaleB30_P00A+085E-20.pgm,30,35,18.944786,False
yaleB30/yaleB30_P00A+085E+20.pgm,30,35,19.83881,False
yaleB30/yaleB30_P00A-070E+45.pgm,30,31,19.328735,False
yaleB30/yaleB30_P00A+070E+45.pgm,30,35,17.72775,False
yaleB30/yaleB30_P00A-120E+00.pgm,30,35,21.416449,False
yaleB30/yaleB30_P00A+120E+00.pgm,30,35,19.000694,False
yaleB30/yaleB30_P00A-110E+15.pgm,30,35,20.55268,False
yaleB30/yaleB30_P00A+110E+15.pgm,30,35,19.975777,False
yaleB30/yaleB30_P00A-110E-20.pgm,30,35,20.592922,False
yaleB30/yaleB30_P00A+110E-20.pgm,30,35,18.803705,False
yaleB30/yaleB30_P00A-110E+40.pgm,30,35,19.51023,False
yaleB30/yaleB30_P00A+110E+40.pgm,30,35,17.51636,False
yaleB30/yaleB30_P00A-130E+20.pgm,30,35,20.579935,False
yaleB30/yaleB30_P00A+130E+20.pgm,30,35,18.796219,False
yaleB30/yaleB30_P00A-110E+65.pgm,30,35,17.815855,False
yaleB30/yaleB30_P00A+110E+65.pgm,30,35,18.30808,False
yaleB31/yaleB31_P00A+005E-10.pgm,31,31,4.780629,True
yaleB31/yaleB31_P00A+005E+10.pgm,31,31,3.9194503,True
yaleB31/yaleB31_P00A+000E-20.pgm,31,31,4.993013,True
yaleB31/yaleB31_P00A+000E+20.pgm,31,31,6.630844,True
yaleB31/yaleB31_P00A-025E+00.pgm,31,31,6.690436,True
yaleB31/yaleB31_P00A+025E+00.pgm,31,35,8.528764,False
yaleB31/yaleB31_P00A-010E-20.pgm,31,31,5.743007,True
yaleB31/yaleB31_P00A+010E-20.pgm,31,31,7.7798586,True
yaleB31/yaleB31_P00A-020E-10.pgm,31,31,4.253865,True
yaleB31/yaleB31_P00A-020E+10.pgm,31,31,5.974346,True
yaleB31/yaleB31_P00A+020E-10.pgm,31,31,8.871112,True
yaleB31/yaleB31_P00A+020E+10.pgm,31,31,7.0729322,True
yaleB31/yaleB31_P00A+000E-35.pgm,31,4,9.977353,False
yaleB31/yaleB31_P00A-015E+20.pgm,31,31,6.66065,True
yaleB31/yaleB31_P00A+015E+20.pgm,31,31,7.425056,True
yaleB31/yaleB31_P00A+000E+45.pgm,31,31,9.235984,True
yaleB31/yaleB31_P00A-035E+15.pgm,31,31,12.896676,True
yaleB31/yaleB31_P00A+035E+15.pgm,31,35,13.122305,False
yaleB31/yaleB31_P00A-050E+00.pgm,31,31,18.017307,True
yaleB31/yaleB31_P00A+050E+00.pgm,31,35,14.050151,False
yaleB31/yaleB31_P00A-035E-20.pgm,31,31,14.363206,True
yaleB31/yaleB31_P00A+035E-20.pgm,31,35,12.412388,False
yaleB31/yaleB31_P00A-020E-40.pgm,31,4,12.564071,False
yaleB31/yaleB31_P00A+020E-40.pgm,31,35,12.201241,False
yaleB31/yaleB31_P00A-070E+00.pgm,31,4,21.987633,False
yaleB31/yaleB31_P00A+070E+00.pgm,31,35,21.72049,False
yaleB31/yaleB31_P00A-035E+40.pgm,31,31,12.9965925,True
yaleB31/yaleB31_P00A+035E+40.pgm,31,35,12.972271,False
yaleB31/yaleB31_P00A-060E-20.pgm,31,4,20.556198,False
yaleB31/yaleB31_P00A-060E+20.pgm,31,31,19.496422,True
yaleB31/yaleB31_P00A+060E-20.pgm,31,35,17.625353,False
yaleB31/yaleB31_P00A+060E+20.pgm,31,35,17.066639,False
yaleB31/yaleB31_P00A+000E+90.pgm,31,35,17.089483,False
yaleB31/yaleB31_P00A-050E-40.pgm,31,4,19.128939,False
yaleB31/yaleB31_P00A+050E-40.pgm,31,35,16.256258,False
yaleB31/yaleB31_P00A-095E+00.pgm,31,31,24.137272,True
yaleB31/yaleB31_P00A+095E+00.pgm,31,35,21.902317,False
yaleB31/yaleB31_P00A-035E+65.pgm,31,35,14.985155,False
yaleB31/yaleB31_P00A+035E+65.pgm,31,35,13.807955,False
yaleB31/yaleB31_P00A-070E-35.pgm,31,4,21.876015,False
yaleB31/yaleB31_P00A+070E-35.pgm,31,35,18.716892,False
yaleB31/yaleB31_P00A-085E-20.pgm,31,31,22.855452,True
yaleB31/yaleB31_P00A-085E+20.pgm,31,31,21.526318,True
yaleB31/yaleB31_P00A+085E-20.pgm,31,35,20.538584,False
yaleB31/yaleB31_P00A+085E+20.pgm,31,35,19.319508,False
yaleB31/yaleB31_P00A-070E+45.pgm,31,31,18.249346,True
yaleB31/yaleB31_P00A+070E+45.pgm,31,35,16.968689,False
yaleB31/yaleB31_P00A-120E+00.pgm,31,35,21.583683,False
yaleB31/yaleB31_P00A+120E+00.pgm,31,35,19.983734,False
yaleB31/yaleB31_P00A-110E+15.pgm,31,35,19.52226,False
yaleB31/yaleB31_P00A+110E+15.pgm,31,35,20.894289,False
yaleB31/yaleB31_P00A-110E-20.pgm,31,35,24.83435,False
yaleB31/yaleB31_P00A+110E-20.pgm,31,35,22.61209,False
yaleB31/yaleB31_P00A-110E+40.pgm,31,35,18.019226,False
yaleB31/yaleB31_P00A+110E+40.pgm,31,35,16.471033,False
yaleB31/yaleB31_P00A-130E+20.pgm,31,35,19.133497,False
yaleB31/yaleB31_P00A+130E+20.pgm,31,35,18.016813,False
yaleB31/yaleB31_P00A-110E+65.pgm,31,35,17.623806,False
yaleB31/yaleB31_P00A+110E+65.pgm,31,35,16.641642,False
yaleB32/yaleB32_P00A+005E-10.pgm,32,32,3.883347,True
yaleB32/yaleB32_P00A+005E+10.pgm,32,32,5.5326624,True
yaleB32/yaleB32_P00A+000E-20.pgm,32,32,6.176153,True
yaleB32/yaleB32_P00A+000E+20.pgm,32,32,6.858185,True
yaleB32/yaleB32_P00A-025E+00.pgm,32,32,8.026296,True
yaleB32/yaleB32_P00A+025E+00.pgm,32,32,11.053127,True
yaleB32/yaleB32_P00A-010E-20.pgm,32,32,6.6788607,True
yaleB32/yaleB32_P00A+010E-20.pgm,32,32,6.7426286,True
yaleB32/yaleB32_P00A-020E-10.pgm,32,32,6.3330975,True
yaleB32/yaleB32_P00A-020E+10.pgm,32,32,7.3206754,True
yaleB32/yaleB32_P00A+020E-10.pgm,32,32,8.446785,True
yaleB32/yaleB32_P00A+020E+10.pgm,32,32,8.65949,True
yaleB32/yaleB32_P00A+000E-35.pgm,32,32,10.367154,True
yaleB32/yaleB32_P00A-015E+20.pgm,32,32,8.000034,True
yaleB32/yaleB32_P00A+015E+20.pgm,32,32,8.268847,True
yaleB32/yaleB32_P00A+000E+45.pgm,32,32,8.898208,True
yaleB32/yaleB32_P00A-035E+15.pgm,32,32,11.4505005,True
yaleB32/yaleB32_P00A+035E+15.pgm,32,32,12.432154,True
yaleB32/yaleB32_P00A-050E+00.pgm,32,32,16.526722,True
yaleB32/yaleB32_P00A+050E+00.pgm,32,35,14.067686,False
yaleB32/yaleB32_P00A-035E-20.pgm,32,32,13.099855,True
yaleB32/yaleB32_P00A+035E-20.pgm,32,35,12.37612,False
yaleB32/yaleB32_P00A-020E-40.pgm,32,32,12.884675,True
yaleB32/yaleB32_P00A+020E-40.pgm,32,35,11.987921,False
yaleB32/yaleB32_P00A-070E+00.pgm,32,32,19.562763,True
yaleB32/yaleB32_P00A+070E+00.pgm,32,35,19.392006,False
yaleB32/yaleB32_P00A-035E+40.pgm,32,32,11.721502,True
yaleB32/yaleB32_P00A+035E+40.pgm,32,35,13.780767,False
yaleB32/yaleB32_P00A-060E-20.pgm,32,32,19.035835,True
yaleB32/yaleB32_P00A-060E+20.pgm,32,32,16.921125,True
yaleB32/yaleB32_P00A+060E-20.pgm,32,35,16.944883,False
yaleB32/yaleB32_P00A+060E+20.pgm,32,35,17.478495,False
yaleB32/yaleB32_P00A+000E+90.pgm,32,35,19.655508,False
yaleB32/yaleB32_P00A-050E-40.pgm,32,35,17.264688,False
yaleB32/yaleB32_P00A+050E-40.pgm,32,35,15.475058,False
yaleB32/yaleB32_P00A-095E+00.pgm,32,35,19.141142,False
yaleB32/yaleB32_P00A+095E+00.pgm,32,35,17.813198,False
yaleB32/yaleB32_P00A-035E+65.pgm,32,35,16.199558,False
yaleB32/yaleB32_P00A+035E+65.pgm,32,35,14.778689,False
yaleB32/yaleB32_P00A-070E-35.pgm,32,35,19.567307,False
yaleB32/yaleB32_P00A+070E-35.pgm,32,35,17.878157,False
yaleB32/yaleB32_P00A-085E-20.pgm,32,35,19.327156,False
yaleB32/yaleB32_P00A-085E+20.pgm,32,35,18.32259,False
yaleB32/yaleB32_P00A+085E-20.pgm,32,35,18.71561,False
yaleB32/yaleB32_P00A+085E+20.pgm,32,35,17.273188,False
yaleB32/yaleB32_P00A-070E+45.pgm,32,35,16.785782,False
yaleB32/yaleB32_P00A+070E+45.pgm,32,35,16.372458,False
yaleB32/yaleB32_P00A-120E+00.pgm,32,35,19.808668,False
yaleB32/yaleB32_P00A+120E+00.pgm,32,35,19.993155,False
yaleB32/yaleB32_P00A-110E+15.pgm,32,35,18.898432,False
yaleB32/yaleB32_P00A+110E+15.pgm,32,35,17.701345,False
yaleB32/yaleB32_P00A-110E-20.pgm,32,35,19.44376,False
yaleB32/yaleB32_P00A+110E-20.pgm,32,35,17.556265,False
yaleB32/yaleB32_P00A-110E+40.pgm,32,35,19.005898,False
yaleB32/yaleB32_P00A+110E+40.pgm,32,35,18.809486,False
yaleB32/yaleB32_P00A-130E+20.pgm,32,35,20.501453,False
yaleB32/yaleB32_P00A+130E+20.pgm,32,35,19.935892,False
yaleB32/yaleB32_P00A-110E+65.pgm,32,35,20.328503,False
yaleB32/yaleB32_P00A+110E+65.pgm,32,35,19.849861,False
yaleB33/yaleB33_P00A+005E-10.pgm,33,33,4.722526,True
yaleB33/yaleB33_P00A+005E+10.pgm,33,33,4.5492454,True
yaleB33/yaleB33_P00A+000E-20.pgm,33,33,4.826034,True
yaleB33/yaleB33_P00A+000E+20.pgm,33,33,6.3468485,True
yaleB33/yaleB33_P00A-025E+00.pgm,33,33,6.9421535,True
yaleB33/yaleB33_P00A+025E+00.pgm,33,35,8.291249,False
yaleB33/yaleB33_P00A-010E-20.pgm,33,33,6.4898143,True
yaleB33/yaleB33_P00A+010E-20.pgm,33,33,8.220307,True
yaleB33/yaleB33_P00A-020E-10.pgm,33,33,4.560794,True
yaleB33/yaleB33_P00A-020E+10.pgm,33,33,6.05076,True
yaleB33/yaleB33_P00A+020E-10.pgm,33,35,8.975396,False
yaleB33/yaleB33_P00A+020E+10.pgm,33,33,6.799674,True
yaleB33/yaleB33_P00A+000E-35.pgm,33,35,10.355922,False
yaleB33/yaleB33_P00A-015E+20.pgm,33,33,6.6594825,True
yaleB33/yaleB33_P00A+015E+20.pgm,33,33,6.8046417,True
yaleB33/yaleB33_P00A+000E+45.pgm,33,33,9.227184,True
yaleB33/yaleB33_P00A-035E+15.pgm,33,8,13.018592,False
yaleB33/yaleB33_P00A+035E+15.pgm,33,35,13.425026,False
yaleB33/yaleB33_P00A-050E+00.pgm,33,4,18.15122,False
yaleB33/yaleB33_P00A+050E+00.pgm,33,35,14.553404,False
yaleB33/yaleB33_P00A-035E-20.pgm,33,4,14.666801,False
yaleB33/yaleB33_P00A+035E-20.pgm,33,35,12.1371,False
yaleB33/yaleB33_P00A-020E-40.pgm,33,4,13.443762,False
yaleB33/yaleB33_P00A+020E-40.pgm,33,35,12.46785,False
yaleB33/yaleB33_P00A-070E+00.pgm,33,31,21.88383,False
yaleB33/yaleB33_P00A+070E+00.pgm,33,35,20.242529,False
yaleB33/yaleB33_P00A-035E+40.pgm,33,8,12.71677,False
yaleB33/yaleB33_P00A+035E+40.pgm,33,35,13.307259,False
yaleB33/yaleB33_P00A-060E-20.pgm,33,4,20.261152,False
yaleB33/yaleB33_P00A-060E+20.pgm,33,8,19.843344,False
yaleB33/yaleB33_P00A+060E-20.pgm,33,35,17.588886,False
yaleB33/yaleB33_P00A+060E+20.pgm,33,35,17.612549,False
yaleB33/yaleB33_P00A+000E+90.pgm,33,35,18.674255,False
yaleB33/yaleB33_P00A-050E-40.pgm,33,35,17.646845,False
yaleB33/yaleB33_P00A+050E-40.pgm,33,35,16.433035,False
yaleB33/yaleB33_P00A-095E+00.pgm,33,35,21.364574,False
yaleB33/yaleB33_P00A+095E+00.pgm,33,35,21.138449,False
yaleB33/yaleB33_P00A-035E+65.pgm,33,35,14.326412,False
yaleB33/yaleB33_P00A+035E+65.pgm,33,35,13.022903,False
yaleB33/yaleB33_P00A-070E-35.pgm,33,35,20.235409,False
yaleB33/yaleB33_P00A+070E-35.pgm,33,35,18.940386,False
yaleB33/yaleB33_P00A-085E-20.pgm,33,35,21.241673,False
yaleB33/yaleB33_P00A-085E+20.pgm,33,35,20.787731,False
yaleB33/yaleB33_P00A+085E-20.pgm,33,35,21.022572,False
yaleB33/yaleB33_P00A+085E+20.pgm,33,35,20.00198,False
yaleB33/yaleB33_P00A-070E+45.pgm,33,35,18.010395,False
yaleB33/yaleB33_P00A+070E+45.pgm,33,35,17.612259,False
yaleB33/yaleB33_P00A-120E+00.pgm,33,35,20.767933,False
yaleB33/yaleB33_P00A+120E+00.pgm,33,35,19.365088,False
yaleB33/yaleB33_P00A-110E+15.pgm,33,35,19.489546,False
yaleB33/yaleB33_P00A+110E+15.pgm,33,35,19.43407,False
yaleB33/yaleB33_P00A-110E-20.pgm,33,35,22.187998,False
yaleB33/yaleB33_P00A+110E-20.pgm,33,35,20.324524,False
yaleB33/yaleB33_P00A-110E+40.pgm,33,35,18.689707,False
yaleB33/yaleB33_P00A+110E+40.pgm,33,35,18.063513,False
yaleB33/yaleB33_P00A-130E+20.pgm,33,35,20.149033,False
yaleB33/yaleB33_P00A+130E+20.pgm,33,35,19.064358,False
yaleB33/yaleB33_P00A-110E+65.pgm,33,35,18.598295,False
yaleB33/yaleB33_P00A+110E+65.pgm,33,35,18.779398,False
yaleB34/yaleB34_P00A+005E-10.pgm,34,34,4.6235876,True
yaleB34/yaleB34_P00A+005E+10.pgm,34,34,5.031087,True
yaleB34/yaleB34_P00A+000E-20.pgm,34,34,5.1473837,True
yaleB34/yaleB34_P00A+000E+20.pgm,34,34,7.19411,True
yaleB34/yaleB34_P00A-025E+00.pgm,34,34,6.9623346,True
yaleB34/yaleB34_P00A+025E+00.pgm,34,35,9.400855,False
yaleB34/yaleB34_P00A-010E-20.pgm,34,34,6.095335,True
yaleB34/yaleB34_P00A+010E-20.pgm,34,34,7.6525764,True
yaleB34/yaleB34_P00A-020E-10.pgm,34,34,4.539209,True
yaleB34/yaleB34_P00A-020E+10.pgm,34,34,6.134601,True
yaleB34/yaleB34_P00A+020E-10.pgm,34,34,9.6156845,True
yaleB34/yaleB34_P00A+020E+10.pgm,34,34,9.6007595,True
yaleB34/yaleB34_P00A+000E-35.pgm,34,34,10.836449,True
yaleB34/yaleB34_P00A-015E+20.pgm,34,34,8.284946,True
yaleB34/yaleB34_P00A+015E+20.pgm,34,34,8.780594,True
yaleB34/yaleB34_P00A+000E+45.pgm,34,34,10.1673155,True
yaleB34/yaleB34_P00A-035E+15.pgm,34,34,14.186413,True
yaleB34/yaleB34_P00A+035E+15.pgm,34,33,12.5794,False
yaleB34/yaleB34_P00A-050E+00.pgm,34,31,18.077341,False
yaleB34/yaleB34_P00A+050E+00.pgm,34,35,12.706552,False
yaleB34/yaleB34_P00A-035E-20.pgm,34,34,14.171486,True
yaleB34/yaleB34_P00A+035E-20.pgm,34,7,13.073539,False
yaleB34/yaleB34_P00A-020E-40.pgm,34,31,12.984293,False
yaleB34/yaleB34_P00A+020E-40.pgm,34,4,12.478759,False
yaleB34/yaleB34_P00A-070E+00.pgm,34,4,21.895329,False
yaleB34/yaleB34_P00A+070E+00.pgm,34,35,19.145311,False
yaleB34/yaleB34_P00A-035E+40.pgm,34,34,13.875227,True
yaleB34/yaleB34_P00A+035E+40.pgm,34,35,13.761894,False
yaleB34/yaleB34_P00A-060E-20.pgm,34,4,20.008219,False
yaleB34/yaleB34_P00A-060E+20.pgm,34,34,20.089731,True
yaleB34/yaleB34_P00A+060E-20.pgm,34,35,16.28257,False
yaleB34/yaleB34_P00A+060E+20.pgm,34,35,15.6827,False
yaleB34/yaleB34_P00A+000E+90.pgm,34,35,18.52797,False
yaleB34/yaleB34_P00A-050E-40.pgm,34,4,17.069092,False
yaleB34/yaleB34_P00A+050E-40.pgm,34,35,14.58032,False
yaleB34/yaleB34_P00A-095E+00.pgm,34,35,21.72791,False
yaleB34/yaleB34_P00A+095E+00.pgm,34,35,21.307413,False
yaleB34/yaleB34_P00A-035E+65.pgm,34,35,15.312221,False
yaleB34/yaleB34_P00A+035E+65.pgm,34,35,12.879181,False
yaleB34/yaleB34_P00A-070E-35.pgm,34,4,21.641975,False
yaleB34/yaleB34_P00A+070E-35.pgm,34,35,18.109383,False
yaleB34/yaleB34_P00A-085E-20.pgm,34,35,22.071934,False
yaleB34/yaleB34_P00A-085E+20.pgm,34,35,20.91002,False
yaleB34/yaleB34_P00A+085E-20.pgm,34,35,19.298727,False
yaleB34/yaleB34_P00A+085E+20.pgm,34,35,18.886595,False
yaleB34/yaleB34_P00A-070E+45.pgm,34,35,18.018532,False
yaleB34/yaleB34_P00A+070E+45.pgm,34,35,16.139097,False
yaleB34/yaleB34_P00A-120E+00.pgm,34,35,20.213757,False
yaleB34/yaleB34_P00A+120E+00.pgm,34,35,18.17664,False
yaleB34/yaleB34_P00A-110E+15.pgm,34,35,19.104158,False
yaleB34/yaleB34_P00A+110E+15.pgm,34,35,17.993916,False
yaleB34/yaleB34_P00A-110E-20.pgm,34,35,21.87498,False
yaleB34/yaleB34_P00A+110E-20.pgm,34,35,19.470407,False
yaleB34/yaleB34_P00A-110E+40.pgm,34,35,18.424236,False
yaleB34/yaleB34_P00A+110E+40.pgm,34,35,17.326378,False
yaleB34/yaleB34_P00A-130E+20.pgm,34,35,19.60354,False
yaleB34/yaleB34_P00A+130E+20.pgm,34,35,17.866314,False
yaleB34/yaleB34_P00A-110E+65.pgm,34,35,18.716112,False
yaleB34/yaleB34_P00A+110E+65.pgm,34,35,18.424402,False
yaleB35/yaleB35_P00A+005E-10.pgm,35,35,3.72508,True
yaleB35/yaleB35_P00A+005E+10.pgm,35,35,3.9607217,True
yaleB35/yaleB35_P00A+000E-20.pgm,35,35,4.5753613,True
yaleB35/yaleB35_P00A+000E+20.pgm,35,35,5.1168804,True
yaleB35/yaleB35_P00A-025E+00.pgm,35,35,5.546707,True
yaleB35/yaleB35_P00A+025E+00.pgm,35,35,8.4145775,True
yaleB35/yaleB35_P00A-010E-20.pgm,35,35,5.3721604,True
yaleB35/yaleB35_P00A+010E-20.pgm,35,35,6.060778,True
yaleB35/yaleB35_P00A-020E-10.pgm,35,35,4.191765,True
yaleB35/yaleB35_P00A-020E+10.pgm,35,35,4.8487563,True
yaleB35/yaleB35_P00A+020E-10.pgm,35,35,7.7684894,True
yaleB35/yaleB35_P00A+020E+10.pgm,35,35,5.9987946,True
yaleB35/yaleB35_P00A+000E-35.pgm,35,35,8.435311,True
yaleB35/yaleB35_P00A-015E+20.pgm,35,35,5.2819,True
yaleB35/yaleB35_P00A+015E+20.pgm,35,35,5.6879425,True
yaleB35/yaleB35_P00A+000E+45.pgm,35,35,7.0140805,True
yaleB35/yaleB35_P00A-035E+15.pgm,35,35,9.849389,True
yaleB35/yaleB35_P00A+035E+15.pgm,35,35,9.828464,True
yaleB35/yaleB35_P00A-050E+00.pgm,35,35,14.5191,True
yaleB35/yaleB35_P00A+050E+00.pgm,35,35,13.807948,True
yaleB35/yaleB35_P00A-035E-20.pgm,35,35,11.440732,True
yaleB35/yaleB35_P00A+035E-20.pgm,35,35,12.286022,True
yaleB35/yaleB35_P00A-020E-40.pgm,35,35,10.652916,True
yaleB35/yaleB35_P00A+020E-40.pgm,35,35,11.475804,True
yaleB35/yaleB35_P00A-070E+00.pgm,35,35,18.72582,True
yaleB35/yaleB35_P00A+070E+00.pgm,35,35,16.832205,True
yaleB35/yaleB35_P00A-035E+40.pgm,35,35,9.703399,True
yaleB35/yaleB35_P00A+035E+40.pgm,35,35,12.163407,True
yaleB35/yaleB35_P00A-060E-20.pgm,35,35,17.513523,True
yaleB35/yaleB35_P00A-060E+20.pgm,35,35,15.88081,True
yaleB35/yaleB35_P00A+060E-20.pgm,35,35,16.049381,True
yaleB35/yaleB35_P00A+060E+20.pgm,35,35,14.905395,True
yaleB35/yaleB35_P00A+000E+90.pgm,35,35,19.272442,True
yaleB35/yaleB35_P00A-050E-40.pgm,35,35,15.7265415,True
yaleB35/yaleB35_P00A+050E-40.pgm,35,35,15.358282,True
yaleB35/yaleB35_P00A-095E+00.pgm,35,35,20.087729,True
yaleB35/yaleB35_P00A+095E+00.pgm,35,35,21.348822,True
yaleB35/yaleB35_P00A-035E+65.pgm,35,35,14.921646,True
yaleB35/yaleB35_P00A+035E+65.pgm,35,35,12.789809,True
yaleB35/yaleB35_P00A-070E-35.pgm,35,35,18.083002,True
yaleB35/yaleB35_P00A+070E-35.pgm,35,35,16.920483,True
yaleB35/yaleB35_P00A-085E-20.pgm,35,35,18.610823,True
yaleB35/yaleB35_P00A-085E+20.pgm,35,35,18.650768,True
yaleB35/yaleB35_P00A+085E-20.pgm,35,35,17.582561,True
yaleB35/yaleB35_P00A+085E+20.pgm,35,35,16.703205,True
yaleB35/yaleB35_P00A-070E+45.pgm,35,35,16.136318,True
yaleB35/yaleB35_P00A+070E+45.pgm,35,35,15.270993,True
yaleB35/yaleB35_P00A-120E+00.pgm,35,35,20.296728,True
yaleB35/yaleB35_P00A+120E+00.pgm,35,35,18.965902,True
yaleB35/yaleB35_P00A-110E+15.pgm,35,35,18.683346,True
yaleB35/yaleB35_P00A+110E+15.pgm,35,35,17.8268,True
yaleB35/yaleB35_P00A-110E-20.pgm,35,35,20.704664,True
yaleB35/yaleB35_P00A+110E-20.pgm,35,35,19.001795,True
yaleB35/yaleB35_P00A-110E+40.pgm,35,35,18.053556,True
yaleB35/yaleB35_P00A+110E+40.pgm,35,35,17.527771,True
yaleB35/yaleB35_P00A-130E+20.pgm,35,35,19.57869,True
yaleB35/yaleB35_P00A+130E+20.pgm,35,35,19.257082,True
yaleB35/yaleB35_P00A-110E+65.pgm,35,35,20.009806,True
yaleB35/yaleB35_P00A+110E+65.pgm,35,35,18.162327,True
yaleB36/yaleB36_P00A+005E-10.pgm,36,36,6.440455,True
yaleB36/yaleB36_P00A+005E+10.pgm,36,36,7.252781,True
yaleB36/yaleB36_P00A+000E-20.pgm,36,36,7.7336006,True
yaleB36/yaleB36_P00A+000E+20.pgm,36,36,8.314233,True
yaleB36/yaleB36_P00A-025E+00.pgm,36,36,11.309265,True
yaleB36/yaleB36_P00A+025E+00.pgm,36,35,10.7912,False
yaleB36/yaleB36_P00A-010E-20.pgm,36,36,11.089284,True
yaleB36/yaleB36_P00A+010E-20.pgm,36,36,10.743802,True
yaleB36/yaleB36_P00A-020E-10.pgm,36,36,9.659791,True
yaleB36/yaleB36_P00A-020E+10.pgm,36,36,9.510571,True
yaleB36/yaleB36_P00A+020E-10.pgm,36,31,11.785772,False
yaleB36/yaleB36_P00A+020E+10.pgm,36,36,10.94088,True
yaleB36/yaleB36_P00A+000E-35.pgm,36,4,13.749535,False
yaleB36/yaleB36_P00A-015E+20.pgm,36,36,10.161313,True
yaleB36/yaleB36_P00A+015E+20.pgm,36,36,10.932362,True
yaleB36/yaleB36_P00A+000E+45.pgm,36,36,12.983043,True
yaleB36/yaleB36_P00A-035E+15.pgm,36,36,16.401396,True
yaleB36/yaleB36_P00A+035E+15.pgm,36,33,15.348598,False
yaleB36/yaleB36_P00A-050E+00.pgm,36,31,20.98129,False
yaleB36/yaleB36_P00A+050E+00.pgm,36,35,16.73322,False
yaleB36/yaleB36_P00A-035E-20.pgm,36,31,17.46108,False
yaleB36/yaleB36_P00A+035E-20.pgm,36,35,16.176838,False
yaleB36/yaleB36_P00A-020E-40.pgm,36,4,14.9161625,False
yaleB36/yaleB36_P00A+020E-40.pgm,36,35,14.684341,False
yaleB36/yaleB36_P00A-070E+00.pgm,36,4,22.747318,False
yaleB36/yaleB36_P00A+070E+00.pgm,36,35,24.344166,False
yaleB36/yaleB36_P00A-035E+40.pgm,36,36,16.249178,True
yaleB36/yaleB36_P00A+035E+40.pgm,36,8,16.536488,False
yaleB36/yaleB36_P00A-060E-20.pgm,36,4,21.000404,False
yaleB36/yaleB36_P00A-060E+20.pgm,36,4,22.37653,False
yaleB36/yaleB36_P00A+060E-20.pgm,36,35,19.141909,False
yaleB36/yaleB36_P00A+060E+20.pgm,36,35,21.371668,False
yaleB36/yaleB36_P00A+000E+90.pgm,36,35,16.673758,False
yaleB36/yaleB36_P00A-050E-40.pgm,36,4,19.882212,False
yaleB36/yaleB36_P00A+050E-40.pgm,36,35,16.95002,False
yaleB36/yaleB36_P00A-095E+00.pgm,36,35,21.82549,False
yaleB36/yaleB36_P00A+095E+00.pgm,36,35,21.262161,False
yaleB36/yaleB36_P00A-035E+65.pgm,36,35,15.882875,False
yaleB36/yaleB36_P00A+035E+65.pgm,36,35,15.825317,False
yaleB36/yaleB36_P00A-070E-35.pgm,36,4,22.19885,False
yaleB36/yaleB36_P00A+070E-35.pgm,36,35,19.602299,False
yaleB36/yaleB36_P00A-085E-20.pgm,36,35,22.036438,False
yaleB36/yaleB36_P00A-085E+20.pgm,36,31,23.106548,False
yaleB36/yaleB36_P00A+085E-20.pgm,36,35,20.928465,False
yaleB36/yaleB36_P00A+085E+20.pgm,36,35,20.827019,False
yaleB36/yaleB36_P00A-070E+45.pgm,36,38,21.756332,False
yaleB36/yaleB36_P00A+070E+45.pgm,36,35,19.161713,False
yaleB36/yaleB36_P00A-120E+00.pgm,36,35,19.916847,False
yaleB36/yaleB36_P00A+120E+00.pgm,36,35,19.244488,False
yaleB36/yaleB36_P00A-110E+15.pgm,36,35,19.154606,False
yaleB36/yaleB36_P00A+110E+15.pgm,36,35,21.077894,False
yaleB36/yaleB36_P00A-110E-20.pgm,36,35,21.32271,False
yaleB36/yaleB36_P00A+110E-20.pgm,36,35,21.549858,False
yaleB36/yaleB36_P00A-110E+40.pgm,36,35,18.789701,False
yaleB36/yaleB36_P00A+110E+40.pgm,36,35,17.135681,False
yaleB36/yaleB36_P00A-130E+20.pgm,36,35,19.351923,False
yaleB36/yaleB36_P00A+130E+20.pgm,36,35,17.955597,False
yaleB36/yaleB36_P00A-110E+65.pgm,36,35,17.063452,False
yaleB36/yaleB36_P00A+110E+65.pgm,36,35,16.521074,False
yaleB37/yaleB37_P00A+005E-10.pgm,37,37,4.571284,True
yaleB37/yaleB37_P00A+005E+10.pgm,37,37,5.8205614,True
yaleB37/yaleB37_P00A+000E-20.pgm,37,37,5.575582,True
yaleB37/yaleB37_P00A+000E+20.pgm,37,37,5.631131,True
yaleB37/yaleB37_P00A-025E+00.pgm,37,37,8.387343,True
yaleB37/yaleB37_P00A+025E+00.pgm,37,35,8.663509,False
yaleB37/yaleB37_P00A-010E-20.pgm,37,37,6.6163054,True
yaleB37/yaleB37_P00A+010E-20.pgm,37,37,7.3991666,True
yaleB37/yaleB37_P00A-020E-10.pgm,37,37,6.63607,True
yaleB37/yaleB37_P00A-020E+10.pgm,37,37,7.8252163,True
yaleB37/yaleB37_P00A+020E-10.pgm,37,38,9.582566,False
yaleB37/yaleB37_P00A+020E+10.pgm,37,37,8.930504,True
yaleB37/yaleB37_P00A+000E-35.pgm,37,37,10.355875,True
yaleB37/yaleB37_P00A-015E+20.pgm,37,37,7.9063563,True
yaleB37/yaleB37_P00A+015E+20.pgm,37,37,7.487178,True
yaleB37/yaleB37_P00A+000E+45.pgm,37,37,8.268735,True
yaleB37/yaleB37_P00A-035E+15.pgm,37,37,12.723137,True
yaleB37/yaleB37_P00A+035E+15.pgm,37,35,12.649971,False
yaleB37/yaleB37_P00A-050E+00.pgm,37,38,15.960997,False
yaleB37/yaleB37_P00A+050E+00.pgm,37,35,13.210653,False
yaleB37/yaleB37_P00A-035E-20.pgm,37,4,12.5062275,False
yaleB37/yaleB37_P00A+035E-20.pgm,37,35,11.698876,False
yaleB37/yaleB37_P00A-020E-40.pgm,37,4,10.975175,False
yaleB37/yaleB37_P00A+020E-40.pgm,37,35,10.945721,False
yaleB37/yaleB37_P00A-070E+00.pgm,37,31,20.775717,False
yaleB37/yaleB37_P00A+070E+00.pgm,37,35,18.89692,False
yaleB37/yaleB37_P00A-035E+40.pgm,37,37,12.562021,True
yaleB37/yaleB37_P00A+035E+40.pgm,37,35,13.210718,False
yaleB37/yaleB37_P00A-060E-20.pgm,37,31,18.084381,False
yaleB37/yaleB37_P00A-060E+20.pgm,37,31,18.411987,False
yaleB37/yaleB37_P00A+060E-20.pgm,37,35,16.491877,False
yaleB37/yaleB37_P00A+060E+20.pgm,37,35,16.034801,False
yaleB37/yaleB37_P00A+000E+90.pgm,37,35,18.612562,False
yaleB37/yaleB37_P00A-050E-40.pgm,37,31,15.701584,False
yaleB37/yaleB37_P00A+050E-40.pgm,37,35,15.366769,False
yaleB37/yaleB37_P00A-095E+00.pgm,37,35,21.477509,False
yaleB37/yaleB37_P00A+095E+00.pgm,37,35,21.35703,False
yaleB37/yaleB37_P00A-035E+65.pgm,37,35,14.707018,False
yaleB37/yaleB37_P00A+035E+65.pgm,37,35,13.500655,False
yaleB37/yaleB37_P00A-070E-35.pgm,37,35,19.045502,False
yaleB37/yaleB37_P00A+070E-35.pgm,37,35,18.366459,False
yaleB37/yaleB37_P00A-085E-20.pgm,37,35,20.017372,False
yaleB37/yaleB37_P00A-085E+20.pgm,37,35,20.466421,False
yaleB37/yaleB37_P00A+085E-20.pgm,37,35,19.754774,False
yaleB37/yaleB37_P00A+085E+20.pgm,37,35,18.038605,False
yaleB37/yaleB37_P00A-070E+45.pgm,37,35,17.39742,False
yaleB37/yaleB37_P00A+070E+45.pgm,37,35,16.426033,False
yaleB37/yaleB37_P00A-120E+00.pgm,37,35,20.598755,False
yaleB37/yaleB37_P00A+120E+00.pgm,37,35,18.836334,False
yaleB37/yaleB37_P00A-110E+15.pgm,37,35,19.47709,False
yaleB37/yaleB37_P00A+110E+15.pgm,37,35,17.989737,False
yaleB37/yaleB37_P00A-110E-20.pgm,37,35,21.85517,False
yaleB37/yaleB37_P00A+110E-20.pgm,37,35,19.358553,False
yaleB37/yaleB37_P00A-110E+40.pgm,37,35,18.960794,False
yaleB37/yaleB37_P00A+110E+40.pgm,37,35,18.607683,False
yaleB37/yaleB37_P00A-130E+20.pgm,37,35,19.760149,False
yaleB37/yaleB37_P00A+130E+20.pgm,37,35,19.138851,False
yaleB37/yaleB37_P00A-110E+65.pgm,37,35,18.894676,False
yaleB37/yaleB37_P00A+110E+65.pgm,37,35,18.739464,False
yaleB38/yaleB38_P00A+005E-10.pgm,38,38,4.681267,True
yaleB38/yaleB38_P00A+005E+10.pgm,38,38,4.5869823,True
yaleB38/yaleB38_P00A+000E-20.pgm,38,38,4.7614446,True
yaleB38/yaleB38_P00A+000E+20.pgm,38,38,5.9784093,True
yaleB38/yaleB38_P00A-025E+00.pgm,38,38,7.7467012,True
yaleB38/yaleB38_P00A+025E+00.pgm,38,35,8.696564,False
yaleB38/yaleB38_P00A-010E-20.pgm,38,38,6.2876697,True
yaleB38/yaleB38_P00A+010E-20.pgm,38,38,6.6931005,True
yaleB38/yaleB38_P00A-020E-10.pgm,38,38,5.792733,True
yaleB38/yaleB38_P00A-020E+10.pgm,38,38,7.297884,True
yaleB38/yaleB38_P00A+020E-10.pgm,38,38,7.7706714,True
yaleB38/yaleB38_P00A+020E+10.pgm,38,38,5.8270802,True
yaleB38/yaleB38_P00A+000E-35.pgm,38,38,9.324424,True
yaleB38/yaleB38_P00A-015E+20.pgm,38,38,7.5148087,True
yaleB38/yaleB38_P00A+015E+20.pgm,38,38,7.1329,True
yaleB38/yaleB38_P00A+000E+45.pgm,38,38,8.757063,True
yaleB38/yaleB38_P00A-035E+15.pgm,38,38,11.858617,True
yaleB38/yaleB38_P00A+035E+15.pgm,38,35,11.698841,False
yaleB38/yaleB38_P00A-050E+00.pgm,38,38,15.673987,True
yaleB38/yaleB38_P00A+050E+00.pgm,38,35,13.130265,False
yaleB38/yaleB38_P00A-035E-20.pgm,38,38,12.260819,True
yaleB38/yaleB38_P00A+035E-20.pgm,38,35,10.881183,False
yaleB38/yaleB38_P00A-020E-40.pgm,38,38,11.238049,True
yaleB38/yaleB38_P00A+020E-40.pgm,38,35,10.689442,False
yaleB38/yaleB38_P00A-070E+00.pgm,38,38,20.433882,True
yaleB38/yaleB38_P00A+070E+00.pgm,38,35,17.75281,False
yaleB38/yaleB38_P00A-035E+40.pgm,38,38,12.199993,True
yaleB38/yaleB38_P00A+035E+40.pgm,38,35,14.112065,False
yaleB38/yaleB38_P00A-060E-20.pgm,38,31,18.276888,False
yaleB38/yaleB38_P00A-060E+20.pgm,38,38,18.371035,True
yaleB38/yaleB38_P00A+060E-20.pgm,38,35,15.211925,False
yaleB38/yaleB38_P00A+060E+20.pgm,38,35,15.657382,False
yaleB38/yaleB38_P00A+000E+90.pgm,38,35,19.085104,False
yaleB38/yaleB38_P00A-050E-40.pgm,38,35,15.624775,False
yaleB38/yaleB38_P00A+050E-40.pgm,38,35,14.073579,False
yaleB38/yaleB38_P00A-095E+00.pgm,38,35,19.962267,False
yaleB38/yaleB38_P00A+095E+00.pgm,38,35,21.266285,False
yaleB38/yaleB38_P00A-035E+65.pgm,38,35,15.507126,False
yaleB38/yaleB38_P00A+035E+65.pgm,38,35,14.462826,False
yaleB38/yaleB38_P00A-070E-35.pgm,38,35,17.779188,False
yaleB38/yaleB38_P00A+070E-35.pgm,38,35,16.582993,False
yaleB38/yaleB38_P00A-085E-20.pgm,38,35,19.070276,False
yaleB38/yaleB38_P00A-085E+20.pgm,38,35,19.775251,False
yaleB38/yaleB38_P00A+085E-20.pgm,38,35,18.338787,False
yaleB38/yaleB38_P00A+085E+20.pgm,38,35,18.734636,False
yaleB38/yaleB38_P00A-070E+45.pgm,38,35,17.291327,False
yaleB38/yaleB38_P00A+070E+45.pgm,38,35,16.584036,False
yaleB38/yaleB38_P00A-120E+00.pgm,38,35,20.550617,False
yaleB38/yaleB38_P00A+120E+00.pgm,38,35,18.837557,False
yaleB38/yaleB38_P00A-110E+15.pgm,38,35,19.283226,False
yaleB38/yaleB38_P00A+110E+15.pgm,38,35,18.355808,False
yaleB38/yaleB38_P00A-110E-20.pgm,38,35,20.337673,False
yaleB38/yaleB38_P00A+110E-20.pgm,38,35,18.690298,False
yaleB38/yaleB38_P00A-110E+40.pgm,38,35,18.718098,False
yaleB38/yaleB38_P00A+110E+40.pgm,38,35,17.845932,False
yaleB38/yaleB38_P00A-130E+20.pgm,38,35,19.905958,False
yaleB38/yaleB38_P00A+130E+20.pgm,38,35,18.859018,False
yaleB38/yaleB38_P00A-110E+65.pgm,38,35,19.223608,False
yaleB38/yaleB38_P00A+110E+65.pgm,38,35,19.028065,False
yaleB39/yaleB39_P00A+005E-10.pgm,39,39,6.2307053,True
yaleB39/yaleB39_P00A+005E+10.pgm,39,39,5.2520456,True
yaleB39/yaleB39_P00A+000E-20.pgm,39,39,6.132305,True
yaleB39/yaleB39_P00A+000E+20.pgm,39,39,6.819222,True
yaleB39/yaleB39_P00A-025E+00.pgm,39,39,9.591894,True
yaleB39/yaleB39_P00A+025E+00.pgm,39,35,9.973012,False
yaleB39/yaleB39_P00A-010E-20.pgm,39,39,9.001682,True
yaleB39/yaleB39_P00A+010E-20.pgm,39,39,8.523766,True
yaleB39/yaleB39_P00A-020E-10.pgm,39,39,8.248135,True
yaleB39/yaleB39_P00A-020E+10.pgm,39,39,9.524045,True
yaleB39/yaleB39_P00A+020E-10.pgm,39,39,10.775794,True
yaleB39/yaleB39_P00A+020E+10.pgm,39,39,9.473798,True
yaleB39/yaleB39_P00A+000E-35.pgm,39,39,11.893633,True
yaleB39/yaleB39_P00A-015E+20.pgm,39,39,9.45063,True
yaleB39/yaleB39_P00A+015E+20.pgm,39,39,9.844269,True
yaleB39/yaleB39_P00A+000E+45.pgm,39,39,11.979237,True
yaleB39/yaleB39_P00A-035E+15.pgm,39,31,13.010945,False
yaleB39/yaleB39_P00A+035E+15.pgm,39,39,13.834086,True
yaleB39/yaleB39_P00A-050E+00.pgm,39,31,17.650343,False
yaleB39/yaleB39_P00A+050E+00.pgm,39,35,15.969457,False
yaleB39/yaleB39_P00A-035E-20.pgm,39,39,15.270699,True
yaleB39/yaleB39_P00A+035E-20.pgm,39,35,14.677846,False
yaleB39/yaleB39_P00A-020E-40.pgm,39,39,14.939416,True
yaleB39/yaleB39_P00A+020E-40.pgm,39,35,14.481419,False
yaleB39/yaleB39_P00A-070E+00.pgm,39,4,21.736952,False
yaleB39/yaleB39_P00A+070E+00.pgm,39,35,21.373837,False
yaleB39/yaleB39_P00A-035E+40.pgm,39,31,14.269255,False
yaleB39/yaleB39_P00A+035E+40.pgm,39,35,17.074808,False
yaleB39/yaleB39_P00A-060E-20.pgm,39,4,20.012068,False
yaleB39/yaleB39_P00A-060E+20.pgm,39,31,18.989872,False
yaleB39/yaleB39_P00A+060E-20.pgm,39,35,18.078346,False
yaleB39/yaleB39_P00A+060E+20.pgm,39,35,18.90726,False
yaleB39/yaleB39_P00A+000E+90.pgm,39,35,16.744238,False
yaleB39/yaleB39_P00A-050E-40.pgm,39,31,19.019938,False
yaleB39/yaleB39_P00A+050E-40.pgm,39,35,16.968008,False
yaleB39/yaleB39_P00A-095E+00.pgm,39,31,24.266064,False
yaleB39/yaleB39_P00A+095E+00.pgm,39,35,21.199999,False
yaleB39/yaleB39_P00A-035E+65.pgm,39,9,15.576127,False
yaleB39/yaleB39_P00A+035E+65.pgm,39,35,16.773104,False
yaleB39/yaleB39_P00A-070E-35.pgm,39,35,21.155998,False
yaleB39/yaleB39_P00A+070E-35.pgm,39,35,18.742931,False
yaleB39/yaleB39_P00A-085E-20.pgm,39,31,21.919243,False
yaleB39/yaleB39_P00A-085E+20.pgm,39,31,22.420517,False
yaleB39/yaleB39_P00A+085E-20.pgm,39,35,20.821186,False
yaleB39/yaleB39_P00A+085E+20.pgm,39,35,20.887613,False
yaleB39/yaleB39_P00A-070E+45.pgm,39,31,18.96202,False
yaleB39/yaleB39_P00A+070E+45.pgm,39,35,18.640793,False
yaleB39/yaleB39_P00A-120E+00.pgm,39,35,24.79278,False
yaleB39/yaleB39_P00A+120E+00.pgm,39,35,19.629677,False
yaleB39/yaleB39_P00A-110E+15.pgm,39,35,21.962795,False
yaleB39/yaleB39_P00A+110E+15.pgm,39,35,21.585623,False
yaleB39/yaleB39_P00A-110E-20.pgm,39,35,23.1648,False
yaleB39/yaleB39_P00A+110E-20.pgm,39,35,19.648163,False
yaleB39/yaleB39_P00A-110E+40.pgm,39,35,20.358543,False
yaleB39/yaleB39_P00A+110E+40.pgm,39,35,18.152313,False
yaleB39/yaleB39_P00A-130E+20.pgm,39,35,21.125196,False
yaleB39/yaleB39_P00A+130E+20.pgm,39,35,18.61584,False
yaleB39/yaleB39_P00A-110E+65.pgm,39,35,16.031208,False
yaleB39/yaleB39_P00A+110E+65.pgm,39,35,16.055122,False
