d,pca_dim,imagen,persona_real,persona_predicha,distance,correcta
1,150,Test/s1/6.pgm,1,24,0.08893155306577682,False
1,150,Test/s1/7.pgm,1,16,0.1988641917705536,False
1,150,Test/s1/8.pgm,1,16,0.001953125,False
1,150,Test/s1/9.pgm,1,6,0.11537910997867584,False
1,150,Test/s1/10.pgm,1,24,0.007501118816435337,False
1,150,Test/s2/6.pgm,2,3,0.07139099389314651,False
1,150,Test/s2/7.pgm,2,38,0.08629084378480911,False
1,150,Test/s2/8.pgm,2,24,0.2218044102191925,False
1,150,Test/s2/9.pgm,2,13,0.04367593303322792,False
1,150,Test/s2/10.pgm,2,13,0.0040116398595273495,False
1,150,Test/s3/6.pgm,3,38,0.045394401997327805,False
1,150,Test/s3/7.pgm,3,32,0.024892767891287804,False
1,150,Test/s3/8.pgm,3,38,0.003604693105444312,False
1,150,Test/s3/9.pgm,3,32,0.06113370880484581,False
1,150,Test/s3/10.pgm,3,17,0.022812455892562866,False
1,150,Test/s4/6.pgm,4,27,0.007481227163225412,False
1,150,Test/s4/7.pgm,4,18,0.0042027924209833145,False
1,150,Test/s4/8.pgm,4,4,0.005553192924708128,True
1,150,Test/s4/9.pgm,4,35,0.01913129724562168,False
1,150,Test/s4/10.pgm,4,35,0.04813788831233978,False
1,150,Test/s5/6.pgm,5,4,0.000244140625,False
1,150,Test/s5/7.pgm,5,35,0.03558282554149628,False
1,150,Test/s5/8.pgm,5,32,0.00562053918838501,False
1,150,Test/s5/9.pgm,5,27,0.002367031294852495,False
1,150,Test/s5/10.pgm,5,39,0.015579784289002419,False
1,150,Test/s6/6.pgm,6,6,0.05187744274735451,True
1,150,Test/s6/7.pgm,6,24,0.005524271633476019,False
1,150,Test/s6/8.pgm,6,2,0.01641380414366722,False
1,150,Test/s6/9.pgm,6,24,0.04453274980187416,False
1,150,Test/s6/10.pgm,6,6,0.003088161814957857,True
1,150,Test/s7/6.pgm,7,12,0.04520229250192642,False
1,150,Test/s7/7.pgm,7,12,0.5032367706298828,False
1,150,Test/s7/8.pgm,7,28,0.007258822675794363,False
1,150,Test/s7/9.pgm,7,7,0.8616646528244019,True
1,150,Test/s7/10.pgm,7,12,0.2648411691188812,False
1,150,Test/s8/6.pgm,8,39,0.05522944778203964,False
1,150,Test/s8/7.pgm,8,35,0.033734485507011414,False
1,150,Test/s8/8.pgm,8,5,0.006213606800884008,False
1,150,Test/s8/9.pgm,8,38,0.0008097228710539639,False
1,150,Test/s8/10.pgm,8,35,0.007630645763128996,False
1,150,Test/s9/6.pgm,9,39,0.021231310442090034,False
1,150,Test/s9/7.pgm,9,21,0.020488183945417404,False
1,150,Test/s9/8.pgm,9,21,0.006463965866714716,False
1,150,Test/s9/9.pgm,9,10,0.006001342087984085,False
1,150,Test/s9/10.pgm,9,10,0.00047277630073949695,False
1,150,Test/s10/6.pgm,10,38,0.05181018263101578,False
1,150,Test/s10/7.pgm,10,19,0.0008457279182039201,False
1,150,Test/s10/8.pgm,10,10,0.035004712641239166,True
1,150,Test/s10/9.pgm,10,4,0.0024626757949590683,False
1,150,Test/s10/10.pgm,10,32,0.0006905339541845024,False
1,150,Test/s11/6.pgm,11,10,0.048515234142541885,False
1,150,Test/s11/7.pgm,11,15,0.004438393283635378,False
1,150,Test/s11/8.pgm,11,21,0.015392480418086052,False
1,150,Test/s11/9.pgm,11,5,0.00961880013346672,False
1,150,Test/s11/10.pgm,11,8,0.0001220703125,False
1,150,Test/s12/6.pgm,12,36,0.09300700575113297,False
1,150,Test/s12/7.pgm,12,31,0.019036708399653435,False
1,150,Test/s12/8.pgm,12,23,0.049410589039325714,False
1,150,Test/s12/9.pgm,12,28,0.20059745013713837,False
1,150,Test/s12/10.pgm,12,36,0.18553273379802704,False
1,150,Test/s13/6.pgm,13,38,0.04669281095266342,False
1,150,Test/s13/7.pgm,13,2,0.0016914558364078403,False
1,150,Test/s13/8.pgm,13,2,0.04793121665716171,False
1,150,Test/s13/9.pgm,13,20,0.0034526698291301727,False
1,150,Test/s13/10.pgm,13,3,0.053276386111974716,False
1,150,Test/s14/6.pgm,14,15,0.004788829479366541,False
1,150,Test/s14/7.pgm,14,4,0.0016400181921198964,False
1,150,Test/s14/8.pgm,14,39,0.0002958789118565619,False
1,150,Test/s14/9.pgm,14,36,0.05179004743695259,False
1,150,Test/s14/10.pgm,14,30,0.0029398424085229635,False
1,150,Test/s15/6.pgm,15,10,0.004417781718075275,False
1,150,Test/s15/7.pgm,15,21,0.009441331960260868,False
1,150,Test/s15/8.pgm,15,21,0.005774842109531164,False
1,150,Test/s15/9.pgm,15,8,0.0063897715881466866,False
1,150,Test/s15/10.pgm,15,5,0.001813679002225399,False
1,150,Test/s16/6.pgm,16,3,0.081983283162117,False
1,150,Test/s16/7.pgm,16,1,0.08272585272789001,False
1,150,Test/s16/8.pgm,16,1,0.019773883745074272,False
1,150,Test/s16/9.pgm,16,16,1.0400376319885254,True
1,150,Test/s16/10.pgm,16,6,0.1241118311882019,False
1,150,Test/s17/6.pgm,17,17,0.015970230102539062,True
1,150,Test/s17/7.pgm,17,32,0.05803464353084564,False
1,150,Test/s17/8.pgm,17,17,0.0005459150415845215,True
1,150,Test/s17/9.pgm,17,17,0.0087941475212574,True
1,150,Test/s17/10.pgm,17,32,0.0022640670649707317,False
1,150,Test/s18/6.pgm,18,18,0.00229003862477839,True
1,150,Test/s18/7.pgm,18,38,0.04055821895599365,False
1,150,Test/s18/8.pgm,18,35,0.010085539892315865,False
1,150,Test/s18/9.pgm,18,18,0.000901173276361078,True
1,150,Test/s18/10.pgm,18,35,0.022971244528889656,False
1,150,Test/s19/6.pgm,19,24,0.2239236682653427,False
1,150,Test/s19/7.pgm,19,13,0.004085253924131393,False
1,150,Test/s19/8.pgm,19,19,0.007234146818518639,True
1,150,Test/s19/9.pgm,19,8,0.002176825422793627,False
1,150,Test/s19/10.pgm,19,32,0.013810679316520691,False
1,150,Test/s20/6.pgm,20,10,0.056737881153821945,False
1,150,Test/s20/7.pgm,20,3,0.1300552487373352,False
1,150,Test/s20/8.pgm,20,32,0.07526899129152298,False
1,150,Test/s20/9.pgm,20,3,0.0034526698291301727,False
1,150,Test/s20/10.pgm,20,3,0.047486450523138046,False
1,150,Test/s21/6.pgm,21,39,0.0026758192107081413,False
1,150,Test/s21/7.pgm,21,14,0.0028484526555985212,False
1,150,Test/s21/8.pgm,21,26,0.0009134905994869769,False
1,150,Test/s21/9.pgm,21,8,0.006849003955721855,False
1,150,Test/s21/10.pgm,21,34,0.004554384388029575,False
1,150,Test/s22/6.pgm,22,28,0.06390704214572906,False
1,150,Test/s22/7.pgm,22,36,0.14763060212135315,False
1,150,Test/s22/8.pgm,22,36,0.0032754901330918074,False
1,150,Test/s22/9.pgm,22,22,0.0012448778143152595,True
1,150,Test/s22/10.pgm,22,28,0.20988313853740692,False
1,150,Test/s23/6.pgm,23,23,0.017659317702054977,True
1,150,Test/s23/7.pgm,23,12,0.03999735787510872,False
1,150,Test/s23/8.pgm,23,12,0.08688662946224213,False
1,150,Test/s23/9.pgm,23,23,0.0009765625,True
1,150,Test/s23/10.pgm,23,23,0.04948773235082626,True
1,150,Test/s24/6.pgm,24,6,0.08473614603281021,False
1,150,Test/s24/7.pgm,24,6,0.03112768940627575,False
1,150,Test/s24/8.pgm,24,6,0.015002237632870674,False
1,150,Test/s24/9.pgm,24,3,0.00284714438021183,False
1,150,Test/s24/10.pgm,24,3,0.22267498075962067,False
1,150,Test/s25/6.pgm,25,10,0.0003662109375,False
1,150,Test/s25/7.pgm,25,35,0.00018054443353321403,False
1,150,Test/s25/8.pgm,25,5,0.0006164248334243894,False
1,150,Test/s25/9.pgm,25,39,0.04663962125778198,False
1,150,Test/s25/10.pgm,25,9,0.0005179004510864615,False
1,150,Test/s26/6.pgm,26,30,0.0032388914842158556,False
1,150,Test/s26/7.pgm,26,36,0.19558879733085632,False
1,150,Test/s26/8.pgm,26,30,0.00048828125,False
1,150,Test/s26/9.pgm,26,36,0.0015440809074789286,False
1,150,Test/s26/10.pgm,26,21,0.0037979367189109325,False
1,150,Test/s27/6.pgm,27,10,0.06137211620807648,False
1,150,Test/s27/7.pgm,27,5,0.0030941874720156193,False
1,150,Test/s27/8.pgm,27,32,0.02567310258746147,False
1,150,Test/s27/9.pgm,27,3,0.19205598533153534,False
1,150,Test/s27/10.pgm,27,32,0.026403332129120827,False
1,150,Test/s28/6.pgm,28,28,0.06544608622789383,True
1,150,Test/s28/7.pgm,28,23,0.015579156577587128,False
1,150,Test/s28/8.pgm,28,37,0.0005980199784971774,False
1,150,Test/s28/9.pgm,28,28,0.23629029095172882,True
1,150,Test/s28/10.pgm,28,21,0.0073140389285981655,False
1,150,Test/s29/6.pgm,29,36,0.03300326317548752,False
1,150,Test/s29/7.pgm,29,36,0.20002850890159607,False
1,150,Test/s29/8.pgm,29,15,0.02460072748363018,False
1,150,Test/s29/9.pgm,29,21,0.010536301881074905,False
1,150,Test/s29/10.pgm,29,21,0.010605374351143837,False
1,150,Test/s30/6.pgm,30,35,0.025473596528172493,False
1,150,Test/s30/7.pgm,30,35,0.002716407412663102,False
1,150,Test/s30/8.pgm,30,15,0.015109622851014137,False
1,150,Test/s30/9.pgm,30,5,0.0017068031011149287,False
1,150,Test/s30/10.pgm,30,26,0.006088849622756243,False
1,150,Test/s31/6.pgm,31,23,0.0013810679083690047,False
1,150,Test/s31/7.pgm,31,34,0.017561161890625954,False
1,150,Test/s31/8.pgm,31,28,0.035851284861564636,False
1,150,Test/s31/9.pgm,31,26,0.0025016970466822386,False
1,150,Test/s31/10.pgm,31,28,0.26741501688957214,False
1,150,Test/s32/6.pgm,32,14,0.0005459150415845215,False
1,150,Test/s32/7.pgm,32,15,0.0013316299300640821,False
1,150,Test/s32/8.pgm,32,15,0.0033385728020220995,False
1,150,Test/s32/9.pgm,32,21,0.02218189276754856,False
1,150,Test/s32/10.pgm,32,11,0.0015392480418086052,False
1,150,Test/s33/6.pgm,33,36,0.07545801997184753,False
1,150,Test/s33/7.pgm,33,34,0.005803156178444624,False
1,150,Test/s33/8.pgm,33,4,0.00870644673705101,False
1,150,Test/s33/9.pgm,33,11,0.00040486143552698195,False
1,150,Test/s33/10.pgm,33,9,0.004333066288381815,False
1,150,Test/s34/6.pgm,34,34,0.011603744700551033,True
1,150,Test/s34/7.pgm,34,35,0.044288720935583115,False
1,150,Test/s34/8.pgm,34,36,0.10526113957166672,False
1,150,Test/s34/9.pgm,34,33,0.005556546151638031,False
1,150,Test/s34/10.pgm,34,34,0.013212948106229305,True
1,150,Test/s35/6.pgm,35,10,0.03472144156694412,False
1,150,Test/s35/7.pgm,35,38,0.03246702998876572,False
1,150,Test/s35/8.pgm,35,39,0.011493586003780365,False
1,150,Test/s35/9.pgm,35,13,0.03096257522702217,False
1,150,Test/s35/10.pgm,35,26,0.0067856162786483765,False
1,150,Test/s36/6.pgm,36,32,0.0576171875,False
1,150,Test/s36/7.pgm,36,38,0.012427213601768017,False
1,150,Test/s36/8.pgm,36,8,0.008976941928267479,False
1,150,Test/s36/9.pgm,36,18,0.00427507609128952,False
1,150,Test/s36/10.pgm,36,10,0.00030517578125,False
1,150,Test/s37/6.pgm,37,21,0.004689788445830345,False
1,150,Test/s37/7.pgm,37,21,0.0016737438272684813,False
1,150,Test/s37/8.pgm,37,30,0.0018269811989739537,False
1,150,Test/s37/9.pgm,37,33,0.002560568507760763,False
1,150,Test/s37/10.pgm,37,34,0.0026407847180962563,False
1,150,Test/s38/6.pgm,38,17,0.04832042008638382,False
1,150,Test/s38/7.pgm,38,17,0.0008631674572825432,False
1,150,Test/s38/8.pgm,38,21,0.021361956372857094,False
1,150,Test/s38/9.pgm,38,17,0.0,False
1,150,Test/s38/10.pgm,38,39,0.05325819179415703,False
1,150,Test/s39/6.pgm,39,18,0.000822277448605746,False
1,150,Test/s39/7.pgm,39,28,0.2674109935760498,False
1,150,Test/s39/8.pgm,39,34,0.009580769576132298,False
1,150,Test/s39/9.pgm,39,25,0.0019890344701707363,False
1,150,Test/s39/10.pgm,39,17,0.0016468185931444168,False
1,150,Test/s40/6.pgm,40,15,0.015030519105494022,False
1,150,Test/s40/7.pgm,40,17,0.020761284977197647,False
1,150,Test/s40/8.pgm,40,15,0.003017384558916092,False
1,150,Test/s40/9.pgm,40,10,0.002533510560169816,False
1,150,Test/s40/10.pgm,40,4,0.0025547423865646124,False
2,150,Test/s1/6.pgm,1,20,0.6331876516342163,False
2,150,Test/s1/7.pgm,1,16,0.3720382750034332,False
2,150,Test/s1/8.pgm,1,1,0.41146785020828247,True
2,150,Test/s1/9.pgm,1,6,0.11956411600112915,False
2,150,Test/s1/10.pgm,1,2,0.3005933165550232,False
2,150,Test/s2/6.pgm,2,20,0.1955430805683136,False
2,150,Test/s2/7.pgm,2,19,0.2985990643501282,False
2,150,Test/s2/8.pgm,2,24,0.26871976256370544,False
2,150,Test/s2/9.pgm,2,19,0.2425558865070343,False
2,150,Test/s2/10.pgm,2,19,0.2249419093132019,False
2,150,Test/s3/6.pgm,3,10,0.7561258673667908,False
2,150,Test/s3/7.pgm,3,3,0.2709956467151642,True
2,150,Test/s3/8.pgm,3,3,0.5857356190681458,True
2,150,Test/s3/9.pgm,3,3,0.5827779173851013,True
2,150,Test/s3/10.pgm,3,10,0.9047673940658569,False
2,150,Test/s4/6.pgm,4,4,0.3005636930465698,True
2,150,Test/s4/7.pgm,4,4,0.2048991620540619,True
2,150,Test/s4/8.pgm,4,4,0.22016489505767822,True
2,150,Test/s4/9.pgm,4,18,0.04681137949228287,False
2,150,Test/s4/10.pgm,4,18,0.10128805786371231,False
2,150,Test/s5/6.pgm,5,10,0.04097491502761841,False
2,150,Test/s5/7.pgm,5,18,0.11221601814031601,False
2,150,Test/s5/8.pgm,5,38,0.2508045732975006,False
2,150,Test/s5/9.pgm,5,17,0.029076317325234413,False
2,150,Test/s5/10.pgm,5,14,0.1804058849811554,False
2,150,Test/s6/6.pgm,6,6,0.07237771153450012,True
2,150,Test/s6/7.pgm,6,6,0.5517249703407288,True
2,150,Test/s6/8.pgm,6,6,0.42027148604393005,True
2,150,Test/s6/9.pgm,6,6,0.6803886890411377,True
2,150,Test/s6/10.pgm,6,6,0.12827958166599274,True
2,150,Test/s7/6.pgm,7,33,1.2713167667388916,False
2,150,Test/s7/7.pgm,7,7,1.2908663749694824,True
2,150,Test/s7/8.pgm,7,29,0.6181995272636414,False
2,150,Test/s7/9.pgm,7,7,1.010989785194397,True
2,150,Test/s7/10.pgm,7,23,1.1239007711410522,False
2,150,Test/s8/6.pgm,8,18,0.13988128304481506,False
2,150,Test/s8/7.pgm,8,25,0.12656989693641663,False
2,150,Test/s8/8.pgm,8,39,0.06030650436878204,False
2,150,Test/s8/9.pgm,8,38,0.14768631756305695,False
2,150,Test/s8/10.pgm,8,4,0.1963532716035843,False
2,150,Test/s9/6.pgm,9,10,0.32694941759109497,False
2,150,Test/s9/7.pgm,9,26,0.12474033236503601,False
2,150,Test/s9/8.pgm,9,9,0.15985824167728424,True
2,150,Test/s9/9.pgm,9,10,0.08553985506296158,False
2,150,Test/s9/10.pgm,9,10,0.009264484979212284,False
2,150,Test/s10/6.pgm,10,38,0.2228221595287323,False
2,150,Test/s10/7.pgm,10,38,0.45572417974472046,False
2,150,Test/s10/8.pgm,10,10,0.1695369929075241,True
2,150,Test/s10/9.pgm,10,26,0.7665045261383057,False
2,150,Test/s10/10.pgm,10,3,0.7964584231376648,False
2,150,Test/s11/6.pgm,11,40,0.24270695447921753,False
2,150,Test/s11/7.pgm,11,11,0.14676029980182648,True
2,150,Test/s11/8.pgm,11,8,0.27627551555633545,False
2,150,Test/s11/9.pgm,11,11,0.13351278007030487,True
2,150,Test/s11/10.pgm,11,11,0.054214611649513245,True
2,150,Test/s12/6.pgm,12,26,0.5079166889190674,False
2,150,Test/s12/7.pgm,12,12,0.40110573172569275,True
2,150,Test/s12/8.pgm,12,12,0.4703119397163391,True
2,150,Test/s12/9.pgm,12,26,0.6987957954406738,False
2,150,Test/s12/10.pgm,12,26,0.7631434202194214,False
2,150,Test/s13/6.pgm,13,38,0.15964743494987488,False
2,150,Test/s13/7.pgm,13,2,0.517075777053833,False
2,150,Test/s13/8.pgm,13,2,0.4716847538948059,False
2,150,Test/s13/9.pgm,13,13,0.21946164965629578,True
2,150,Test/s13/10.pgm,13,19,0.16146981716156006,False
2,150,Test/s14/6.pgm,14,8,0.030101658776402473,False
2,150,Test/s14/7.pgm,14,18,0.08472488820552826,False
2,150,Test/s14/8.pgm,14,5,0.08024913817644119,False
2,150,Test/s14/9.pgm,14,36,0.3084712624549866,False
2,150,Test/s14/10.pgm,14,30,0.04473106563091278,False
2,150,Test/s15/6.pgm,15,40,0.25919806957244873,False
2,150,Test/s15/7.pgm,15,15,0.08455376327037811,True
2,150,Test/s15/8.pgm,15,33,0.26878276467323303,False
2,150,Test/s15/9.pgm,15,11,0.08697199076414108,False
2,150,Test/s15/10.pgm,15,8,0.14587366580963135,False
2,150,Test/s16/6.pgm,16,32,0.5927907228469849,False
2,150,Test/s16/7.pgm,16,1,0.40766894817352295,False
2,150,Test/s16/8.pgm,16,2,0.7006657123565674,False
2,150,Test/s16/9.pgm,16,1,1.1040064096450806,False
2,150,Test/s16/10.pgm,16,2,0.5007575750350952,False
2,150,Test/s17/6.pgm,17,27,0.35867780447006226,False
2,150,Test/s17/7.pgm,17,13,0.1846749186515808,False
2,150,Test/s17/8.pgm,17,27,0.26275065541267395,False
2,150,Test/s17/9.pgm,17,40,0.3408636152744293,False
2,150,Test/s17/10.pgm,17,13,0.14468252658843994,False
2,150,Test/s18/6.pgm,18,4,0.25604498386383057,False
2,150,Test/s18/7.pgm,18,13,0.4368768036365509,False
2,150,Test/s18/8.pgm,18,4,0.13987809419631958,False
2,150,Test/s18/9.pgm,18,18,0.12233662605285645,True
2,150,Test/s18/10.pgm,18,5,0.1790727823972702,False
2,150,Test/s19/6.pgm,19,13,0.49046799540519714,False
2,150,Test/s19/7.pgm,19,13,0.35236623883247375,False
2,150,Test/s19/8.pgm,19,19,0.08954471349716187,True
2,150,Test/s19/9.pgm,19,11,0.11614912003278732,False
2,150,Test/s19/10.pgm,19,13,0.262285441160202,False
2,150,Test/s20/6.pgm,20,35,0.4271687865257263,False
2,150,Test/s20/7.pgm,20,13,0.32925620675086975,False
2,150,Test/s20/8.pgm,20,13,0.27355867624282837,False
2,150,Test/s20/9.pgm,20,13,0.24637551605701447,False
2,150,Test/s20/10.pgm,20,20,0.3649379014968872,True
2,150,Test/s21/6.pgm,21,5,0.19777801632881165,False
2,150,Test/s21/7.pgm,21,5,0.06465625762939453,False
2,150,Test/s21/8.pgm,21,8,0.2281186878681183,False
2,150,Test/s21/9.pgm,21,8,0.03622177988290787,False
2,150,Test/s21/10.pgm,21,9,0.31361570954322815,False
2,150,Test/s22/6.pgm,22,23,0.1175389438867569,False
2,150,Test/s22/7.pgm,22,37,0.31448325514793396,False
2,150,Test/s22/8.pgm,22,22,0.08290866017341614,True
2,150,Test/s22/9.pgm,22,37,0.08908557146787643,False
2,150,Test/s22/10.pgm,22,29,0.4000784754753113,False
2,150,Test/s23/6.pgm,23,23,0.06243893504142761,True
2,150,Test/s23/7.pgm,23,23,0.5954861640930176,True
2,150,Test/s23/8.pgm,23,23,0.47419625520706177,True
2,150,Test/s23/9.pgm,23,31,0.19355162978172302,False
2,150,Test/s23/10.pgm,23,31,0.3509203791618347,False
2,150,Test/s24/6.pgm,24,6,0.14220976829528809,False
2,150,Test/s24/7.pgm,24,6,0.045070238411426544,False
2,150,Test/s24/8.pgm,24,6,0.12156928330659866,False
2,150,Test/s24/9.pgm,24,20,0.1514931470155716,False
2,150,Test/s24/10.pgm,24,24,0.30261150002479553,True
2,150,Test/s25/6.pgm,25,40,0.12071321904659271,False
2,150,Test/s25/7.pgm,25,4,0.13656170666217804,False
2,150,Test/s25/8.pgm,25,25,0.04282563552260399,True
2,150,Test/s25/9.pgm,25,40,0.1822398155927658,False
2,150,Test/s25/10.pgm,25,8,0.026116201654076576,False
2,150,Test/s26/6.pgm,26,26,0.25767743587493896,True
2,150,Test/s26/7.pgm,26,36,0.21254877746105194,False
2,150,Test/s26/8.pgm,26,26,0.22059614956378937,True
2,150,Test/s26/9.pgm,26,26,0.43695032596588135,True
2,150,Test/s26/10.pgm,26,26,0.20021198689937592,True
2,150,Test/s27/6.pgm,27,4,0.09365522116422653,False
2,150,Test/s27/7.pgm,27,25,0.141352578997612,False
2,150,Test/s27/8.pgm,27,38,0.22664141654968262,False
2,150,Test/s27/9.pgm,27,38,0.7355815768241882,False
2,150,Test/s27/10.pgm,27,13,0.09234778583049774,False
2,150,Test/s28/6.pgm,28,28,0.06603541225194931,True
2,150,Test/s28/7.pgm,28,28,0.16491477191448212,True
2,150,Test/s28/8.pgm,28,30,0.05950924754142761,False
2,150,Test/s28/9.pgm,28,36,0.46834954619407654,False
2,150,Test/s28/10.pgm,28,15,0.09702647477388382,False
2,150,Test/s29/6.pgm,29,22,0.06021321564912796,False
2,150,Test/s29/7.pgm,29,29,0.2943384349346161,True
2,150,Test/s29/8.pgm,29,8,0.10882210731506348,False
2,150,Test/s29/9.pgm,29,11,0.23383484780788422,False
2,150,Test/s29/10.pgm,29,33,0.3100612759590149,False
2,150,Test/s30/6.pgm,30,25,0.12989038228988647,False
2,150,Test/s30/7.pgm,30,11,0.27449506521224976,False
2,150,Test/s30/8.pgm,30,15,0.021569516509771347,False
2,150,Test/s30/9.pgm,30,14,0.08757470548152924,False
2,150,Test/s30/10.pgm,30,15,0.1347544640302658,False
2,150,Test/s31/6.pgm,31,31,0.23523908853530884,True
2,150,Test/s31/7.pgm,31,30,0.12601014971733093,False
2,150,Test/s31/8.pgm,31,12,0.6202371120452881,False
2,150,Test/s31/9.pgm,31,9,0.1257757842540741,False
2,150,Test/s31/10.pgm,31,36,0.274370402097702,False
2,150,Test/s32/6.pgm,32,11,0.1533753126859665,False
2,150,Test/s32/7.pgm,32,15,0.04325304552912712,False
2,150,Test/s32/8.pgm,32,29,0.345283567905426,False
2,150,Test/s32/9.pgm,32,29,0.16171695291996002,False
2,150,Test/s32/10.pgm,32,11,0.03003425896167755,False
2,150,Test/s33/6.pgm,33,33,0.2136920988559723,True
2,150,Test/s33/7.pgm,33,29,0.03913871943950653,False
2,150,Test/s33/8.pgm,33,35,0.544954240322113,False
2,150,Test/s33/9.pgm,33,35,0.2464500218629837,False
2,150,Test/s33/10.pgm,33,33,0.3561629354953766,True
2,150,Test/s34/6.pgm,34,34,0.6286196112632751,True
2,150,Test/s34/7.pgm,34,35,0.3126266300678253,False
2,150,Test/s34/8.pgm,34,33,0.6580607295036316,False
2,150,Test/s34/9.pgm,34,34,0.5648483633995056,True
2,150,Test/s34/10.pgm,34,34,0.6534334421157837,True
2,150,Test/s35/6.pgm,35,27,0.24874252080917358,False
2,150,Test/s35/7.pgm,35,27,0.26424792408943176,False
2,150,Test/s35/8.pgm,35,11,0.1679999679327011,False
2,150,Test/s35/9.pgm,35,32,0.19326934218406677,False
2,150,Test/s35/10.pgm,35,22,0.27439451217651367,False
2,150,Test/s36/6.pgm,36,13,0.21454142034053802,False
2,150,Test/s36/7.pgm,36,40,0.43428441882133484,False
2,150,Test/s36/8.pgm,36,8,0.03550882637500763,False
2,150,Test/s36/9.pgm,36,18,0.006659268401563168,False
2,150,Test/s36/10.pgm,36,40,0.1334703415632248,False
2,150,Test/s37/6.pgm,37,37,0.2151331901550293,True
2,150,Test/s37/7.pgm,37,30,0.2124769687652588,False
2,150,Test/s37/8.pgm,37,37,0.12865863740444183,True
2,150,Test/s37/9.pgm,37,30,0.06089877337217331,False
2,150,Test/s37/10.pgm,37,36,0.2171715646982193,False
2,150,Test/s38/6.pgm,38,13,0.4126955270767212,False
2,150,Test/s38/7.pgm,38,38,0.13823017477989197,True
2,150,Test/s38/8.pgm,38,11,0.2298792451620102,False
2,150,Test/s38/9.pgm,38,17,0.10920920968055725,False
2,150,Test/s38/10.pgm,38,40,0.12196904420852661,False
2,150,Test/s39/6.pgm,39,27,0.47937047481536865,False
2,150,Test/s39/7.pgm,39,36,0.4586811661720276,False
2,150,Test/s39/8.pgm,39,30,0.1424248218536377,False
2,150,Test/s39/9.pgm,39,11,0.09875239431858063,False
2,150,Test/s39/10.pgm,39,40,0.3125397264957428,False
2,150,Test/s40/6.pgm,40,15,0.039950016885995865,False
2,150,Test/s40/7.pgm,40,4,0.13102097809314728,False
2,150,Test/s40/8.pgm,40,14,0.08963818103075027,False
2,150,Test/s40/9.pgm,40,4,0.0838366225361824,False
2,150,Test/s40/10.pgm,40,18,0.14028295874595642,False
3,150,Test/s1/6.pgm,1,32,0.7650617957115173,False
3,150,Test/s1/7.pgm,1,16,0.5654423236846924,False
3,150,Test/s1/8.pgm,1,16,0.49935680627822876,False
3,150,Test/s1/9.pgm,1,6,0.24691586196422577,False
3,150,Test/s1/10.pgm,1,2,0.38704535365104675,False
3,150,Test/s2/6.pgm,2,24,0.7150135040283203,False
3,150,Test/s2/7.pgm,2,13,0.3913482129573822,False
3,150,Test/s2/8.pgm,2,13,0.5119066834449768,False
3,150,Test/s2/9.pgm,2,13,0.6750789880752563,False
3,150,Test/s2/10.pgm,2,13,0.4458037316799164,False
3,150,Test/s3/6.pgm,3,10,0.7821781039237976,False
3,150,Test/s3/7.pgm,3,3,0.31095197796821594,True
3,150,Test/s3/8.pgm,3,3,0.7362776398658752,True
3,150,Test/s3/9.pgm,3,3,1.1937285661697388,True
3,150,Test/s3/10.pgm,3,9,1.1453487873077393,False
3,150,Test/s4/6.pgm,4,4,0.3294784128665924,True
3,150,Test/s4/7.pgm,4,4,0.4304090440273285,True
3,150,Test/s4/8.pgm,4,4,0.24860182404518127,True
3,150,Test/s4/9.pgm,4,4,0.34750810265541077,True
3,150,Test/s4/10.pgm,4,4,0.21781393885612488,True
3,150,Test/s5/6.pgm,5,5,0.397430956363678,True
3,150,Test/s5/7.pgm,5,8,0.32079222798347473,False
3,150,Test/s5/8.pgm,5,18,0.9309232831001282,False
3,150,Test/s5/9.pgm,5,18,0.40835729241371155,False
3,150,Test/s5/10.pgm,5,40,0.2538062334060669,False
3,150,Test/s6/6.pgm,6,6,0.13639400899410248,True
3,150,Test/s6/7.pgm,6,6,0.6095103621482849,True
3,150,Test/s6/8.pgm,6,6,0.42567819356918335,True
3,150,Test/s6/9.pgm,6,32,1.0304890871047974,False
3,150,Test/s6/10.pgm,6,6,0.33504775166511536,True
3,150,Test/s7/6.pgm,7,33,1.2746174335479736,False
3,150,Test/s7/7.pgm,7,7,1.365424394607544,True
3,150,Test/s7/8.pgm,7,29,0.7943025827407837,False
3,150,Test/s7/9.pgm,7,7,1.1775059700012207,True
3,150,Test/s7/10.pgm,7,23,1.214461326599121,False
3,150,Test/s8/6.pgm,8,18,0.27103525400161743,False
3,150,Test/s8/7.pgm,8,8,0.26173970103263855,True
3,150,Test/s8/8.pgm,8,40,0.41518867015838623,False
3,150,Test/s8/9.pgm,8,18,0.6909888982772827,False
3,150,Test/s8/10.pgm,8,40,0.3708990216255188,False
3,150,Test/s9/6.pgm,9,9,0.3923065662384033,True
3,150,Test/s9/7.pgm,9,26,0.4096595346927643,False
3,150,Test/s9/8.pgm,9,9,0.5028130412101746,True
3,150,Test/s9/9.pgm,9,9,0.45870065689086914,True
3,150,Test/s9/10.pgm,9,9,0.3583305776119232,True
3,150,Test/s10/6.pgm,10,17,0.4183037281036377,False
3,150,Test/s10/7.pgm,10,38,0.47565510869026184,False
3,150,Test/s10/8.pgm,10,9,0.5125762224197388,False
3,150,Test/s10/9.pgm,10,9,0.9568344354629517,False
3,150,Test/s10/10.pgm,10,3,0.9159927368164062,False
3,150,Test/s11/6.pgm,11,11,0.8325508832931519,True
3,150,Test/s11/7.pgm,11,11,0.6403316855430603,True
3,150,Test/s11/8.pgm,11,30,0.4466826021671295,False
3,150,Test/s11/9.pgm,11,11,0.6613628268241882,True
3,150,Test/s11/10.pgm,11,11,0.3645443916320801,True
3,150,Test/s12/6.pgm,12,26,0.5871642231941223,False
3,150,Test/s12/7.pgm,12,12,0.959922194480896,True
3,150,Test/s12/8.pgm,12,12,0.6532502174377441,True
3,150,Test/s12/9.pgm,12,26,0.7247001528739929,False
3,150,Test/s12/10.pgm,12,26,0.784828245639801,False
3,150,Test/s13/6.pgm,13,40,0.5953992009162903,False
3,150,Test/s13/7.pgm,13,13,1.0298725366592407,True
3,150,Test/s13/8.pgm,13,13,1.0488797426223755,True
3,150,Test/s13/9.pgm,13,13,0.24256670475006104,True
3,150,Test/s13/10.pgm,13,13,0.2698468565940857,True
3,150,Test/s14/6.pgm,14,14,0.5604111552238464,True
3,150,Test/s14/7.pgm,14,38,0.4271492660045624,False
3,150,Test/s14/8.pgm,14,9,0.3650267422199249,False
3,150,Test/s14/9.pgm,14,14,0.7320523262023926,True
3,150,Test/s14/10.pgm,14,14,0.5418188571929932,True
3,150,Test/s15/6.pgm,15,15,0.47982481122016907,True
3,150,Test/s15/7.pgm,15,40,0.602027416229248,False
3,150,Test/s15/8.pgm,15,33,0.8279450535774231,False
3,150,Test/s15/9.pgm,15,40,0.9901711940765381,False
3,150,Test/s15/10.pgm,15,40,0.41931021213531494,False
3,150,Test/s16/6.pgm,16,32,1.1333953142166138,False
3,150,Test/s16/7.pgm,16,16,0.4804905951023102,True
3,150,Test/s16/8.pgm,16,2,0.8447773456573486,False
3,150,Test/s16/9.pgm,16,6,1.5178916454315186,False
3,150,Test/s16/10.pgm,16,2,0.5177375078201294,False
3,150,Test/s17/6.pgm,17,27,0.37701842188835144,False
3,150,Test/s17/7.pgm,17,27,0.5602430105209351,False
3,150,Test/s17/8.pgm,17,27,0.3686177432537079,False
3,150,Test/s17/9.pgm,17,27,0.478939950466156,False
3,150,Test/s17/10.pgm,17,27,0.6482319235801697,False
3,150,Test/s18/6.pgm,18,8,0.31935086846351624,False
3,150,Test/s18/7.pgm,18,40,0.559636116027832,False
3,150,Test/s18/8.pgm,18,18,0.25728297233581543,True
3,150,Test/s18/9.pgm,18,8,0.7138444781303406,False
3,150,Test/s18/10.pgm,18,5,0.40261033177375793,False
3,150,Test/s19/6.pgm,19,13,0.6102535128593445,False
3,150,Test/s19/7.pgm,19,13,0.37016549706459045,False
3,150,Test/s19/8.pgm,19,13,0.3078829050064087,False
3,150,Test/s19/9.pgm,19,39,0.3233550190925598,False
3,150,Test/s19/10.pgm,19,13,0.2902108132839203,False
3,150,Test/s20/6.pgm,20,20,0.7984226942062378,True
3,150,Test/s20/7.pgm,20,20,0.9073994755744934,True
3,150,Test/s20/8.pgm,20,20,0.9673796892166138,True
3,150,Test/s20/9.pgm,20,20,1.063982605934143,True
3,150,Test/s20/10.pgm,20,20,0.37345439195632935,True
3,150,Test/s21/6.pgm,21,21,0.30884474515914917,True
3,150,Test/s21/7.pgm,21,25,0.5047811269760132,False
3,150,Test/s21/8.pgm,21,25,0.4343481957912445,False
3,150,Test/s21/9.pgm,21,25,0.336578905582428,False
3,150,Test/s21/10.pgm,21,26,0.5561529994010925,False
3,150,Test/s22/6.pgm,22,23,0.40168190002441406,False
3,150,Test/s22/7.pgm,22,37,0.5752034187316895,False
3,150,Test/s22/8.pgm,22,37,0.36340951919555664,False
3,150,Test/s22/9.pgm,22,37,0.09047313034534454,False
3,150,Test/s22/10.pgm,22,33,0.5949429869651794,False
3,150,Test/s23/6.pgm,23,23,0.32666051387786865,True
3,150,Test/s23/7.pgm,23,23,0.6000942587852478,True
3,150,Test/s23/8.pgm,23,23,0.4992450773715973,True
3,150,Test/s23/9.pgm,23,28,0.8366886973381042,False
3,150,Test/s23/10.pgm,23,28,0.6077864170074463,False
3,150,Test/s24/6.pgm,24,6,0.14319883286952972,False
3,150,Test/s24/7.pgm,24,6,0.24697959423065186,False
3,150,Test/s24/8.pgm,24,6,0.24463622272014618,False
3,150,Test/s24/9.pgm,24,20,0.4343035817146301,False
3,150,Test/s24/10.pgm,24,24,0.6321302056312561,True
3,150,Test/s25/6.pgm,25,25,0.5035390853881836,True
3,150,Test/s25/7.pgm,25,25,0.32290780544281006,True
3,150,Test/s25/8.pgm,25,25,0.45098423957824707,True
3,150,Test/s25/9.pgm,25,15,0.2788616120815277,False
3,150,Test/s25/10.pgm,25,25,0.1966543197631836,True
3,150,Test/s26/6.pgm,26,26,0.2894103527069092,True
3,150,Test/s26/7.pgm,26,36,0.23076236248016357,False
3,150,Test/s26/8.pgm,26,26,0.4292167127132416,True
3,150,Test/s26/9.pgm,26,26,0.43785953521728516,True
3,150,Test/s26/10.pgm,26,26,0.30519962310791016,True
3,150,Test/s27/6.pgm,27,4,0.1429813951253891,False
3,150,Test/s27/7.pgm,27,14,0.6148862838745117,False
3,150,Test/s27/8.pgm,27,38,0.3772989511489868,False
3,150,Test/s27/9.pgm,27,38,0.7582572102546692,False
3,150,Test/s27/10.pgm,27,20,0.8039920926094055,False
3,150,Test/s28/6.pgm,28,28,0.2830869257450104,True
3,150,Test/s28/7.pgm,28,28,0.4273417890071869,True
3,150,Test/s28/8.pgm,28,36,0.3276676535606384,False
3,150,Test/s28/9.pgm,28,28,0.5419143438339233,True
3,150,Test/s28/10.pgm,28,15,0.27886736392974854,False
3,150,Test/s29/6.pgm,29,22,0.19553332030773163,False
3,150,Test/s29/7.pgm,29,22,0.29708534479141235,False
3,150,Test/s29/8.pgm,29,4,0.5870107412338257,False
3,150,Test/s29/9.pgm,29,39,0.32814061641693115,False
3,150,Test/s29/10.pgm,29,29,0.5793028473854065,True
3,150,Test/s30/6.pgm,30,4,0.17722995579242706,False
3,150,Test/s30/7.pgm,30,27,0.32104724645614624,False
3,150,Test/s30/8.pgm,30,39,0.25967440009117126,False
3,150,Test/s30/9.pgm,30,4,0.4944232702255249,False
3,150,Test/s30/10.pgm,30,39,0.43954527378082275,False
3,150,Test/s31/6.pgm,31,21,0.9974915385246277,False
3,150,Test/s31/7.pgm,31,15,0.27149534225463867,False
3,150,Test/s31/8.pgm,31,21,0.9638876914978027,False
3,150,Test/s31/9.pgm,31,26,0.49598127603530884,False
3,150,Test/s31/10.pgm,31,31,0.8694159984588623,True
3,150,Test/s32/6.pgm,32,39,0.3025191128253937,False
3,150,Test/s32/7.pgm,32,30,0.38970962166786194,False
3,150,Test/s32/8.pgm,32,15,1.1998183727264404,False
3,150,Test/s32/9.pgm,32,33,0.9919764995574951,False
3,150,Test/s32/10.pgm,32,39,0.4498530626296997,False
3,150,Test/s33/6.pgm,33,33,0.797322154045105,True
3,150,Test/s33/7.pgm,33,33,0.29166048765182495,True
3,150,Test/s33/8.pgm,33,29,1.2918874025344849,False
3,150,Test/s33/9.pgm,33,33,0.5678935647010803,True
3,150,Test/s33/10.pgm,33,33,0.35800108313560486,True
3,150,Test/s34/6.pgm,34,35,1.1919828653335571,False
3,150,Test/s34/7.pgm,34,35,0.355052649974823,False
3,150,Test/s34/8.pgm,34,33,1.6422499418258667,False
3,150,Test/s34/9.pgm,34,33,1.5727055072784424,False
3,150,Test/s34/10.pgm,34,33,1.3633949756622314,False
3,150,Test/s35/6.pgm,35,40,0.6216481924057007,False
3,150,Test/s35/7.pgm,35,13,0.5930935144424438,False
3,150,Test/s35/8.pgm,35,35,0.9535406231880188,True
3,150,Test/s35/9.pgm,35,32,0.6778469085693359,False
3,150,Test/s35/10.pgm,35,35,0.9627074003219604,True
3,150,Test/s36/6.pgm,36,13,0.26804661750793457,False
3,150,Test/s36/7.pgm,36,25,0.7541744112968445,False
3,150,Test/s36/8.pgm,36,25,0.35287728905677795,False
3,150,Test/s36/9.pgm,36,25,0.3403124213218689,False
3,150,Test/s36/10.pgm,36,39,0.3339751958847046,False
3,150,Test/s37/6.pgm,37,37,0.2181994467973709,True
3,150,Test/s37/7.pgm,37,36,0.3876127302646637,False
3,150,Test/s37/8.pgm,37,37,0.18938767910003662,True
3,150,Test/s37/9.pgm,37,30,0.20518912374973297,False
3,150,Test/s37/10.pgm,37,36,0.22019264101982117,False
3,150,Test/s38/6.pgm,38,27,0.7584680318832397,False
3,150,Test/s38/7.pgm,38,38,0.17994074523448944,True
3,150,Test/s38/8.pgm,38,37,0.3566429018974304,False
3,150,Test/s38/9.pgm,38,38,0.43621745705604553,True
3,150,Test/s38/10.pgm,38,14,0.27263501286506653,False
3,150,Test/s39/6.pgm,39,29,0.8697348833084106,False
3,150,Test/s39/7.pgm,39,36,0.659954309463501,False
3,150,Test/s39/8.pgm,39,15,0.5707778334617615,False
3,150,Test/s39/9.pgm,39,39,0.5870929956436157,True
3,150,Test/s39/10.pgm,39,14,0.8013961315155029,False
3,150,Test/s40/6.pgm,40,15,0.4656642973423004,False
3,150,Test/s40/7.pgm,40,40,0.5506472587585449,True
3,150,Test/s40/8.pgm,40,40,0.42122599482536316,True
3,150,Test/s40/9.pgm,40,40,0.6127414107322693,True
3,150,Test/s40/10.pgm,40,25,0.5599433183670044,False
5,150,Test/s1/6.pgm,1,1,1.5442109107971191,True
5,150,Test/s1/7.pgm,1,6,1.1165095567703247,False
5,150,Test/s1/8.pgm,1,6,1.1925475597381592,False
5,150,Test/s1/9.pgm,1,6,0.6937010884284973,False
5,150,Test/s1/10.pgm,1,13,1.8257094621658325,False
5,150,Test/s2/6.pgm,2,2,1.1270571947097778,True
5,150,Test/s2/7.pgm,2,2,1.773130178451538,True
5,150,Test/s2/8.pgm,2,2,0.9121125340461731,True
5,150,Test/s2/9.pgm,2,2,1.2714139223098755,True
5,150,Test/s2/10.pgm,2,2,1.254582166671753,True
5,150,Test/s3/6.pgm,3,10,0.8336652517318726,False
5,150,Test/s3/7.pgm,3,3,0.5201109647750854,True
5,150,Test/s3/8.pgm,3,3,0.7494912147521973,True
5,150,Test/s3/9.pgm,3,3,1.2989859580993652,True
5,150,Test/s3/10.pgm,3,10,1.3725272417068481,False
5,150,Test/s4/6.pgm,4,4,1.3317736387252808,True
5,150,Test/s4/7.pgm,4,4,0.5483604669570923,True
5,150,Test/s4/8.pgm,4,4,0.3266948163509369,True
5,150,Test/s4/9.pgm,4,4,0.4542642831802368,True
5,150,Test/s4/10.pgm,4,4,0.4249270260334015,True
5,150,Test/s5/6.pgm,5,5,0.5822556614875793,True
5,150,Test/s5/7.pgm,5,5,0.6967970132827759,True
5,150,Test/s5/8.pgm,5,18,1.2402434349060059,False
5,150,Test/s5/9.pgm,5,5,0.8367733359336853,True
5,150,Test/s5/10.pgm,5,15,1.0082128047943115,False
5,150,Test/s6/6.pgm,6,6,0.2537822723388672,True
5,150,Test/s6/7.pgm,6,6,0.6695024967193604,True
5,150,Test/s6/8.pgm,6,6,0.7305784225463867,True
5,150,Test/s6/9.pgm,6,1,1.156994104385376,False
5,150,Test/s6/10.pgm,6,6,0.37718454003334045,True
5,150,Test/s7/6.pgm,7,23,1.4053494930267334,False
5,150,Test/s7/7.pgm,7,23,1.93755042552948,False
5,150,Test/s7/8.pgm,7,29,0.9784693121910095,False
5,150,Test/s7/9.pgm,7,7,1.835938572883606,True
5,150,Test/s7/10.pgm,7,23,1.7684335708618164,False
5,150,Test/s8/6.pgm,8,8,0.5513021945953369,True
5,150,Test/s8/7.pgm,8,8,0.2627207338809967,True
5,150,Test/s8/8.pgm,8,8,1.225794792175293,True
5,150,Test/s8/9.pgm,8,8,1.6419259309768677,True
5,150,Test/s8/10.pgm,8,21,1.331612229347229,False
5,150,Test/s9/6.pgm,9,9,0.984917402267456,True
5,150,Test/s9/7.pgm,9,9,1.1060625314712524,True
5,150,Test/s9/8.pgm,9,9,0.9905733466148376,True
5,150,Test/s9/9.pgm,9,9,0.831359326839447,True
5,150,Test/s9/10.pgm,9,9,0.4935796558856964,True
5,150,Test/s10/6.pgm,10,38,0.5466403961181641,False
5,150,Test/s10/7.pgm,10,38,0.6332637071609497,False
5,150,Test/s10/8.pgm,10,17,0.9604190587997437,False
5,150,Test/s10/9.pgm,10,26,1.4169292449951172,False
5,150,Test/s10/10.pgm,10,10,1.2684787511825562,True
5,150,Test/s11/6.pgm,11,11,0.9272974133491516,True
5,150,Test/s11/7.pgm,11,11,0.9279193878173828,True
5,150,Test/s11/8.pgm,11,28,1.0636005401611328,False
5,150,Test/s11/9.pgm,11,11,0.6737417578697205,True
5,150,Test/s11/10.pgm,11,11,0.5179667472839355,True
5,150,Test/s12/6.pgm,12,26,0.9548903703689575,False
5,150,Test/s12/7.pgm,12,12,1.153719186782837,True
5,150,Test/s12/8.pgm,12,12,0.8618372678756714,True
5,150,Test/s12/9.pgm,12,26,0.8748512268066406,False
5,150,Test/s12/10.pgm,12,26,0.8071376085281372,False
5,150,Test/s13/6.pgm,13,13,0.9882193803787231,True
5,150,Test/s13/7.pgm,13,13,1.2208759784698486,True
5,150,Test/s13/8.pgm,13,13,1.2057859897613525,True
5,150,Test/s13/9.pgm,13,13,0.28893545269966125,True
5,150,Test/s13/10.pgm,13,13,0.2795183062553406,True
5,150,Test/s14/6.pgm,14,28,1.3462415933609009,False
5,150,Test/s14/7.pgm,14,39,1.7549771070480347,False
5,150,Test/s14/8.pgm,14,28,1.8221033811569214,False
5,150,Test/s14/9.pgm,14,28,1.3623907566070557,False
5,150,Test/s14/10.pgm,14,22,1.4786149263381958,False
5,150,Test/s15/6.pgm,15,15,0.7431289553642273,True
5,150,Test/s15/7.pgm,15,40,0.9011445641517639,False
5,150,Test/s15/8.pgm,15,15,1.6496118307113647,True
5,150,Test/s15/9.pgm,15,40,1.1442328691482544,False
5,150,Test/s15/10.pgm,15,15,0.8695554733276367,True
5,150,Test/s16/6.pgm,16,16,1.5887113809585571,True
5,150,Test/s16/7.pgm,16,1,1.0967309474945068,False
5,150,Test/s16/8.pgm,16,16,1.6326483488082886,True
5,150,Test/s16/9.pgm,16,6,2.0645649433135986,False
5,150,Test/s16/10.pgm,16,24,1.1631819009780884,False
5,150,Test/s17/6.pgm,17,38,1.423871397972107,False
5,150,Test/s17/7.pgm,17,13,1.383026123046875,False
5,150,Test/s17/8.pgm,17,20,1.110404133796692,False
5,150,Test/s17/9.pgm,17,24,1.4374401569366455,False
5,150,Test/s17/10.pgm,17,13,1.2337819337844849,False
5,150,Test/s18/6.pgm,18,18,0.7274181246757507,True
5,150,Test/s18/7.pgm,18,40,0.6472489833831787,False
5,150,Test/s18/8.pgm,18,18,0.41409358382225037,True
5,150,Test/s18/9.pgm,18,18,0.7552579045295715,True
5,150,Test/s18/10.pgm,18,18,0.5315864682197571,True
5,150,Test/s19/6.pgm,19,27,1.5119937658309937,False
5,150,Test/s19/7.pgm,19,13,1.285005807876587,False
5,150,Test/s19/8.pgm,19,27,1.3755131959915161,False
5,150,Test/s19/9.pgm,19,36,1.2095333337783813,False
5,150,Test/s19/10.pgm,19,13,1.2376532554626465,False
5,150,Test/s20/6.pgm,20,20,0.8796383738517761,True
5,150,Test/s20/7.pgm,20,20,0.9763554334640503,True
5,150,Test/s20/8.pgm,20,20,1.1125344038009644,True
5,150,Test/s20/9.pgm,20,20,1.130694031715393,True
5,150,Test/s20/10.pgm,20,20,0.4836025834083557,True
5,150,Test/s21/6.pgm,21,21,0.6716883182525635,True
5,150,Test/s21/7.pgm,21,10,0.9286609888076782,False
5,150,Test/s21/8.pgm,21,36,0.8524878621101379,False
5,150,Test/s21/9.pgm,21,21,0.8212559819221497,True
5,150,Test/s21/10.pgm,21,26,0.976201593875885,False
5,150,Test/s22/6.pgm,22,28,0.8019534349441528,False
5,150,Test/s22/7.pgm,22,22,0.9924001097679138,True
5,150,Test/s22/8.pgm,22,22,0.7755483388900757,True
5,150,Test/s22/9.pgm,22,22,0.38852646946907043,True
5,150,Test/s22/10.pgm,22,22,1.3689804077148438,True
5,150,Test/s23/6.pgm,23,23,0.3764594495296478,True
5,150,Test/s23/7.pgm,23,23,0.8778558373451233,True
5,150,Test/s23/8.pgm,23,23,0.5483518242835999,True
5,150,Test/s23/9.pgm,23,28,1.3087961673736572,False
5,150,Test/s23/10.pgm,23,23,0.9696513414382935,True
5,150,Test/s24/6.pgm,24,24,0.9372192025184631,True
5,150,Test/s24/7.pgm,24,6,0.8194907307624817,False
5,150,Test/s24/8.pgm,24,6,0.5940414667129517,False
5,150,Test/s24/9.pgm,24,20,0.44983717799186707,False
5,150,Test/s24/10.pgm,24,20,1.0492067337036133,False
5,150,Test/s25/6.pgm,25,25,0.5813992619514465,True
5,150,Test/s25/7.pgm,25,25,0.7896550893783569,True
5,150,Test/s25/8.pgm,25,40,0.9097288846969604,False
5,150,Test/s25/9.pgm,25,25,0.8316563367843628,True
5,150,Test/s25/10.pgm,25,25,0.44873127341270447,True
5,150,Test/s26/6.pgm,26,26,0.8531932234764099,True
5,150,Test/s26/7.pgm,26,36,0.8981155753135681,False
5,150,Test/s26/8.pgm,26,26,0.5324191451072693,True
5,150,Test/s26/9.pgm,26,26,0.48599857091903687,True
5,150,Test/s26/10.pgm,26,26,0.45845943689346313,True
5,150,Test/s27/6.pgm,27,38,0.36489084362983704,False
5,150,Test/s27/7.pgm,27,36,1.3834576606750488,False
5,150,Test/s27/8.pgm,27,38,0.8014095425605774,False
5,150,Test/s27/9.pgm,27,38,0.8233672976493835,False
5,150,Test/s27/10.pgm,27,38,1.1723345518112183,False
5,150,Test/s28/6.pgm,28,28,0.43331432342529297,True
5,150,Test/s28/7.pgm,28,28,0.5612248778343201,True
5,150,Test/s28/8.pgm,28,36,0.9482767581939697,False
5,150,Test/s28/9.pgm,28,30,1.0644855499267578,False
5,150,Test/s28/10.pgm,28,21,1.2999777793884277,False
5,150,Test/s29/6.pgm,29,29,0.6830040812492371,True
5,150,Test/s29/7.pgm,29,29,0.4276719391345978,True
5,150,Test/s29/8.pgm,29,38,1.162380337715149,False
5,150,Test/s29/9.pgm,29,22,1.294822096824646,False
5,150,Test/s29/10.pgm,29,29,0.9527832269668579,True
5,150,Test/s30/6.pgm,30,38,1.1811128854751587,False
5,150,Test/s30/7.pgm,30,37,1.240612268447876,False
5,150,Test/s30/8.pgm,30,30,0.8215433359146118,True
5,150,Test/s30/9.pgm,30,30,1.1543047428131104,True
5,150,Test/s30/10.pgm,30,30,0.8453582525253296,True
5,150,Test/s31/6.pgm,31,12,1.4103624820709229,False
5,150,Test/s31/7.pgm,31,40,1.2203435897827148,False
5,150,Test/s31/8.pgm,31,31,1.3869549036026,True
5,150,Test/s31/9.pgm,31,26,0.9968708753585815,False
5,150,Test/s31/10.pgm,31,40,1.3731294870376587,False
5,150,Test/s32/6.pgm,32,30,1.4463738203048706,False
5,150,Test/s32/7.pgm,32,36,1.3633112907409668,False
5,150,Test/s32/8.pgm,32,32,1.7601335048675537,True
5,150,Test/s32/9.pgm,32,32,1.8602958917617798,True
5,150,Test/s32/10.pgm,32,37,1.8267021179199219,False
5,150,Test/s33/6.pgm,33,23,1.840973138809204,False
5,150,Test/s33/7.pgm,33,33,0.7913429141044617,True
5,150,Test/s33/8.pgm,33,22,1.679374098777771,False
5,150,Test/s33/9.pgm,33,27,1.281270980834961,False
5,150,Test/s33/10.pgm,33,33,0.38268542289733887,True
5,150,Test/s34/6.pgm,34,34,1.4467964172363281,True
5,150,Test/s34/7.pgm,34,34,1.3507734537124634,True
5,150,Test/s34/8.pgm,34,34,2.00256609916687,True
5,150,Test/s34/9.pgm,34,34,2.195824146270752,True
5,150,Test/s34/10.pgm,34,34,2.324160575866699,True
5,150,Test/s35/6.pgm,35,19,1.1439753770828247,False
5,150,Test/s35/7.pgm,35,13,1.5506376028060913,False
5,150,Test/s35/8.pgm,35,35,0.9906156659126282,True
5,150,Test/s35/9.pgm,35,35,1.2573267221450806,True
5,150,Test/s35/10.pgm,35,35,1.4260872602462769,True
5,150,Test/s36/6.pgm,36,13,1.212679147720337,False
5,150,Test/s36/7.pgm,36,25,0.9061005711555481,False
5,150,Test/s36/8.pgm,36,36,0.6749341487884521,True
5,150,Test/s36/9.pgm,36,36,1.3265689611434937,True
5,150,Test/s36/10.pgm,36,36,1.221228837966919,True
5,150,Test/s37/6.pgm,37,37,0.3784346580505371,True
5,150,Test/s37/7.pgm,37,36,0.6719014644622803,False
5,150,Test/s37/8.pgm,37,30,0.9179100394248962,False
5,150,Test/s37/9.pgm,37,30,0.8212463855743408,False
5,150,Test/s37/10.pgm,37,36,0.9188151955604553,False
5,150,Test/s38/6.pgm,38,38,0.8866886496543884,True
5,150,Test/s38/7.pgm,38,38,0.3421817123889923,True
5,150,Test/s38/8.pgm,38,23,1.293144702911377,False
5,150,Test/s38/9.pgm,38,38,0.6195163726806641,True
5,150,Test/s38/10.pgm,38,38,1.103080153465271,True
5,150,Test/s39/6.pgm,39,22,1.056788682937622,False
5,150,Test/s39/7.pgm,39,10,1.607574462890625,False
5,150,Test/s39/8.pgm,39,39,1.2269799709320068,True
5,150,Test/s39/9.pgm,39,22,0.770397961139679,False
5,150,Test/s39/10.pgm,39,38,1.5178124904632568,False
5,150,Test/s40/6.pgm,40,15,0.8365712761878967,False
5,150,Test/s40/7.pgm,40,40,0.705150842666626,True
5,150,Test/s40/8.pgm,40,40,0.7213649153709412,True
5,150,Test/s40/9.pgm,40,18,1.020576000213623,False
5,150,Test/s40/10.pgm,40,26,1.2115789651870728,False
10,150,Test/s1/6.pgm,1,1,1.7795498371124268,True
10,150,Test/s1/7.pgm,1,1,2.305372953414917,True
10,150,Test/s1/8.pgm,1,1,2.21614670753479,True
10,150,Test/s1/9.pgm,1,1,2.50053334236145,True
10,150,Test/s1/10.pgm,1,1,2.3780462741851807,True
10,150,Test/s2/6.pgm,2,2,2.4767673015594482,True
10,150,Test/s2/7.pgm,2,2,2.902378559112549,True
10,150,Test/s2/8.pgm,2,2,1.229164481163025,True
10,150,Test/s2/9.pgm,2,2,2.338164806365967,True
10,150,Test/s2/10.pgm,2,2,2.27254056930542,True
10,150,Test/s3/6.pgm,3,3,1.5328572988510132,True
10,150,Test/s3/7.pgm,3,3,1.0278829336166382,True
10,150,Test/s3/8.pgm,3,3,1.1295734643936157,True
10,150,Test/s3/9.pgm,3,3,1.347490668296814,True
10,150,Test/s3/10.pgm,3,3,2.003664970397949,True
10,150,Test/s4/6.pgm,4,25,2.144463300704956,False
10,150,Test/s4/7.pgm,4,4,1.3003603219985962,True
10,150,Test/s4/8.pgm,4,4,0.5547906756401062,True
10,150,Test/s4/9.pgm,4,4,0.713654100894928,True
10,150,Test/s4/10.pgm,4,25,1.4918256998062134,False
10,150,Test/s5/6.pgm,5,5,0.8718706965446472,True
10,150,Test/s5/7.pgm,5,5,0.8463270664215088,True
10,150,Test/s5/8.pgm,5,5,1.9915547370910645,True
10,150,Test/s5/9.pgm,5,5,1.1743041276931763,True
10,150,Test/s5/10.pgm,5,5,1.6128848791122437,True
10,150,Test/s6/6.pgm,6,6,0.4738713502883911,True
10,150,Test/s6/7.pgm,6,6,0.8502321243286133,True
10,150,Test/s6/8.pgm,6,6,1.0148509740829468,True
10,150,Test/s6/9.pgm,6,6,1.518031120300293,True
10,150,Test/s6/10.pgm,6,6,0.5236269235610962,True
10,150,Test/s7/6.pgm,7,7,2.4799158573150635,True
10,150,Test/s7/7.pgm,7,7,2.4385616779327393,True
10,150,Test/s7/8.pgm,7,29,2.128844976425171,False
10,150,Test/s7/9.pgm,7,7,2.1690611839294434,True
10,150,Test/s7/10.pgm,7,23,2.1977434158325195,False
10,150,Test/s8/6.pgm,8,8,0.7904704809188843,True
10,150,Test/s8/7.pgm,8,8,0.6646467447280884,True
10,150,Test/s8/8.pgm,8,8,1.5342676639556885,True
10,150,Test/s8/9.pgm,8,8,2.078322410583496,True
10,150,Test/s8/10.pgm,8,8,1.480464220046997,True
10,150,Test/s9/6.pgm,9,9,1.585254192352295,True
10,150,Test/s9/7.pgm,9,9,1.5939198732376099,True
10,150,Test/s9/8.pgm,9,9,1.5197383165359497,True
10,150,Test/s9/9.pgm,9,9,1.0600944757461548,True
10,150,Test/s9/10.pgm,9,9,1.5798282623291016,True
10,150,Test/s10/6.pgm,10,10,1.836350917816162,True
10,150,Test/s10/7.pgm,10,10,1.8409744501113892,True
10,150,Test/s10/8.pgm,10,10,1.2607024908065796,True
10,150,Test/s10/9.pgm,10,21,2.563185691833496,False
10,150,Test/s10/10.pgm,10,3,1.9257653951644897,False
10,150,Test/s11/6.pgm,11,11,1.8129093647003174,True
10,150,Test/s11/7.pgm,11,22,2.2545156478881836,False
10,150,Test/s11/8.pgm,11,22,1.8066097497940063,False
10,150,Test/s11/9.pgm,11,22,2.491544485092163,False
10,150,Test/s11/10.pgm,11,22,2.3548901081085205,False
10,150,Test/s12/6.pgm,12,17,2.311202049255371,False
10,150,Test/s12/7.pgm,12,12,1.5651723146438599,True
10,150,Test/s12/8.pgm,12,12,1.376912236213684,True
10,150,Test/s12/9.pgm,12,12,2.3885457515716553,True
10,150,Test/s12/10.pgm,12,12,2.3794727325439453,True
10,150,Test/s13/6.pgm,13,18,1.739856481552124,False
10,150,Test/s13/7.pgm,13,13,1.505592703819275,True
10,150,Test/s13/8.pgm,13,13,1.4303537607192993,True
10,150,Test/s13/9.pgm,13,13,1.1732137203216553,True
10,150,Test/s13/10.pgm,13,13,0.4341575503349304,True
10,150,Test/s14/6.pgm,14,22,2.1941022872924805,False
10,150,Test/s14/7.pgm,14,22,2.557751178741455,False
10,150,Test/s14/8.pgm,14,22,2.4381954669952393,False
10,150,Test/s14/9.pgm,14,22,2.2603964805603027,False
10,150,Test/s14/10.pgm,14,22,2.738368272781372,False
10,150,Test/s15/6.pgm,15,15,1.1866049766540527,True
10,150,Test/s15/7.pgm,15,15,1.455075979232788,True
10,150,Test/s15/8.pgm,15,15,2.113546848297119,True
10,150,Test/s15/9.pgm,15,15,2.033534288406372,True
10,150,Test/s15/10.pgm,15,15,1.0711132287979126,True
10,150,Test/s16/6.pgm,16,16,1.8650426864624023,True
10,150,Test/s16/7.pgm,16,1,2.1393861770629883,False
10,150,Test/s16/8.pgm,16,16,2.0835349559783936,True
10,150,Test/s16/9.pgm,16,1,2.4794328212738037,False
10,150,Test/s16/10.pgm,16,16,1.750564455986023,True
10,150,Test/s17/6.pgm,17,24,1.8514422178268433,False
10,150,Test/s17/7.pgm,17,24,1.8416881561279297,False
10,150,Test/s17/8.pgm,17,24,1.788428544998169,False
10,150,Test/s17/9.pgm,17,24,1.796934723854065,False
10,150,Test/s17/10.pgm,17,24,2.0837652683258057,False
10,150,Test/s18/6.pgm,18,18,1.0302886962890625,True
10,150,Test/s18/7.pgm,18,18,1.630706787109375,True
10,150,Test/s18/8.pgm,18,18,0.7993627786636353,True
10,150,Test/s18/9.pgm,18,18,0.8096480369567871,True
10,150,Test/s18/10.pgm,18,18,1.257676362991333,True
10,150,Test/s19/6.pgm,19,19,2.0183348655700684,True
10,150,Test/s19/7.pgm,19,19,1.8861531019210815,True
10,150,Test/s19/8.pgm,19,19,2.1524670124053955,True
10,150,Test/s19/9.pgm,19,17,2.3937630653381348,False
10,150,Test/s19/10.pgm,19,19,1.351901888847351,True
10,150,Test/s20/6.pgm,20,20,0.9608273506164551,True
10,150,Test/s20/7.pgm,20,20,1.6528810262680054,True
10,150,Test/s20/8.pgm,20,29,2.6420669555664062,False
10,150,Test/s20/9.pgm,20,24,2.222562074661255,False
10,150,Test/s20/10.pgm,20,20,0.90965735912323,True
10,150,Test/s21/6.pgm,21,21,1.155447244644165,True
10,150,Test/s21/7.pgm,21,21,1.6888608932495117,True
10,150,Test/s21/8.pgm,21,21,2.065831184387207,True
10,150,Test/s21/9.pgm,21,21,1.0264884233474731,True
10,150,Test/s21/10.pgm,21,21,1.5913894176483154,True
10,150,Test/s22/6.pgm,22,22,1.885850429534912,True
10,150,Test/s22/7.pgm,22,22,1.4052164554595947,True
10,150,Test/s22/8.pgm,22,22,0.9650754928588867,True
10,150,Test/s22/9.pgm,22,22,0.711455762386322,True
10,150,Test/s22/10.pgm,22,22,1.5555675029754639,True
10,150,Test/s23/6.pgm,23,23,0.47243526577949524,True
10,150,Test/s23/7.pgm,23,23,1.0487035512924194,True
10,150,Test/s23/8.pgm,23,23,0.6622231602668762,True
10,150,Test/s23/9.pgm,23,23,1.9685723781585693,True
10,150,Test/s23/10.pgm,23,23,1.5074443817138672,True
10,150,Test/s24/6.pgm,24,24,1.6215978860855103,True
10,150,Test/s24/7.pgm,24,24,1.182478904724121,True
10,150,Test/s24/8.pgm,24,24,1.8703670501708984,True
10,150,Test/s24/9.pgm,24,24,0.7460930943489075,True
10,150,Test/s24/10.pgm,24,24,1.320925235748291,True
10,150,Test/s25/6.pgm,25,25,0.8407420516014099,True
10,150,Test/s25/7.pgm,25,25,0.9121344685554504,True
10,150,Test/s25/8.pgm,25,40,1.355953574180603,False
10,150,Test/s25/9.pgm,25,25,1.2069660425186157,True
10,150,Test/s25/10.pgm,25,25,0.6275438070297241,True
10,150,Test/s26/6.pgm,26,26,1.215419054031372,True
10,150,Test/s26/7.pgm,26,28,2.1376547813415527,False
10,150,Test/s26/8.pgm,26,26,0.9697958827018738,True
10,150,Test/s26/9.pgm,26,26,1.3072659969329834,True
10,150,Test/s26/10.pgm,26,26,0.8251646757125854,True
10,150,Test/s27/6.pgm,27,17,1.1867990493774414,False
10,150,Test/s27/7.pgm,27,17,2.130298137664795,False
10,150,Test/s27/8.pgm,27,17,1.7796937227249146,False
10,150,Test/s27/9.pgm,27,17,2.0035200119018555,False
10,150,Test/s27/10.pgm,27,27,1.8295193910598755,True
10,150,Test/s28/6.pgm,28,28,0.9171102046966553,True
10,150,Test/s28/7.pgm,28,28,1.3627320528030396,True
10,150,Test/s28/8.pgm,28,28,2.2754509449005127,True
10,150,Test/s28/9.pgm,28,23,1.78544020652771,False
10,150,Test/s28/10.pgm,28,28,2.0690019130706787,True
10,150,Test/s29/6.pgm,29,29,1.1380221843719482,True
10,150,Test/s29/7.pgm,29,29,0.6006581783294678,True
10,150,Test/s29/8.pgm,29,29,2.1910552978515625,True
10,150,Test/s29/9.pgm,29,23,2.3834455013275146,False
10,150,Test/s29/10.pgm,29,29,1.1769968271255493,True
10,150,Test/s30/6.pgm,30,30,1.5120742321014404,True
10,150,Test/s30/7.pgm,30,30,1.8163892030715942,True
10,150,Test/s30/8.pgm,30,30,0.9449002742767334,True
10,150,Test/s30/9.pgm,30,30,1.7881344556808472,True
10,150,Test/s30/10.pgm,30,30,1.1501933336257935,True
10,150,Test/s31/6.pgm,31,15,1.832718014717102,False
10,150,Test/s31/7.pgm,31,15,1.576037883758545,False
10,150,Test/s31/8.pgm,31,31,1.5389193296432495,True
10,150,Test/s31/9.pgm,31,15,1.9439172744750977,False
10,150,Test/s31/10.pgm,31,31,1.7510024309158325,True
10,150,Test/s32/6.pgm,32,25,3.157097816467285,False
10,150,Test/s32/7.pgm,32,29,2.1541221141815186,False
10,150,Test/s32/8.pgm,32,32,2.592536449432373,True
10,150,Test/s32/9.pgm,32,32,3.0267577171325684,True
10,150,Test/s32/10.pgm,32,29,3.1408560276031494,False
10,150,Test/s33/6.pgm,33,15,2.371995449066162,False
10,150,Test/s33/7.pgm,33,33,0.9502720832824707,True
10,150,Test/s33/8.pgm,33,29,2.205326795578003,False
10,150,Test/s33/9.pgm,33,33,1.7479535341262817,True
10,150,Test/s33/10.pgm,33,33,0.4517992436885834,True
10,150,Test/s34/6.pgm,34,34,1.742774248123169,True
10,150,Test/s34/7.pgm,34,34,1.617992877960205,True
10,150,Test/s34/8.pgm,34,34,2.3927135467529297,True
10,150,Test/s34/9.pgm,34,15,2.6918578147888184,False
10,150,Test/s34/10.pgm,34,15,2.688737392425537,False
10,150,Test/s35/6.pgm,35,19,2.583951234817505,False
10,150,Test/s35/7.pgm,35,19,2.6187961101531982,False
10,150,Test/s35/8.pgm,35,35,1.363317608833313,True
10,150,Test/s35/9.pgm,35,35,1.6076698303222656,True
10,150,Test/s35/10.pgm,35,35,2.099980354309082,True
10,150,Test/s36/6.pgm,36,24,2.731935501098633,False
10,150,Test/s36/7.pgm,36,24,2.972019910812378,False
10,150,Test/s36/8.pgm,36,36,1.2527130842208862,True
10,150,Test/s36/9.pgm,36,36,2.697385311126709,True
10,150,Test/s36/10.pgm,36,17,2.7702155113220215,False
10,150,Test/s37/6.pgm,37,37,1.1129145622253418,True
10,150,Test/s37/7.pgm,37,26,2.4936087131500244,False
10,150,Test/s37/8.pgm,37,37,2.1423025131225586,True
10,150,Test/s37/9.pgm,37,37,1.4875595569610596,True
10,150,Test/s37/10.pgm,37,37,1.6845184564590454,True
10,150,Test/s38/6.pgm,38,38,1.765531301498413,True
10,150,Test/s38/7.pgm,38,38,0.4540165066719055,True
10,150,Test/s38/8.pgm,38,23,2.063638687133789,False
10,150,Test/s38/9.pgm,38,38,2.3299813270568848,True
10,150,Test/s38/10.pgm,38,38,1.9880930185317993,True
10,150,Test/s39/6.pgm,39,22,2.28133487701416,False
10,150,Test/s39/7.pgm,39,39,2.0407283306121826,True
10,150,Test/s39/8.pgm,39,39,1.5256093740463257,True
10,150,Test/s39/9.pgm,39,39,1.5196090936660767,True
10,150,Test/s39/10.pgm,39,22,2.5952517986297607,False
10,150,Test/s40/6.pgm,40,40,1.648539662361145,True
10,150,Test/s40/7.pgm,40,40,1.4368503093719482,True
10,150,Test/s40/8.pgm,40,40,0.9509502649307251,True
10,150,Test/s40/9.pgm,40,5,2.0373241901397705,False
10,150,Test/s40/10.pgm,40,13,1.7202059030532837,False
15,150,Test/s1/6.pgm,1,1,2.603187084197998,True
15,150,Test/s1/7.pgm,1,1,2.574221611022949,True
15,150,Test/s1/8.pgm,1,1,2.639622688293457,True
15,150,Test/s1/9.pgm,1,1,2.8028042316436768,True
15,150,Test/s1/10.pgm,1,1,2.7295310497283936,True
15,150,Test/s2/6.pgm,2,2,2.733708143234253,True
15,150,Test/s2/7.pgm,2,2,3.089043617248535,True
15,150,Test/s2/8.pgm,2,2,1.2896867990493774,True
15,150,Test/s2/9.pgm,2,2,2.994737386703491,True
15,150,Test/s2/10.pgm,2,2,2.6800589561462402,True
15,150,Test/s3/6.pgm,3,3,1.6590580940246582,True
15,150,Test/s3/7.pgm,3,3,1.4959324598312378,True
15,150,Test/s3/8.pgm,3,3,1.679744839668274,True
15,150,Test/s3/9.pgm,3,3,1.4960688352584839,True
15,150,Test/s3/10.pgm,3,3,2.1537997722625732,True
15,150,Test/s4/6.pgm,4,25,2.376415729522705,False
15,150,Test/s4/7.pgm,4,4,1.5522079467773438,True
15,150,Test/s4/8.pgm,4,4,0.7287433743476868,True
15,150,Test/s4/9.pgm,4,4,0.8558989763259888,True
15,150,Test/s4/10.pgm,4,25,2.2257328033447266,False
15,150,Test/s5/6.pgm,5,5,1.0426486730575562,True
15,150,Test/s5/7.pgm,5,5,0.9617226719856262,True
15,150,Test/s5/8.pgm,5,5,2.165780782699585,True
15,150,Test/s5/9.pgm,5,5,1.6192843914031982,True
15,150,Test/s5/10.pgm,5,5,1.703323483467102,True
15,150,Test/s6/6.pgm,6,6,0.7974516153335571,True
15,150,Test/s6/7.pgm,6,6,1.4205033779144287,True
15,150,Test/s6/8.pgm,6,6,1.1322702169418335,True
15,150,Test/s6/9.pgm,6,6,2.6125285625457764,True
15,150,Test/s6/10.pgm,6,6,0.627083957195282,True
15,150,Test/s7/6.pgm,7,7,2.7614521980285645,True
15,150,Test/s7/7.pgm,7,7,2.866848945617676,True
15,150,Test/s7/8.pgm,7,29,3.2830331325531006,False
15,150,Test/s7/9.pgm,7,7,2.4553205966949463,True
15,150,Test/s7/10.pgm,7,7,2.564291000366211,True
15,150,Test/s8/6.pgm,8,8,0.9875360131263733,True
15,150,Test/s8/7.pgm,8,8,0.8917593359947205,True
15,150,Test/s8/8.pgm,8,8,1.578404188156128,True
15,150,Test/s8/9.pgm,8,8,2.1362009048461914,True
15,150,Test/s8/10.pgm,8,8,1.6164655685424805,True
15,150,Test/s9/6.pgm,9,9,1.8303313255310059,True
15,150,Test/s9/7.pgm,9,9,2.098623037338257,True
15,150,Test/s9/8.pgm,9,9,1.8397841453552246,True
15,150,Test/s9/9.pgm,9,9,1.2583749294281006,True
15,150,Test/s9/10.pgm,9,9,2.1770317554473877,True
15,150,Test/s10/6.pgm,10,10,2.2028608322143555,True
15,150,Test/s10/7.pgm,10,10,2.1756629943847656,True
15,150,Test/s10/8.pgm,10,10,1.6797409057617188,True
15,150,Test/s10/9.pgm,10,3,3.4069323539733887,False
15,150,Test/s10/10.pgm,10,17,3.208366870880127,False
15,150,Test/s11/6.pgm,11,11,1.9477778673171997,True
15,150,Test/s11/7.pgm,11,22,3.2732675075531006,False
15,150,Test/s11/8.pgm,11,22,3.562465190887451,False
15,150,Test/s11/9.pgm,11,22,3.3876516819000244,False
15,150,Test/s11/10.pgm,11,11,2.794527292251587,True
15,150,Test/s12/6.pgm,12,17,2.7687020301818848,False
15,150,Test/s12/7.pgm,12,12,1.9876019954681396,True
15,150,Test/s12/8.pgm,12,12,1.579272747039795,True
15,150,Test/s12/9.pgm,12,12,2.5844907760620117,True
15,150,Test/s12/10.pgm,12,12,2.6003775596618652,True
15,150,Test/s13/6.pgm,13,13,2.0853865146636963,True
15,150,Test/s13/7.pgm,13,13,1.891212821006775,True
15,150,Test/s13/8.pgm,13,13,1.7309577465057373,True
15,150,Test/s13/9.pgm,13,13,1.9596056938171387,True
15,150,Test/s13/10.pgm,13,13,0.7634520530700684,True
15,150,Test/s14/6.pgm,14,17,3.4286725521087646,False
15,150,Test/s14/7.pgm,14,17,3.0202484130859375,False
15,150,Test/s14/8.pgm,14,17,3.3620662689208984,False
15,150,Test/s14/9.pgm,14,22,4.093258380889893,False
15,150,Test/s14/10.pgm,14,22,3.900963306427002,False
15,150,Test/s15/6.pgm,15,15,2.043999195098877,True
15,150,Test/s15/7.pgm,15,15,2.0275440216064453,True
15,150,Test/s15/8.pgm,15,15,2.9084551334381104,True
15,150,Test/s15/9.pgm,15,15,2.6933205127716064,True
15,150,Test/s15/10.pgm,15,15,1.458478331565857,True
15,150,Test/s16/6.pgm,16,16,2.1350104808807373,True
15,150,Test/s16/7.pgm,16,1,2.619859457015991,False
15,150,Test/s16/8.pgm,16,1,2.4000775814056396,False
15,150,Test/s16/9.pgm,16,1,3.068089246749878,False
15,150,Test/s16/10.pgm,16,16,1.8679826259613037,True
15,150,Test/s17/6.pgm,17,29,2.9547977447509766,False
15,150,Test/s17/7.pgm,17,24,2.773920774459839,False
15,150,Test/s17/8.pgm,17,24,2.846717596054077,False
15,150,Test/s17/9.pgm,17,17,2.819038152694702,True
15,150,Test/s17/10.pgm,17,36,2.8929009437561035,False
15,150,Test/s18/6.pgm,18,18,1.2577366828918457,True
15,150,Test/s18/7.pgm,18,18,1.843239665031433,True
15,150,Test/s18/8.pgm,18,18,0.9363294243812561,True
15,150,Test/s18/9.pgm,18,18,1.009711742401123,True
15,150,Test/s18/10.pgm,18,18,1.3714728355407715,True
15,150,Test/s19/6.pgm,19,19,2.561544418334961,True
15,150,Test/s19/7.pgm,19,17,2.576878786087036,False
15,150,Test/s19/8.pgm,19,19,2.818168878555298,True
15,150,Test/s19/9.pgm,19,17,3.2727160453796387,False
15,150,Test/s19/10.pgm,19,19,1.7751139402389526,True
15,150,Test/s20/6.pgm,20,20,1.080366849899292,True
15,150,Test/s20/7.pgm,20,20,1.8678064346313477,True
15,150,Test/s20/8.pgm,20,29,2.7858073711395264,False
15,150,Test/s20/9.pgm,20,20,2.7179346084594727,True
15,150,Test/s20/10.pgm,20,20,1.1117339134216309,True
15,150,Test/s21/6.pgm,21,21,1.7127152681350708,True
15,150,Test/s21/7.pgm,21,21,1.9699586629867554,True
15,150,Test/s21/8.pgm,21,30,2.606127977371216,False
15,150,Test/s21/9.pgm,21,21,1.2275387048721313,True
15,150,Test/s21/10.pgm,21,21,1.9098272323608398,True
15,150,Test/s22/6.pgm,22,22,2.348390579223633,True
15,150,Test/s22/7.pgm,22,22,1.8254145383834839,True
15,150,Test/s22/8.pgm,22,22,1.5668706893920898,True
15,150,Test/s22/9.pgm,22,22,1.1398588418960571,True
15,150,Test/s22/10.pgm,22,22,2.137197494506836,True
15,150,Test/s23/6.pgm,23,23,0.6529764533042908,True
15,150,Test/s23/7.pgm,23,23,1.6306219100952148,True
15,150,Test/s23/8.pgm,23,23,0.7245422601699829,True
15,150,Test/s23/9.pgm,23,23,2.2525298595428467,True
15,150,Test/s23/10.pgm,23,23,1.7997468709945679,True
15,150,Test/s24/6.pgm,24,24,2.122544050216675,True
15,150,Test/s24/7.pgm,24,24,1.4449944496154785,True
15,150,Test/s24/8.pgm,24,24,2.8929314613342285,True
15,150,Test/s24/9.pgm,24,24,0.900715708732605,True
15,150,Test/s24/10.pgm,24,24,1.6053142547607422,True
15,150,Test/s25/6.pgm,25,25,1.0052012205123901,True
15,150,Test/s25/7.pgm,25,25,1.0349807739257812,True
15,150,Test/s25/8.pgm,25,40,1.5401158332824707,False
15,150,Test/s25/9.pgm,25,25,1.2799880504608154,True
15,150,Test/s25/10.pgm,25,25,0.700850784778595,True
15,150,Test/s26/6.pgm,26,26,1.3381094932556152,True
15,150,Test/s26/7.pgm,26,26,2.7053909301757812,True
15,150,Test/s26/8.pgm,26,26,1.074255108833313,True
15,150,Test/s26/9.pgm,26,26,1.5808064937591553,True
15,150,Test/s26/10.pgm,26,26,1.0410220623016357,True
15,150,Test/s27/6.pgm,27,17,1.975738286972046,False
15,150,Test/s27/7.pgm,27,17,2.97867488861084,False
15,150,Test/s27/8.pgm,27,17,2.307353973388672,False
15,150,Test/s27/9.pgm,27,17,2.648773431777954,False
15,150,Test/s27/10.pgm,27,27,2.5930335521698,True
15,150,Test/s28/6.pgm,28,28,1.04163658618927,True
15,150,Test/s28/7.pgm,28,28,2.7624049186706543,True
15,150,Test/s28/8.pgm,28,26,2.5098297595977783,False
15,150,Test/s28/9.pgm,28,25,2.8068933486938477,False
15,150,Test/s28/10.pgm,28,28,2.6979408264160156,True
15,150,Test/s29/6.pgm,29,29,1.3922144174575806,True
15,150,Test/s29/7.pgm,29,29,0.7824733853340149,True
15,150,Test/s29/8.pgm,29,29,2.500913143157959,True
15,150,Test/s29/9.pgm,29,33,2.5753161907196045,False
15,150,Test/s29/10.pgm,29,29,1.3873616456985474,True
15,150,Test/s30/6.pgm,30,30,1.6039975881576538,True
15,150,Test/s30/7.pgm,30,30,2.287954807281494,True
15,150,Test/s30/8.pgm,30,30,1.1798313856124878,True
15,150,Test/s30/9.pgm,30,30,2.2250657081604004,True
15,150,Test/s30/10.pgm,30,30,1.2272138595581055,True
15,150,Test/s31/6.pgm,31,30,3.2177135944366455,False
15,150,Test/s31/7.pgm,31,30,2.993635416030884,False
15,150,Test/s31/8.pgm,31,31,2.3300061225891113,True
15,150,Test/s31/9.pgm,31,30,3.076738119125366,False
15,150,Test/s31/10.pgm,31,31,2.5855276584625244,True
15,150,Test/s32/6.pgm,32,30,3.859363317489624,False
15,150,Test/s32/7.pgm,32,26,3.5153801441192627,False
15,150,Test/s32/8.pgm,32,32,2.926882743835449,True
15,150,Test/s32/9.pgm,32,32,3.377387523651123,True
15,150,Test/s32/10.pgm,32,30,3.7648143768310547,False
15,150,Test/s33/6.pgm,33,30,3.39825701713562,False
15,150,Test/s33/7.pgm,33,33,1.3941030502319336,True
15,150,Test/s33/8.pgm,33,29,2.726191759109497,False
15,150,Test/s33/9.pgm,33,33,1.9865360260009766,True
15,150,Test/s33/10.pgm,33,33,0.5050140619277954,True
15,150,Test/s34/6.pgm,34,34,1.9317936897277832,True
15,150,Test/s34/7.pgm,34,34,1.9411438703536987,True
15,150,Test/s34/8.pgm,34,34,2.6521825790405273,True
15,150,Test/s34/9.pgm,34,34,3.228233814239502,True
15,150,Test/s34/10.pgm,34,34,3.3253109455108643,True
15,150,Test/s35/6.pgm,35,35,3.085953950881958,True
15,150,Test/s35/7.pgm,35,35,3.0608866214752197,True
15,150,Test/s35/8.pgm,35,35,1.716316819190979,True
15,150,Test/s35/9.pgm,35,35,2.060256242752075,True
15,150,Test/s35/10.pgm,35,35,2.3093924522399902,True
15,150,Test/s36/6.pgm,36,24,2.8665072917938232,False
15,150,Test/s36/7.pgm,36,24,3.161627769470215,False
15,150,Test/s36/8.pgm,36,36,1.699629545211792,True
15,150,Test/s36/9.pgm,36,36,3.4080963134765625,True
15,150,Test/s36/10.pgm,36,17,3.060272455215454,False
15,150,Test/s37/6.pgm,37,37,1.4333356618881226,True
15,150,Test/s37/7.pgm,37,26,3.0513603687286377,False
15,150,Test/s37/8.pgm,37,37,3.227548122406006,True
15,150,Test/s37/9.pgm,37,37,1.8830090761184692,True
15,150,Test/s37/10.pgm,37,37,2.3260111808776855,True
15,150,Test/s38/6.pgm,38,38,2.094020128250122,True
15,150,Test/s38/7.pgm,38,38,0.669420599937439,True
15,150,Test/s38/8.pgm,38,38,2.760145425796509,True
15,150,Test/s38/9.pgm,38,38,2.7068138122558594,True
15,150,Test/s38/10.pgm,38,38,2.6837024688720703,True
15,150,Test/s39/6.pgm,39,30,2.6452596187591553,False
15,150,Test/s39/7.pgm,39,39,2.549983263015747,True
15,150,Test/s39/8.pgm,39,39,2.056774139404297,True
15,150,Test/s39/9.pgm,39,39,1.92589271068573,True
15,150,Test/s39/10.pgm,39,30,3.0662057399749756,False
15,150,Test/s40/6.pgm,40,40,1.9057884216308594,True
15,150,Test/s40/7.pgm,40,40,1.7235718965530396,True
15,150,Test/s40/8.pgm,40,40,1.1534464359283447,True
15,150,Test/s40/9.pgm,40,5,2.84078311920166,False
15,150,Test/s40/10.pgm,40,18,2.5215799808502197,False
20,150,Test/s1/6.pgm,1,1,3.065652370452881,True
20,150,Test/s1/7.pgm,1,1,3.097181797027588,True
20,150,Test/s1/8.pgm,1,1,2.867621898651123,True
20,150,Test/s1/9.pgm,1,1,3.0790696144104004,True
20,150,Test/s1/10.pgm,1,1,2.7882235050201416,True
20,150,Test/s2/6.pgm,2,2,2.918034076690674,True
20,150,Test/s2/7.pgm,2,2,3.587934732437134,True
20,150,Test/s2/8.pgm,2,2,1.5424741506576538,True
20,150,Test/s2/9.pgm,2,2,3.216855049133301,True
20,150,Test/s2/10.pgm,2,2,3.257624626159668,True
20,150,Test/s3/6.pgm,3,3,2.4237353801727295,True
20,150,Test/s3/7.pgm,3,3,2.249758720397949,True
20,150,Test/s3/8.pgm,3,3,2.212646722793579,True
20,150,Test/s3/9.pgm,3,3,1.7478362321853638,True
20,150,Test/s3/10.pgm,3,3,2.4105961322784424,True
20,150,Test/s4/6.pgm,4,25,2.4393248558044434,False
20,150,Test/s4/7.pgm,4,4,1.6108498573303223,True
20,150,Test/s4/8.pgm,4,4,0.8268756866455078,True
20,150,Test/s4/9.pgm,4,4,1.1071738004684448,True
20,150,Test/s4/10.pgm,4,25,2.5621931552886963,False
20,150,Test/s5/6.pgm,5,5,1.1349378824234009,True
20,150,Test/s5/7.pgm,5,5,1.1418871879577637,True
20,150,Test/s5/8.pgm,5,5,2.2626209259033203,True
20,150,Test/s5/9.pgm,5,5,1.8242768049240112,True
20,150,Test/s5/10.pgm,5,5,1.8728365898132324,True
20,150,Test/s6/6.pgm,6,6,0.952458381652832,True
20,150,Test/s6/7.pgm,6,6,1.8503270149230957,True
20,150,Test/s6/8.pgm,6,6,1.18231999874115,True
20,150,Test/s6/9.pgm,6,6,3.1476988792419434,True
20,150,Test/s6/10.pgm,6,6,0.7510978579521179,True
20,150,Test/s7/6.pgm,7,7,3.206347703933716,True
20,150,Test/s7/7.pgm,7,7,3.357267379760742,True
20,150,Test/s7/8.pgm,7,29,3.6774849891662598,False
20,150,Test/s7/9.pgm,7,7,2.715367078781128,True
20,150,Test/s7/10.pgm,7,7,2.9247236251831055,True
20,150,Test/s8/6.pgm,8,8,1.137356162071228,True
20,150,Test/s8/7.pgm,8,8,1.1047075986862183,True
20,150,Test/s8/8.pgm,8,8,1.7455452680587769,True
20,150,Test/s8/9.pgm,8,8,2.3711774349212646,True
20,150,Test/s8/10.pgm,8,8,1.9862474203109741,True
20,150,Test/s9/6.pgm,9,9,1.8906759023666382,True
20,150,Test/s9/7.pgm,9,9,2.1405394077301025,True
20,150,Test/s9/8.pgm,9,9,2.1504158973693848,True
20,150,Test/s9/9.pgm,9,9,1.3422715663909912,True
20,150,Test/s9/10.pgm,9,9,2.307833194732666,True
20,150,Test/s10/6.pgm,10,10,2.5391721725463867,True
20,150,Test/s10/7.pgm,10,10,2.583559989929199,True
20,150,Test/s10/8.pgm,10,10,1.8858957290649414,True
20,150,Test/s10/9.pgm,10,10,4.64971923828125,True
20,150,Test/s10/10.pgm,10,17,3.6698436737060547,False
20,150,Test/s11/6.pgm,11,11,2.2304062843322754,True
20,150,Test/s11/7.pgm,11,11,3.875959634780884,True
20,150,Test/s11/8.pgm,11,17,4.222121715545654,False
20,150,Test/s11/9.pgm,11,11,3.5684876441955566,True
20,150,Test/s11/10.pgm,11,11,3.311976671218872,True
20,150,Test/s12/6.pgm,12,25,3.566833734512329,False
20,150,Test/s12/7.pgm,12,12,2.2313809394836426,True
20,150,Test/s12/8.pgm,12,12,2.1114437580108643,True
20,150,Test/s12/9.pgm,12,12,2.9735043048858643,True
20,150,Test/s12/10.pgm,12,12,2.8409759998321533,True
20,150,Test/s13/6.pgm,13,13,2.494567394256592,True
20,150,Test/s13/7.pgm,13,13,2.9307260513305664,True
20,150,Test/s13/8.pgm,13,13,2.421874523162842,True
20,150,Test/s13/9.pgm,13,13,2.26863169670105,True
20,150,Test/s13/10.pgm,13,13,1.0197547674179077,True
20,150,Test/s14/6.pgm,14,17,3.761204242706299,False
20,150,Test/s14/7.pgm,14,17,3.7633941173553467,False
20,150,Test/s14/8.pgm,14,17,3.802426815032959,False
20,150,Test/s14/9.pgm,14,26,4.666565418243408,False
20,150,Test/s14/10.pgm,14,22,4.330054759979248,False
20,150,Test/s15/6.pgm,15,15,2.2635698318481445,True
20,150,Test/s15/7.pgm,15,15,2.2755959033966064,True
20,150,Test/s15/8.pgm,15,15,3.3034565448760986,True
20,150,Test/s15/9.pgm,15,15,2.936351776123047,True
20,150,Test/s15/10.pgm,15,15,1.6307412385940552,True
20,150,Test/s16/6.pgm,16,16,3.228388547897339,True
20,150,Test/s16/7.pgm,16,1,3.623946189880371,False
20,150,Test/s16/8.pgm,16,1,3.213379144668579,False
20,150,Test/s16/9.pgm,16,1,3.764986991882324,False
20,150,Test/s16/10.pgm,16,16,2.178802728652954,True
20,150,Test/s17/6.pgm,17,29,3.3117523193359375,False
20,150,Test/s17/7.pgm,17,25,3.4148473739624023,False
20,150,Test/s17/8.pgm,17,17,3.394221305847168,True
20,150,Test/s17/9.pgm,17,25,3.3782761096954346,False
20,150,Test/s17/10.pgm,17,36,3.7014355659484863,False
20,150,Test/s18/6.pgm,18,18,1.447312355041504,True
20,150,Test/s18/7.pgm,18,18,1.9446642398834229,True
20,150,Test/s18/8.pgm,18,18,1.0614017248153687,True
20,150,Test/s18/9.pgm,18,18,1.1526349782943726,True
20,150,Test/s18/10.pgm,18,18,2.119011402130127,True
20,150,Test/s19/6.pgm,19,19,3.207947015762329,True
20,150,Test/s19/7.pgm,19,19,3.14038348197937,True
20,150,Test/s19/8.pgm,19,19,3.5954301357269287,True
20,150,Test/s19/9.pgm,19,40,3.8828065395355225,False
20,150,Test/s19/10.pgm,19,19,2.083463430404663,True
20,150,Test/s20/6.pgm,20,20,1.7197895050048828,True
20,150,Test/s20/7.pgm,20,20,2.146207094192505,True
20,150,Test/s20/8.pgm,20,29,3.33439564704895,False
20,150,Test/s20/9.pgm,20,20,3.3490352630615234,True
20,150,Test/s20/10.pgm,20,20,1.439002513885498,True
20,150,Test/s21/6.pgm,21,21,1.8757861852645874,True
20,150,Test/s21/7.pgm,21,21,2.4891867637634277,True
20,150,Test/s21/8.pgm,21,21,3.0689918994903564,True
20,150,Test/s21/9.pgm,21,21,1.4298542737960815,True
20,150,Test/s21/10.pgm,21,21,2.11287784576416,True
20,150,Test/s22/6.pgm,22,22,3.1249828338623047,True
20,150,Test/s22/7.pgm,22,22,2.443415641784668,True
20,150,Test/s22/8.pgm,22,22,2.2661314010620117,True
20,150,Test/s22/9.pgm,22,22,1.603082537651062,True
20,150,Test/s22/10.pgm,22,22,2.731888771057129,True
20,150,Test/s23/6.pgm,23,23,0.8483096361160278,True
20,150,Test/s23/7.pgm,23,23,1.889962077140808,True
20,150,Test/s23/8.pgm,23,23,0.812159538269043,True
20,150,Test/s23/9.pgm,23,23,2.4012463092803955,True
20,150,Test/s23/10.pgm,23,23,1.9050164222717285,True
20,150,Test/s24/6.pgm,24,24,2.2249720096588135,True
20,150,Test/s24/7.pgm,24,24,1.5127832889556885,True
20,150,Test/s24/8.pgm,24,24,2.9519729614257812,True
20,150,Test/s24/9.pgm,24,24,1.0091534852981567,True
20,150,Test/s24/10.pgm,24,24,1.7471611499786377,True
20,150,Test/s25/6.pgm,25,25,1.212700366973877,True
20,150,Test/s25/7.pgm,25,25,1.157885193824768,True
20,150,Test/s25/8.pgm,25,40,1.631264328956604,False
20,150,Test/s25/9.pgm,25,25,1.3808376789093018,True
20,150,Test/s25/10.pgm,25,25,0.9528993368148804,True
20,150,Test/s26/6.pgm,26,26,1.6707417964935303,True
20,150,Test/s26/7.pgm,26,26,3.074777126312256,True
20,150,Test/s26/8.pgm,26,26,1.2107429504394531,True
20,150,Test/s26/9.pgm,26,26,1.8148462772369385,True
20,150,Test/s26/10.pgm,26,26,1.2299896478652954,True
20,150,Test/s27/6.pgm,27,17,3.6683547496795654,False
20,150,Test/s27/7.pgm,27,17,3.9998104572296143,False
20,150,Test/s27/8.pgm,27,17,3.8201279640197754,False
20,150,Test/s27/9.pgm,27,17,4.008724212646484,False
20,150,Test/s27/10.pgm,27,27,3.0512819290161133,True
20,150,Test/s28/6.pgm,28,28,1.1668676137924194,True
20,150,Test/s28/7.pgm,28,28,3.146610975265503,True
20,150,Test/s28/8.pgm,28,26,3.0762505531311035,False
20,150,Test/s28/9.pgm,28,25,2.987983226776123,False
20,150,Test/s28/10.pgm,28,28,2.8934545516967773,True
20,150,Test/s29/6.pgm,29,29,1.6711355447769165,True
20,150,Test/s29/7.pgm,29,29,1.0017151832580566,True
20,150,Test/s29/8.pgm,29,29,2.6586482524871826,True
20,150,Test/s29/9.pgm,29,23,3.0464677810668945,False
20,150,Test/s29/10.pgm,29,29,1.72935950756073,True
20,150,Test/s30/6.pgm,30,30,1.9137223958969116,True
20,150,Test/s30/7.pgm,30,30,2.5033812522888184,True
20,150,Test/s30/8.pgm,30,30,1.7586781978607178,True
20,150,Test/s30/9.pgm,30,30,2.8320364952087402,True
20,150,Test/s30/10.pgm,30,30,1.2582498788833618,True
20,150,Test/s31/6.pgm,31,30,3.7146670818328857,False
20,150,Test/s31/7.pgm,31,30,3.6207423210144043,False
20,150,Test/s31/8.pgm,31,31,2.3858251571655273,True
20,150,Test/s31/9.pgm,31,30,3.5301389694213867,False
20,150,Test/s31/10.pgm,31,31,2.6848323345184326,True
20,150,Test/s32/6.pgm,32,25,4.072813510894775,False
20,150,Test/s32/7.pgm,32,26,3.9539737701416016,False
20,150,Test/s32/8.pgm,32,32,3.7225379943847656,True
20,150,Test/s32/9.pgm,32,32,3.844104766845703,True
20,150,Test/s32/10.pgm,32,25,4.108914852142334,False
20,150,Test/s33/6.pgm,33,39,4.010087013244629,False
20,150,Test/s33/7.pgm,33,33,1.5538910627365112,True
20,150,Test/s33/8.pgm,33,29,3.3814315795898438,False
20,150,Test/s33/9.pgm,33,33,2.4645755290985107,True
20,150,Test/s33/10.pgm,33,33,0.5782338380813599,True
20,150,Test/s34/6.pgm,34,34,2.1981873512268066,True
20,150,Test/s34/7.pgm,34,34,3.1465036869049072,True
20,150,Test/s34/8.pgm,34,34,2.8436508178710938,True
20,150,Test/s34/9.pgm,34,34,3.484996795654297,True
20,150,Test/s34/10.pgm,34,34,3.5185279846191406,True
20,150,Test/s35/6.pgm,35,35,3.407367467880249,True
20,150,Test/s35/7.pgm,35,35,4.039243221282959,True
20,150,Test/s35/8.pgm,35,35,2.2320706844329834,True
20,150,Test/s35/9.pgm,35,35,3.123462200164795,True
20,150,Test/s35/10.pgm,35,35,3.1108205318450928,True
20,150,Test/s36/6.pgm,36,24,3.5046567916870117,False
20,150,Test/s36/7.pgm,36,24,3.772150754928589,False
20,150,Test/s36/8.pgm,36,36,2.0095443725585938,True
20,150,Test/s36/9.pgm,36,36,4.1048760414123535,True
20,150,Test/s36/10.pgm,36,17,3.883708953857422,False
20,150,Test/s37/6.pgm,37,37,1.5701096057891846,True
20,150,Test/s37/7.pgm,37,26,3.8264529705047607,False
20,150,Test/s37/8.pgm,37,37,3.4125967025756836,True
20,150,Test/s37/9.pgm,37,37,1.984459638595581,True
20,150,Test/s37/10.pgm,37,37,2.404428482055664,True
20,150,Test/s38/6.pgm,38,38,2.220900297164917,True
20,150,Test/s38/7.pgm,38,38,0.7102020382881165,True
20,150,Test/s38/8.pgm,38,38,2.8752565383911133,True
20,150,Test/s38/9.pgm,38,38,2.9311976432800293,True
20,150,Test/s38/10.pgm,38,38,2.8860340118408203,True
20,150,Test/s39/6.pgm,39,30,2.972567319869995,False
20,150,Test/s39/7.pgm,39,39,2.7109196186065674,True
20,150,Test/s39/8.pgm,39,39,2.3199708461761475,True
20,150,Test/s39/9.pgm,39,39,2.033092498779297,True
20,150,Test/s39/10.pgm,39,30,3.21970272064209,False
20,150,Test/s40/6.pgm,40,40,2.088108539581299,True
20,150,Test/s40/7.pgm,40,40,1.8899368047714233,True
20,150,Test/s40/8.pgm,40,40,1.3651310205459595,True
20,150,Test/s40/9.pgm,40,5,3.100295066833496,False
20,150,Test/s40/10.pgm,40,5,2.7232449054718018,False
25,150,Test/s1/6.pgm,1,1,3.486034870147705,True
25,150,Test/s1/7.pgm,1,1,3.305886745452881,True
25,150,Test/s1/8.pgm,1,1,3.058281898498535,True
25,150,Test/s1/9.pgm,1,1,3.5117604732513428,True
25,150,Test/s1/10.pgm,1,1,3.7547197341918945,True
25,150,Test/s2/6.pgm,2,2,3.1980648040771484,True
25,150,Test/s2/7.pgm,2,2,3.7466166019439697,True
25,150,Test/s2/8.pgm,2,2,1.5916638374328613,True
25,150,Test/s2/9.pgm,2,2,3.7781691551208496,True
25,150,Test/s2/10.pgm,2,2,3.5022084712982178,True
25,150,Test/s3/6.pgm,3,3,3.048567533493042,True
25,150,Test/s3/7.pgm,3,3,3.200117588043213,True
25,150,Test/s3/8.pgm,3,3,3.2178752422332764,True
25,150,Test/s3/9.pgm,3,3,2.3172929286956787,True
25,150,Test/s3/10.pgm,3,3,2.868992328643799,True
25,150,Test/s4/6.pgm,4,25,2.5467443466186523,False
25,150,Test/s4/7.pgm,4,4,1.7486512660980225,True
25,150,Test/s4/8.pgm,4,4,1.0072710514068604,True
25,150,Test/s4/9.pgm,4,4,1.2385153770446777,True
25,150,Test/s4/10.pgm,4,25,3.0136213302612305,False
25,150,Test/s5/6.pgm,5,5,1.3403774499893188,True
25,150,Test/s5/7.pgm,5,5,1.1828151941299438,True
25,150,Test/s5/8.pgm,5,5,2.928375244140625,True
25,150,Test/s5/9.pgm,5,5,2.2038304805755615,True
25,150,Test/s5/10.pgm,5,5,2.319939374923706,True
25,150,Test/s6/6.pgm,6,6,0.98853600025177,True
25,150,Test/s6/7.pgm,6,6,2.1592209339141846,True
25,150,Test/s6/8.pgm,6,6,1.384169101715088,True
25,150,Test/s6/9.pgm,6,6,3.571918487548828,True
25,150,Test/s6/10.pgm,6,6,0.9205312728881836,True
25,150,Test/s7/6.pgm,7,7,3.277947187423706,True
25,150,Test/s7/7.pgm,7,7,3.444756031036377,True
25,150,Test/s7/8.pgm,7,29,4.555341720581055,False
25,150,Test/s7/9.pgm,7,7,2.7838587760925293,True
25,150,Test/s7/10.pgm,7,7,3.0240354537963867,True
25,150,Test/s8/6.pgm,8,8,1.4321414232254028,True
25,150,Test/s8/7.pgm,8,8,1.2565228939056396,True
25,150,Test/s8/8.pgm,8,8,1.807521939277649,True
25,150,Test/s8/9.pgm,8,8,2.492520332336426,True
25,150,Test/s8/10.pgm,8,8,2.1941123008728027,True
25,150,Test/s9/6.pgm,9,9,2.1261298656463623,True
25,150,Test/s9/7.pgm,9,9,2.5966148376464844,True
25,150,Test/s9/8.pgm,9,9,2.381260633468628,True
25,150,Test/s9/9.pgm,9,9,1.4563634395599365,True
25,150,Test/s9/10.pgm,9,9,2.8140978813171387,True
25,150,Test/s10/6.pgm,10,10,2.7718870639801025,True
25,150,Test/s10/7.pgm,10,10,2.684265375137329,True
25,150,Test/s10/8.pgm,10,10,2.0397469997406006,True
25,150,Test/s10/9.pgm,10,10,5.2499823570251465,True
25,150,Test/s10/10.pgm,10,5,4.9549031257629395,False
25,150,Test/s11/6.pgm,11,11,2.39064884185791,True
25,150,Test/s11/7.pgm,11,11,4.09501314163208,True
25,150,Test/s11/8.pgm,11,15,5.2869672775268555,False
25,150,Test/s11/9.pgm,11,11,3.6605100631713867,True
25,150,Test/s11/10.pgm,11,11,3.558570623397827,True
25,150,Test/s12/6.pgm,12,12,3.851775884628296,True
25,150,Test/s12/7.pgm,12,12,2.4389400482177734,True
25,150,Test/s12/8.pgm,12,12,2.4835586547851562,True
25,150,Test/s12/9.pgm,12,12,3.278554677963257,True
25,150,Test/s12/10.pgm,12,12,3.0636396408081055,True
25,150,Test/s13/6.pgm,13,13,3.1837828159332275,True
25,150,Test/s13/7.pgm,13,13,3.2185139656066895,True
25,150,Test/s13/8.pgm,13,13,2.8384995460510254,True
25,150,Test/s13/9.pgm,13,13,3.1462812423706055,True
25,150,Test/s13/10.pgm,13,13,1.3012049198150635,True
25,150,Test/s14/6.pgm,14,26,4.758472919464111,False
25,150,Test/s14/7.pgm,14,26,4.8680620193481445,False
25,150,Test/s14/8.pgm,14,5,4.7995758056640625,False
25,150,Test/s14/9.pgm,14,39,5.203994274139404,False
25,150,Test/s14/10.pgm,14,22,4.953588962554932,False
25,150,Test/s15/6.pgm,15,15,2.5997250080108643,True
25,150,Test/s15/7.pgm,15,15,2.453979015350342,True
25,150,Test/s15/8.pgm,15,15,3.9274332523345947,True
25,150,Test/s15/9.pgm,15,15,3.098233699798584,True
25,150,Test/s15/10.pgm,15,15,1.8135677576065063,True
25,150,Test/s16/6.pgm,16,16,3.8253233432769775,True
25,150,Test/s16/7.pgm,16,1,4.431190013885498,False
25,150,Test/s16/8.pgm,16,1,3.568377733230591,False
25,150,Test/s16/9.pgm,16,1,4.383031845092773,False
25,150,Test/s16/10.pgm,16,16,2.394866466522217,True
25,150,Test/s17/6.pgm,17,25,3.630444049835205,False
25,150,Test/s17/7.pgm,17,25,3.4523262977600098,False
25,150,Test/s17/8.pgm,17,17,3.8490259647369385,True
25,150,Test/s17/9.pgm,17,25,3.474972724914551,False
25,150,Test/s17/10.pgm,17,25,4.256195545196533,False
25,150,Test/s18/6.pgm,18,18,1.5931264162063599,True
25,150,Test/s18/7.pgm,18,18,2.1559665203094482,True
25,150,Test/s18/8.pgm,18,18,1.2466461658477783,True
25,150,Test/s18/9.pgm,18,18,1.385130524635315,True
25,150,Test/s18/10.pgm,18,18,2.358353853225708,True
25,150,Test/s19/6.pgm,19,19,3.5436511039733887,True
25,150,Test/s19/7.pgm,19,19,3.9715771675109863,True
25,150,Test/s19/8.pgm,19,19,4.318473815917969,True
25,150,Test/s19/9.pgm,19,40,4.326326370239258,False
25,150,Test/s19/10.pgm,19,19,2.2115707397460938,True
25,150,Test/s20/6.pgm,20,20,1.7416388988494873,True
25,150,Test/s20/7.pgm,20,20,2.2001516819000244,True
25,150,Test/s20/8.pgm,20,29,4.209925651550293,False
25,150,Test/s20/9.pgm,20,20,3.9830057621002197,True
25,150,Test/s20/10.pgm,20,20,1.9437793493270874,True
25,150,Test/s21/6.pgm,21,21,2.118379831314087,True
25,150,Test/s21/7.pgm,21,21,2.567739486694336,True
25,150,Test/s21/8.pgm,21,21,3.1765928268432617,True
25,150,Test/s21/9.pgm,21,21,1.4488224983215332,True
25,150,Test/s21/10.pgm,21,21,2.1799395084381104,True
25,150,Test/s22/6.pgm,22,22,3.734215497970581,True
25,150,Test/s22/7.pgm,22,22,3.103963613510132,True
25,150,Test/s22/8.pgm,22,22,2.698085069656372,True
25,150,Test/s22/9.pgm,22,22,1.8002442121505737,True
25,150,Test/s22/10.pgm,22,22,3.329505205154419,True
25,150,Test/s23/6.pgm,23,23,0.9925968647003174,True
25,150,Test/s23/7.pgm,23,23,1.9622783660888672,True
25,150,Test/s23/8.pgm,23,23,0.8603986501693726,True
25,150,Test/s23/9.pgm,23,23,2.5931215286254883,True
25,150,Test/s23/10.pgm,23,23,2.2834813594818115,True
25,150,Test/s24/6.pgm,24,24,2.362602710723877,True
25,150,Test/s24/7.pgm,24,24,1.6769144535064697,True
25,150,Test/s24/8.pgm,24,24,3.27168869972229,True
25,150,Test/s24/9.pgm,24,24,1.2687091827392578,True
25,150,Test/s24/10.pgm,24,24,2.043898344039917,True
25,150,Test/s25/6.pgm,25,25,1.3520506620407104,True
25,150,Test/s25/7.pgm,25,25,1.2877545356750488,True
25,150,Test/s25/8.pgm,25,25,2.0521674156188965,True
25,150,Test/s25/9.pgm,25,25,1.5968170166015625,True
25,150,Test/s25/10.pgm,25,25,1.1541646718978882,True
25,150,Test/s26/6.pgm,26,26,2.0926082134246826,True
25,150,Test/s26/7.pgm,26,23,3.5205862522125244,False
25,150,Test/s26/8.pgm,26,26,1.4640694856643677,True
25,150,Test/s26/9.pgm,26,26,1.9621796607971191,True
25,150,Test/s26/10.pgm,26,26,1.5315401554107666,True
25,150,Test/s27/6.pgm,27,25,4.2536396980285645,False
25,150,Test/s27/7.pgm,27,26,4.393674850463867,False
25,150,Test/s27/8.pgm,27,25,4.34567403793335,False
25,150,Test/s27/9.pgm,27,25,4.606746196746826,False
25,150,Test/s27/10.pgm,27,27,3.1870110034942627,True
25,150,Test/s28/6.pgm,28,28,1.3807461261749268,True
25,150,Test/s28/7.pgm,28,28,3.305964231491089,True
25,150,Test/s28/8.pgm,28,26,4.043397426605225,False
25,150,Test/s28/9.pgm,28,23,3.9321765899658203,False
25,150,Test/s28/10.pgm,28,28,3.2229745388031006,True
25,150,Test/s29/6.pgm,29,29,1.8018803596496582,True
25,150,Test/s29/7.pgm,29,29,1.2442448139190674,True
25,150,Test/s29/8.pgm,29,29,3.0594074726104736,True
25,150,Test/s29/9.pgm,29,29,3.6543936729431152,True
25,150,Test/s29/10.pgm,29,29,1.7615444660186768,True
25,150,Test/s30/6.pgm,30,30,2.0186920166015625,True
25,150,Test/s30/7.pgm,30,30,2.7096455097198486,True
25,150,Test/s30/8.pgm,30,30,1.9334403276443481,True
25,150,Test/s30/9.pgm,30,30,2.9556877613067627,True
25,150,Test/s30/10.pgm,30,30,1.4403611421585083,True
25,150,Test/s31/6.pgm,31,30,3.953335762023926,False
25,150,Test/s31/7.pgm,31,25,3.949974298477173,False
25,150,Test/s31/8.pgm,31,31,2.7663393020629883,True
25,150,Test/s31/9.pgm,31,30,3.9851486682891846,False
25,150,Test/s31/10.pgm,31,31,3.039769172668457,True
25,150,Test/s32/6.pgm,32,25,4.2989044189453125,False
25,150,Test/s32/7.pgm,32,25,4.63196325302124,False
25,150,Test/s32/8.pgm,32,32,4.053576469421387,True
25,150,Test/s32/9.pgm,32,32,3.996614933013916,True
25,150,Test/s32/10.pgm,32,25,4.381457805633545,False
25,150,Test/s33/6.pgm,33,39,4.488809585571289,False
25,150,Test/s33/7.pgm,33,33,1.8049505949020386,True
25,150,Test/s33/8.pgm,33,33,4.249794960021973,True
25,150,Test/s33/9.pgm,33,33,2.8825719356536865,True
25,150,Test/s33/10.pgm,33,33,0.7404250502586365,True
25,150,Test/s34/6.pgm,34,34,2.3247299194335938,True
25,150,Test/s34/7.pgm,34,34,3.1773040294647217,True
25,150,Test/s34/8.pgm,34,34,3.096559524536133,True
25,150,Test/s34/9.pgm,34,34,3.744976043701172,True
25,150,Test/s34/10.pgm,34,34,3.7636916637420654,True
25,150,Test/s35/6.pgm,35,35,3.651872396469116,True
25,150,Test/s35/7.pgm,35,35,4.329056739807129,True
25,150,Test/s35/8.pgm,35,35,2.6294147968292236,True
25,150,Test/s35/9.pgm,35,35,3.48488450050354,True
25,150,Test/s35/10.pgm,35,35,3.227102279663086,True
25,150,Test/s36/6.pgm,36,24,4.048943042755127,False
25,150,Test/s36/7.pgm,36,24,4.277336597442627,False
25,150,Test/s36/8.pgm,36,36,2.404308795928955,True
25,150,Test/s36/9.pgm,36,36,4.588499069213867,True
25,150,Test/s36/10.pgm,36,40,4.545900344848633,False
25,150,Test/s37/6.pgm,37,37,1.771863341331482,True
25,150,Test/s37/7.pgm,37,37,4.440641403198242,True
25,150,Test/s37/8.pgm,37,37,3.888646364212036,True
25,150,Test/s37/9.pgm,37,37,2.1432313919067383,True
25,150,Test/s37/10.pgm,37,37,2.689882755279541,True
25,150,Test/s38/6.pgm,38,38,2.4277846813201904,True
25,150,Test/s38/7.pgm,38,38,0.8175852298736572,True
25,150,Test/s38/8.pgm,38,38,3.126084327697754,True
25,150,Test/s38/9.pgm,38,38,3.452242136001587,True
25,150,Test/s38/10.pgm,38,38,3.0159010887145996,True
25,150,Test/s39/6.pgm,39,30,3.3291518688201904,False
25,150,Test/s39/7.pgm,39,39,2.8295347690582275,True
25,150,Test/s39/8.pgm,39,39,2.5592520236968994,True
25,150,Test/s39/9.pgm,39,39,2.131312370300293,True
25,150,Test/s39/10.pgm,39,30,3.7254269123077393,False
25,150,Test/s40/6.pgm,40,40,2.520618200302124,True
25,150,Test/s40/7.pgm,40,40,3.202180862426758,True
25,150,Test/s40/8.pgm,40,40,1.4628130197525024,True
25,150,Test/s40/9.pgm,40,5,4.170751094818115,False
25,150,Test/s40/10.pgm,40,5,2.810134172439575,False
30,150,Test/s1/6.pgm,1,1,3.776785373687744,True
30,150,Test/s1/7.pgm,1,1,3.499216318130493,True
30,150,Test/s1/8.pgm,1,1,3.5256361961364746,True
30,150,Test/s1/9.pgm,1,1,3.6475417613983154,True
30,150,Test/s1/10.pgm,1,1,4.0248188972473145,True
30,150,Test/s2/6.pgm,2,2,3.4316673278808594,True
30,150,Test/s2/7.pgm,2,2,3.8910765647888184,True
30,150,Test/s2/8.pgm,2,2,1.8126178979873657,True
30,150,Test/s2/9.pgm,2,2,3.8274762630462646,True
30,150,Test/s2/10.pgm,2,2,3.598262071609497,True
30,150,Test/s3/6.pgm,3,3,3.422032356262207,True
30,150,Test/s3/7.pgm,3,3,3.2959144115448,True
30,150,Test/s3/8.pgm,3,3,3.303118944168091,True
30,150,Test/s3/9.pgm,3,3,2.4805855751037598,True
30,150,Test/s3/10.pgm,3,3,2.9767584800720215,True
30,150,Test/s4/6.pgm,4,25,3.140516757965088,False
30,150,Test/s4/7.pgm,4,4,1.8896602392196655,True
30,150,Test/s4/8.pgm,4,4,1.0900852680206299,True
30,150,Test/s4/9.pgm,4,4,1.4879531860351562,True
30,150,Test/s4/10.pgm,4,4,3.1206107139587402,True
30,150,Test/s5/6.pgm,5,5,1.457902193069458,True
30,150,Test/s5/7.pgm,5,5,1.3395177125930786,True
30,150,Test/s5/8.pgm,5,5,3.12912654876709,True
30,150,Test/s5/9.pgm,5,5,2.6420061588287354,True
30,150,Test/s5/10.pgm,5,5,2.607703447341919,True
30,150,Test/s6/6.pgm,6,6,1.318589448928833,True
30,150,Test/s6/7.pgm,6,6,2.2477669715881348,True
30,150,Test/s6/8.pgm,6,6,1.552631139755249,True
30,150,Test/s6/9.pgm,6,6,3.6335737705230713,True
30,150,Test/s6/10.pgm,6,6,1.295441746711731,True
30,150,Test/s7/6.pgm,7,7,3.448011875152588,True
30,150,Test/s7/7.pgm,7,7,3.533292770385742,True
30,150,Test/s7/8.pgm,7,23,4.839075088500977,False
30,150,Test/s7/9.pgm,7,7,2.900705575942993,True
30,150,Test/s7/10.pgm,7,7,3.1147849559783936,True
30,150,Test/s8/6.pgm,8,8,1.5588433742523193,True
30,150,Test/s8/7.pgm,8,8,1.403794288635254,True
30,150,Test/s8/8.pgm,8,8,1.9112104177474976,True
30,150,Test/s8/9.pgm,8,8,2.6006898880004883,True
30,150,Test/s8/10.pgm,8,8,2.426010847091675,True
30,150,Test/s9/6.pgm,9,9,2.6826412677764893,True
30,150,Test/s9/7.pgm,9,9,3.12178373336792,True
30,150,Test/s9/8.pgm,9,9,2.550816059112549,True
30,150,Test/s9/9.pgm,9,9,1.6344541311264038,True
30,150,Test/s9/10.pgm,9,9,3.041142225265503,True
30,150,Test/s10/6.pgm,10,10,3.0271055698394775,True
30,150,Test/s10/7.pgm,10,10,2.92726993560791,True
30,150,Test/s10/8.pgm,10,10,2.1766157150268555,True
30,150,Test/s10/9.pgm,10,10,5.755590438842773,True
30,150,Test/s10/10.pgm,10,10,5.37035608291626,True
30,150,Test/s11/6.pgm,11,11,2.716209888458252,True
30,150,Test/s11/7.pgm,11,11,4.465832710266113,True
30,150,Test/s11/8.pgm,11,15,5.437095642089844,False
30,150,Test/s11/9.pgm,11,11,3.9748647212982178,True
30,150,Test/s11/10.pgm,11,11,4.006117343902588,True
30,150,Test/s12/6.pgm,12,12,3.9273078441619873,True
30,150,Test/s12/7.pgm,12,12,2.4972856044769287,True
30,150,Test/s12/8.pgm,12,12,2.636367082595825,True
30,150,Test/s12/9.pgm,12,12,3.327208995819092,True
30,150,Test/s12/10.pgm,12,12,3.1139416694641113,True
30,150,Test/s13/6.pgm,13,13,3.766997814178467,True
30,150,Test/s13/7.pgm,13,13,3.544403314590454,True
30,150,Test/s13/8.pgm,13,13,3.090223789215088,True
30,150,Test/s13/9.pgm,13,13,3.456590414047241,True
30,150,Test/s13/10.pgm,13,13,1.4162566661834717,True
30,150,Test/s14/6.pgm,14,25,5.192324161529541,False
30,150,Test/s14/7.pgm,14,21,5.272027969360352,False
30,150,Test/s14/8.pgm,14,21,5.255134582519531,False
30,150,Test/s14/9.pgm,14,39,5.470285415649414,False
30,150,Test/s14/10.pgm,14,22,5.143632888793945,False
30,150,Test/s15/6.pgm,15,15,2.8024063110351562,True
30,150,Test/s15/7.pgm,15,15,2.619462490081787,True
30,150,Test/s15/8.pgm,15,15,4.0595879554748535,True
30,150,Test/s15/9.pgm,15,15,3.2650954723358154,True
30,150,Test/s15/10.pgm,15,15,1.876361608505249,True
30,150,Test/s16/6.pgm,16,16,3.9272408485412598,True
30,150,Test/s16/7.pgm,16,1,4.713919162750244,False
30,150,Test/s16/8.pgm,16,1,4.4258294105529785,False
30,150,Test/s16/9.pgm,16,1,5.088475704193115,False
30,150,Test/s16/10.pgm,16,16,2.4766287803649902,True
30,150,Test/s17/6.pgm,17,25,4.118052959442139,False
30,150,Test/s17/7.pgm,17,25,3.850383996963501,False
30,150,Test/s17/8.pgm,17,17,4.117916584014893,True
30,150,Test/s17/9.pgm,17,25,3.9465200901031494,False
30,150,Test/s17/10.pgm,17,25,4.5712385177612305,False
30,150,Test/s18/6.pgm,18,18,1.88018798828125,True
30,150,Test/s18/7.pgm,18,18,2.6052842140197754,True
30,150,Test/s18/8.pgm,18,18,1.554358720779419,True
30,150,Test/s18/9.pgm,18,18,1.6803630590438843,True
30,150,Test/s18/10.pgm,18,18,2.483494281768799,True
30,150,Test/s19/6.pgm,19,19,3.759380578994751,True
30,150,Test/s19/7.pgm,19,19,4.145618438720703,True
30,150,Test/s19/8.pgm,19,5,4.672028541564941,False
30,150,Test/s19/9.pgm,19,40,4.708706378936768,False
30,150,Test/s19/10.pgm,19,19,2.3407068252563477,True
30,150,Test/s20/6.pgm,20,20,1.8304897546768188,True
30,150,Test/s20/7.pgm,20,20,2.3525655269622803,True
30,150,Test/s20/8.pgm,20,23,4.640327453613281,False
30,150,Test/s20/9.pgm,20,20,4.14100456237793,True
30,150,Test/s20/10.pgm,20,20,2.0719010829925537,True
30,150,Test/s21/6.pgm,21,21,2.492648124694824,True
30,150,Test/s21/7.pgm,21,21,2.645705223083496,True
30,150,Test/s21/8.pgm,21,21,3.3462400436401367,True
30,150,Test/s21/9.pgm,21,21,1.5335638523101807,True
30,150,Test/s21/10.pgm,21,21,2.296433210372925,True
30,150,Test/s22/6.pgm,22,22,3.8410017490386963,True
30,150,Test/s22/7.pgm,22,22,3.195495128631592,True
30,150,Test/s22/8.pgm,22,22,2.754547595977783,True
30,150,Test/s22/9.pgm,22,22,1.8879567384719849,True
30,150,Test/s22/10.pgm,22,22,3.4377734661102295,True
30,150,Test/s23/6.pgm,23,23,1.0711390972137451,True
30,150,Test/s23/7.pgm,23,23,2.1125752925872803,True
30,150,Test/s23/8.pgm,23,23,0.905903697013855,True
30,150,Test/s23/9.pgm,23,23,2.7112843990325928,True
30,150,Test/s23/10.pgm,23,23,2.3747804164886475,True
30,150,Test/s24/6.pgm,24,24,2.790390968322754,True
30,150,Test/s24/7.pgm,24,24,1.7463122606277466,True
30,150,Test/s24/8.pgm,24,24,3.7249622344970703,True
30,150,Test/s24/9.pgm,24,24,1.7340494394302368,True
30,150,Test/s24/10.pgm,24,24,2.4189672470092773,True
30,150,Test/s25/6.pgm,25,25,1.4503514766693115,True
30,150,Test/s25/7.pgm,25,25,1.4504047632217407,True
30,150,Test/s25/8.pgm,25,25,2.3501622676849365,True
30,150,Test/s25/9.pgm,25,25,2.043191432952881,True
30,150,Test/s25/10.pgm,25,25,1.3238283395767212,True
30,150,Test/s26/6.pgm,26,26,2.710127592086792,True
30,150,Test/s26/7.pgm,26,23,3.7729084491729736,False
30,150,Test/s26/8.pgm,26,26,2.0216362476348877,True
30,150,Test/s26/9.pgm,26,26,2.614131450653076,True
30,150,Test/s26/10.pgm,26,26,2.056584119796753,True
30,150,Test/s27/6.pgm,27,25,4.97404670715332,False
30,150,Test/s27/7.pgm,27,26,4.6446733474731445,False
30,150,Test/s27/8.pgm,27,25,4.9864888191223145,False
30,150,Test/s27/9.pgm,27,25,5.187082767486572,False
30,150,Test/s27/10.pgm,27,27,3.436593770980835,True
30,150,Test/s28/6.pgm,28,28,1.7317688465118408,True
30,150,Test/s28/7.pgm,28,28,3.5557641983032227,True
30,150,Test/s28/8.pgm,28,13,4.318953990936279,False
30,150,Test/s28/9.pgm,28,23,4.020585536956787,False
30,150,Test/s28/10.pgm,28,28,3.6907684803009033,True
30,150,Test/s29/6.pgm,29,29,2.299517869949341,True
30,150,Test/s29/7.pgm,29,29,1.3281350135803223,True
30,150,Test/s29/8.pgm,29,29,3.3825953006744385,True
30,150,Test/s29/9.pgm,29,23,3.8772470951080322,False
30,150,Test/s29/10.pgm,29,29,1.7838661670684814,True
30,150,Test/s30/6.pgm,30,30,2.260500192642212,True
30,150,Test/s30/7.pgm,30,30,2.899993658065796,True
30,150,Test/s30/8.pgm,30,30,2.1614811420440674,True
30,150,Test/s30/9.pgm,30,30,3.2194759845733643,True
30,150,Test/s30/10.pgm,30,30,1.6663601398468018,True
30,150,Test/s31/6.pgm,31,30,4.436039924621582,False
30,150,Test/s31/7.pgm,31,30,4.382599830627441,False
30,150,Test/s31/8.pgm,31,31,3.059839963912964,True
30,150,Test/s31/9.pgm,31,30,4.246304988861084,False
30,150,Test/s31/10.pgm,31,31,3.2392194271087646,True
30,150,Test/s32/6.pgm,32,25,4.65946102142334,False
30,150,Test/s32/7.pgm,32,25,4.912071228027344,False
30,150,Test/s32/8.pgm,32,32,4.427375316619873,True
30,150,Test/s32/9.pgm,32,32,4.205226421356201,True
30,150,Test/s32/10.pgm,32,25,4.554543495178223,False
30,150,Test/s33/6.pgm,33,30,4.766578674316406,False
30,150,Test/s33/7.pgm,33,33,2.0187935829162598,True
30,150,Test/s33/8.pgm,33,23,4.463036060333252,False
30,150,Test/s33/9.pgm,33,33,3.103607177734375,True
30,150,Test/s33/10.pgm,33,33,0.8209145069122314,True
30,150,Test/s34/6.pgm,34,34,2.465949296951294,True
30,150,Test/s34/7.pgm,34,34,3.365117073059082,True
30,150,Test/s34/8.pgm,34,34,3.4453136920928955,True
30,150,Test/s34/9.pgm,34,34,4.091055393218994,True
30,150,Test/s34/10.pgm,34,34,4.087817668914795,True
30,150,Test/s35/6.pgm,35,35,3.9884066581726074,True
30,150,Test/s35/7.pgm,35,5,4.903491973876953,False
30,150,Test/s35/8.pgm,35,35,3.0613226890563965,True
30,150,Test/s35/9.pgm,35,35,4.1108198165893555,True
30,150,Test/s35/10.pgm,35,35,3.8962855339050293,True
30,150,Test/s36/6.pgm,36,24,4.724700927734375,False
30,150,Test/s36/7.pgm,36,36,4.810514450073242,True
30,150,Test/s36/8.pgm,36,36,2.645604133605957,True
30,150,Test/s36/9.pgm,36,36,4.845142364501953,True
30,150,Test/s36/10.pgm,36,40,4.881213188171387,False
30,150,Test/s37/6.pgm,37,37,1.9694125652313232,True
30,150,Test/s37/7.pgm,37,23,4.90811824798584,False
30,150,Test/s37/8.pgm,37,37,4.0508832931518555,True
30,150,Test/s37/9.pgm,37,37,2.435072183609009,True
30,150,Test/s37/10.pgm,37,37,3.159634828567505,True
30,150,Test/s38/6.pgm,38,38,2.4939684867858887,True
30,150,Test/s38/7.pgm,38,38,0.8935349583625793,True
30,150,Test/s38/8.pgm,38,38,3.283257246017456,True
30,150,Test/s38/9.pgm,38,38,3.7468764781951904,True
30,150,Test/s38/10.pgm,38,38,3.25722599029541,True
30,150,Test/s39/6.pgm,39,30,3.748192071914673,False
30,150,Test/s39/7.pgm,39,39,3.223938465118408,True
30,150,Test/s39/8.pgm,39,39,2.9831604957580566,True
30,150,Test/s39/9.pgm,39,39,2.3694546222686768,True
30,150,Test/s39/10.pgm,39,30,3.984529972076416,False
30,150,Test/s40/6.pgm,40,40,2.7037429809570312,True
30,150,Test/s40/7.pgm,40,40,3.375889301300049,True
30,150,Test/s40/8.pgm,40,40,1.545440912246704,True
30,150,Test/s40/9.pgm,40,25,4.606659889221191,False
30,150,Test/s40/10.pgm,40,5,3.378025531768799,False
35,150,Test/s1/6.pgm,1,1,3.995588779449463,True
35,150,Test/s1/7.pgm,1,1,3.6676509380340576,True
35,150,Test/s1/8.pgm,1,1,4.1241912841796875,True
35,150,Test/s1/9.pgm,1,1,4.049636363983154,True
35,150,Test/s1/10.pgm,1,1,4.6986589431762695,True
35,150,Test/s2/6.pgm,2,2,3.6699514389038086,True
35,150,Test/s2/7.pgm,2,2,3.970071315765381,True
35,150,Test/s2/8.pgm,2,2,1.890625,True
35,150,Test/s2/9.pgm,2,2,4.010395526885986,True
35,150,Test/s2/10.pgm,2,2,3.8354969024658203,True
35,150,Test/s3/6.pgm,3,3,3.6166739463806152,True
35,150,Test/s3/7.pgm,3,3,3.5509605407714844,True
35,150,Test/s3/8.pgm,3,3,3.4986679553985596,True
35,150,Test/s3/9.pgm,3,3,2.7221484184265137,True
35,150,Test/s3/10.pgm,3,3,3.11948299407959,True
35,150,Test/s4/6.pgm,4,25,4.087356090545654,False
35,150,Test/s4/7.pgm,4,4,2.141367197036743,True
35,150,Test/s4/8.pgm,4,4,1.2271455526351929,True
35,150,Test/s4/9.pgm,4,4,1.9218045473098755,True
35,150,Test/s4/10.pgm,4,4,3.547490119934082,True
35,150,Test/s5/6.pgm,5,5,1.6587764024734497,True
35,150,Test/s5/7.pgm,5,5,1.493924856185913,True
35,150,Test/s5/8.pgm,5,5,3.4288501739501953,True
35,150,Test/s5/9.pgm,5,5,2.8152809143066406,True
35,150,Test/s5/10.pgm,5,5,3.253544807434082,True
35,150,Test/s6/6.pgm,6,6,1.454116940498352,True
35,150,Test/s6/7.pgm,6,6,2.359048366546631,True
35,150,Test/s6/8.pgm,6,6,1.6261334419250488,True
35,150,Test/s6/9.pgm,6,6,3.9693026542663574,True
35,150,Test/s6/10.pgm,6,6,1.4002803564071655,True
35,150,Test/s7/6.pgm,7,7,3.589207649230957,True
35,150,Test/s7/7.pgm,7,7,3.5753536224365234,True
35,150,Test/s7/8.pgm,7,23,5.014429092407227,False
35,150,Test/s7/9.pgm,7,7,3.0015902519226074,True
35,150,Test/s7/10.pgm,7,7,3.192340850830078,True
35,150,Test/s8/6.pgm,8,8,1.7303078174591064,True
35,150,Test/s8/7.pgm,8,8,1.4407100677490234,True
35,150,Test/s8/8.pgm,8,8,2.16062331199646,True
35,150,Test/s8/9.pgm,8,8,2.8404366970062256,True
35,150,Test/s8/10.pgm,8,8,2.505646228790283,True
35,150,Test/s9/6.pgm,9,9,2.9090452194213867,True
35,150,Test/s9/7.pgm,9,9,3.603389024734497,True
35,150,Test/s9/8.pgm,9,9,2.635758399963379,True
35,150,Test/s9/9.pgm,9,9,1.7295724153518677,True
35,150,Test/s9/10.pgm,9,9,3.567448616027832,True
35,150,Test/s10/6.pgm,10,10,3.33225679397583,True
35,150,Test/s10/7.pgm,10,10,3.454549789428711,True
35,150,Test/s10/8.pgm,10,10,2.53818941116333,True
35,150,Test/s10/9.pgm,10,5,5.844015121459961,False
35,150,Test/s10/10.pgm,10,10,5.622581481933594,True
35,150,Test/s11/6.pgm,11,11,2.7344768047332764,True
35,150,Test/s11/7.pgm,11,11,4.581104755401611,True
35,150,Test/s11/8.pgm,11,15,5.927502155303955,False
35,150,Test/s11/9.pgm,11,11,4.082195281982422,True
35,150,Test/s11/10.pgm,11,11,4.119552135467529,True
35,150,Test/s12/6.pgm,12,12,4.032413959503174,True
35,150,Test/s12/7.pgm,12,12,2.5991852283477783,True
35,150,Test/s12/8.pgm,12,12,2.7769007682800293,True
35,150,Test/s12/9.pgm,12,12,3.526705741882324,True
35,150,Test/s12/10.pgm,12,12,3.297757148742676,True
35,150,Test/s13/6.pgm,13,13,4.23722505569458,True
35,150,Test/s13/7.pgm,13,13,4.173573017120361,True
35,150,Test/s13/8.pgm,13,13,3.7514419555664062,True
35,150,Test/s13/9.pgm,13,13,3.790363311767578,True
35,150,Test/s13/10.pgm,13,13,1.555537462234497,True
35,150,Test/s14/6.pgm,14,26,5.486682891845703,False
35,150,Test/s14/7.pgm,14,39,5.653110504150391,False
35,150,Test/s14/8.pgm,14,21,5.608120918273926,False
35,150,Test/s14/9.pgm,14,26,5.906208515167236,False
35,150,Test/s14/10.pgm,14,22,5.197491645812988,False
35,150,Test/s15/6.pgm,15,15,3.042773723602295,True
35,150,Test/s15/7.pgm,15,15,2.8045847415924072,True
35,150,Test/s15/8.pgm,15,15,4.210518836975098,True
35,150,Test/s15/9.pgm,15,15,3.505092144012451,True
35,150,Test/s15/10.pgm,15,15,2.2257211208343506,True
35,150,Test/s16/6.pgm,16,16,4.17949104309082,True
35,150,Test/s16/7.pgm,16,1,5.002420425415039,False
35,150,Test/s16/8.pgm,16,1,4.81965446472168,False
35,150,Test/s16/9.pgm,16,1,5.5685319900512695,False
35,150,Test/s16/10.pgm,16,16,2.6350364685058594,True
35,150,Test/s17/6.pgm,17,23,4.599184036254883,False
35,150,Test/s17/7.pgm,17,24,4.895246505737305,False
35,150,Test/s17/8.pgm,17,17,4.401093482971191,True
35,150,Test/s17/9.pgm,17,17,4.6728434562683105,True
35,150,Test/s17/10.pgm,17,24,5.016509056091309,False
35,150,Test/s18/6.pgm,18,18,2.4152796268463135,True
35,150,Test/s18/7.pgm,18,18,3.2381582260131836,True
35,150,Test/s18/8.pgm,18,18,1.8590046167373657,True
35,150,Test/s18/9.pgm,18,18,1.929575800895691,True
35,150,Test/s18/10.pgm,18,18,2.9334044456481934,True
35,150,Test/s19/6.pgm,19,19,4.104223251342773,True
35,150,Test/s19/7.pgm,19,19,4.177324295043945,True
35,150,Test/s19/8.pgm,19,5,4.925612449645996,False
35,150,Test/s19/9.pgm,19,8,4.950681686401367,False
35,150,Test/s19/10.pgm,19,19,2.499368190765381,True
35,150,Test/s20/6.pgm,20,20,1.9815818071365356,True
35,150,Test/s20/7.pgm,20,20,2.486133337020874,True
35,150,Test/s20/8.pgm,20,23,4.995765209197998,False
35,150,Test/s20/9.pgm,20,20,4.403192520141602,True
35,150,Test/s20/10.pgm,20,20,2.364150285720825,True
35,150,Test/s21/6.pgm,21,21,3.1115641593933105,True
35,150,Test/s21/7.pgm,21,21,2.7924108505249023,True
35,150,Test/s21/8.pgm,21,21,3.4738495349884033,True
35,150,Test/s21/9.pgm,21,21,2.0320217609405518,True
35,150,Test/s21/10.pgm,21,21,2.3779399394989014,True
35,150,Test/s22/6.pgm,22,22,3.918379783630371,True
35,150,Test/s22/7.pgm,22,22,3.321859121322632,True
35,150,Test/s22/8.pgm,22,22,2.8838961124420166,True
35,150,Test/s22/9.pgm,22,22,1.9270970821380615,True
35,150,Test/s22/10.pgm,22,22,3.5741536617279053,True
35,150,Test/s23/6.pgm,23,23,1.1035864353179932,True
35,150,Test/s23/7.pgm,23,23,2.525254249572754,True
35,150,Test/s23/8.pgm,23,23,1.0583090782165527,True
35,150,Test/s23/9.pgm,23,23,2.7750539779663086,True
35,150,Test/s23/10.pgm,23,23,2.648301124572754,True
35,150,Test/s24/6.pgm,24,24,2.8472530841827393,True
35,150,Test/s24/7.pgm,24,24,1.8935332298278809,True
35,150,Test/s24/8.pgm,24,24,3.8314499855041504,True
35,150,Test/s24/9.pgm,24,24,2.0567305088043213,True
35,150,Test/s24/10.pgm,24,24,2.5877785682678223,True
35,150,Test/s25/6.pgm,25,25,1.7394253015518188,True
35,150,Test/s25/7.pgm,25,25,1.8194258213043213,True
35,150,Test/s25/8.pgm,25,25,2.6710588932037354,True
35,150,Test/s25/9.pgm,25,25,2.422096014022827,True
35,150,Test/s25/10.pgm,25,25,1.6811959743499756,True
35,150,Test/s26/6.pgm,26,26,2.807701826095581,True
35,150,Test/s26/7.pgm,26,23,4.295496940612793,False
35,150,Test/s26/8.pgm,26,26,2.1727073192596436,True
35,150,Test/s26/9.pgm,26,26,2.974982261657715,True
35,150,Test/s26/10.pgm,26,26,2.222572088241577,True
35,150,Test/s27/6.pgm,27,26,5.405673980712891,False
35,150,Test/s27/7.pgm,27,26,4.935056209564209,False
35,150,Test/s27/8.pgm,27,26,5.422325611114502,False
35,150,Test/s27/9.pgm,27,27,5.535125732421875,True
35,150,Test/s27/10.pgm,27,27,3.5210368633270264,True
35,150,Test/s28/6.pgm,28,28,1.8065719604492188,True
35,150,Test/s28/7.pgm,28,28,3.637423515319824,True
35,150,Test/s28/8.pgm,28,13,4.722377300262451,False
35,150,Test/s28/9.pgm,28,23,4.33375883102417,False
35,150,Test/s28/10.pgm,28,28,4.117434501647949,True
35,150,Test/s29/6.pgm,29,29,2.416893243789673,True
35,150,Test/s29/7.pgm,29,29,1.4267092943191528,True
35,150,Test/s29/8.pgm,29,29,3.8306806087493896,True
35,150,Test/s29/9.pgm,29,23,4.131289958953857,False
35,150,Test/s29/10.pgm,29,29,1.8851430416107178,True
35,150,Test/s30/6.pgm,30,30,2.5221710205078125,True
35,150,Test/s30/7.pgm,30,30,3.121095657348633,True
35,150,Test/s30/8.pgm,30,30,2.314141273498535,True
35,150,Test/s30/9.pgm,30,30,3.733370542526245,True
35,150,Test/s30/10.pgm,30,30,1.7884643077850342,True
35,150,Test/s31/6.pgm,31,30,4.648542404174805,False
35,150,Test/s31/7.pgm,31,30,4.844120979309082,False
35,150,Test/s31/8.pgm,31,31,3.10190749168396,True
35,150,Test/s31/9.pgm,31,30,4.593538284301758,False
35,150,Test/s31/10.pgm,31,31,3.3042633533477783,True
35,150,Test/s32/6.pgm,32,30,5.0761542320251465,False
35,150,Test/s32/7.pgm,32,30,5.343031406402588,False
35,150,Test/s32/8.pgm,32,32,4.629806041717529,True
35,150,Test/s32/9.pgm,32,32,4.414115905761719,True
35,150,Test/s32/10.pgm,32,30,4.949897766113281,False
35,150,Test/s33/6.pgm,33,30,5.193772315979004,False
35,150,Test/s33/7.pgm,33,33,2.2564358711242676,True
35,150,Test/s33/8.pgm,33,23,4.585615158081055,False
35,150,Test/s33/9.pgm,33,33,3.3589656352996826,True
35,150,Test/s33/10.pgm,33,33,0.981431245803833,True
35,150,Test/s34/6.pgm,34,34,2.7593841552734375,True
35,150,Test/s34/7.pgm,34,34,3.4632184505462646,True
35,150,Test/s34/8.pgm,34,34,3.6579251289367676,True
35,150,Test/s34/9.pgm,34,34,4.349013328552246,True
35,150,Test/s34/10.pgm,34,34,4.291987419128418,True
35,150,Test/s35/6.pgm,35,35,4.264636039733887,True
35,150,Test/s35/7.pgm,35,35,5.347464561462402,True
35,150,Test/s35/8.pgm,35,35,3.2039923667907715,True
35,150,Test/s35/9.pgm,35,35,4.296463489532471,True
35,150,Test/s35/10.pgm,35,35,4.039461612701416,True
35,150,Test/s36/6.pgm,36,24,5.358084201812744,False
35,150,Test/s36/7.pgm,36,36,4.892241477966309,True
35,150,Test/s36/8.pgm,36,36,2.777010679244995,True
35,150,Test/s36/9.pgm,36,36,4.898698806762695,True
35,150,Test/s36/10.pgm,36,26,5.347810745239258,False
35,150,Test/s37/6.pgm,37,37,2.058544635772705,True
35,150,Test/s37/7.pgm,37,37,5.236459732055664,True
35,150,Test/s37/8.pgm,37,37,4.293066024780273,True
35,150,Test/s37/9.pgm,37,37,2.5081303119659424,True
35,150,Test/s37/10.pgm,37,37,3.264374256134033,True
35,150,Test/s38/6.pgm,38,38,2.6340436935424805,True
35,150,Test/s38/7.pgm,38,38,1.2769091129302979,True
35,150,Test/s38/8.pgm,38,38,3.753079891204834,True
35,150,Test/s38/9.pgm,38,38,4.032759189605713,True
35,150,Test/s38/10.pgm,38,38,3.579845905303955,True
35,150,Test/s39/6.pgm,39,30,4.262653827667236,False
35,150,Test/s39/7.pgm,39,39,3.482943296432495,True
35,150,Test/s39/8.pgm,39,39,3.3078677654266357,True
35,150,Test/s39/9.pgm,39,39,2.6552021503448486,True
35,150,Test/s39/10.pgm,39,30,4.518003940582275,False
35,150,Test/s40/6.pgm,40,40,3.04494047164917,True
35,150,Test/s40/7.pgm,40,40,3.8582332134246826,True
35,150,Test/s40/8.pgm,40,40,2.2972469329833984,True
35,150,Test/s40/9.pgm,40,5,5.041198253631592,False
35,150,Test/s40/10.pgm,40,5,3.5382754802703857,False
39,150,Test/s1/6.pgm,1,1,4.226014137268066,True
39,150,Test/s1/7.pgm,1,1,3.88444447517395,True
39,150,Test/s1/8.pgm,1,1,4.481966972351074,True
39,150,Test/s1/9.pgm,1,1,4.286959648132324,True
39,150,Test/s1/10.pgm,1,1,4.845456123352051,True
39,150,Test/s2/6.pgm,2,2,3.8305177688598633,True
39,150,Test/s2/7.pgm,2,2,4.025082111358643,True
39,150,Test/s2/8.pgm,2,2,2.003512144088745,True
39,150,Test/s2/9.pgm,2,2,4.05674934387207,True
39,150,Test/s2/10.pgm,2,2,4.022637844085693,True
39,150,Test/s3/6.pgm,3,3,3.7023980617523193,True
39,150,Test/s3/7.pgm,3,3,3.616001844406128,True
39,150,Test/s3/8.pgm,3,3,3.593122720718384,True
39,150,Test/s3/9.pgm,3,3,2.9025955200195312,True
39,150,Test/s3/10.pgm,3,3,3.2671425342559814,True
39,150,Test/s4/6.pgm,4,25,4.4470648765563965,False
39,150,Test/s4/7.pgm,4,4,2.3956310749053955,True
39,150,Test/s4/8.pgm,4,4,1.31692636013031,True
39,150,Test/s4/9.pgm,4,4,1.9465681314468384,True
39,150,Test/s4/10.pgm,4,4,3.7105917930603027,True
39,150,Test/s5/6.pgm,5,5,1.7921217679977417,True
39,150,Test/s5/7.pgm,5,5,1.6507419347763062,True
39,150,Test/s5/8.pgm,5,5,3.935206651687622,True
39,150,Test/s5/9.pgm,5,5,3.390939235687256,True
39,150,Test/s5/10.pgm,5,5,3.935615062713623,True
39,150,Test/s6/6.pgm,6,6,1.785867691040039,True
39,150,Test/s6/7.pgm,6,6,2.648519515991211,True
39,150,Test/s6/8.pgm,6,6,1.8615648746490479,True
39,150,Test/s6/9.pgm,6,6,4.150054454803467,True
39,150,Test/s6/10.pgm,6,6,1.4450801610946655,True
39,150,Test/s7/6.pgm,7,7,3.686741590499878,True
39,150,Test/s7/7.pgm,7,7,3.7044973373413086,True
39,150,Test/s7/8.pgm,7,23,5.50484561920166,False
39,150,Test/s7/9.pgm,7,7,3.109842300415039,True
39,150,Test/s7/10.pgm,7,7,3.2472164630889893,True
39,150,Test/s8/6.pgm,8,8,1.9026365280151367,True
39,150,Test/s8/7.pgm,8,8,1.4891012907028198,True
39,150,Test/s8/8.pgm,8,8,2.22230863571167,True
39,150,Test/s8/9.pgm,8,8,2.9347312450408936,True
39,150,Test/s8/10.pgm,8,8,2.6537153720855713,True
39,150,Test/s9/6.pgm,9,9,3.6207213401794434,True
39,150,Test/s9/7.pgm,9,9,3.977400064468384,True
39,150,Test/s9/8.pgm,9,9,3.2145302295684814,True
39,150,Test/s9/9.pgm,9,9,1.8965396881103516,True
39,150,Test/s9/10.pgm,9,9,3.8499834537506104,True
39,150,Test/s10/6.pgm,10,10,3.915872812271118,True
39,150,Test/s10/7.pgm,10,10,3.708134174346924,True
39,150,Test/s10/8.pgm,10,10,2.622929811477661,True
39,150,Test/s10/9.pgm,10,10,6.037930965423584,True
39,150,Test/s10/10.pgm,10,10,5.698620796203613,True
39,150,Test/s11/6.pgm,11,11,2.76408052444458,True
39,150,Test/s11/7.pgm,11,11,4.668732643127441,True
39,150,Test/s11/8.pgm,11,15,6.171688079833984,False
39,150,Test/s11/9.pgm,11,11,4.133692741394043,True
39,150,Test/s11/10.pgm,11,11,4.197394847869873,True
39,150,Test/s12/6.pgm,12,12,4.086164951324463,True
39,150,Test/s12/7.pgm,12,12,2.7391955852508545,True
39,150,Test/s12/8.pgm,12,12,3.0393331050872803,True
39,150,Test/s12/9.pgm,12,12,3.5734362602233887,True
39,150,Test/s12/10.pgm,12,12,3.3750107288360596,True
39,150,Test/s13/6.pgm,13,13,4.573302745819092,True
39,150,Test/s13/7.pgm,13,13,4.387253284454346,True
39,150,Test/s13/8.pgm,13,13,3.8672361373901367,True
39,150,Test/s13/9.pgm,13,13,4.0653605461120605,True
39,150,Test/s13/10.pgm,13,13,1.7121176719665527,True
39,150,Test/s14/6.pgm,14,21,5.657583713531494,False
39,150,Test/s14/7.pgm,14,21,5.808121204376221,False
39,150,Test/s14/8.pgm,14,21,5.700626850128174,False
39,150,Test/s14/9.pgm,14,21,6.119699954986572,False
39,150,Test/s14/10.pgm,14,22,5.318113803863525,False
39,150,Test/s15/6.pgm,15,15,3.0735864639282227,True
39,150,Test/s15/7.pgm,15,15,3.0576376914978027,True
39,150,Test/s15/8.pgm,15,15,4.342159748077393,True
39,150,Test/s15/9.pgm,15,15,3.7006866931915283,True
39,150,Test/s15/10.pgm,15,15,2.4437339305877686,True
39,150,Test/s16/6.pgm,16,16,4.256740093231201,True
39,150,Test/s16/7.pgm,16,1,5.22685432434082,False
39,150,Test/s16/8.pgm,16,1,5.121509552001953,False
39,150,Test/s16/9.pgm,16,1,5.669539928436279,False
39,150,Test/s16/10.pgm,16,16,2.8694908618927,True
39,150,Test/s17/6.pgm,17,23,4.846994876861572,False
39,150,Test/s17/7.pgm,17,24,5.167856216430664,False
39,150,Test/s17/8.pgm,17,17,4.554987907409668,True
39,150,Test/s17/9.pgm,17,17,4.866582870483398,True
39,150,Test/s17/10.pgm,17,36,5.165769100189209,False
39,150,Test/s18/6.pgm,18,18,2.6459286212921143,True
39,150,Test/s18/7.pgm,18,18,3.391674041748047,True
39,150,Test/s18/8.pgm,18,18,2.0576541423797607,True
39,150,Test/s18/9.pgm,18,18,2.034036874771118,True
39,150,Test/s18/10.pgm,18,18,3.1651129722595215,True
39,150,Test/s19/6.pgm,19,19,4.215090274810791,True
39,150,Test/s19/7.pgm,19,19,4.273313999176025,True
39,150,Test/s19/8.pgm,19,19,5.053983211517334,True
39,150,Test/s19/9.pgm,19,29,5.130643367767334,False
39,150,Test/s19/10.pgm,19,19,2.5673470497131348,True
39,150,Test/s20/6.pgm,20,20,2.0887627601623535,True
39,150,Test/s20/7.pgm,20,20,2.5893731117248535,True
39,150,Test/s20/8.pgm,20,20,5.409477233886719,True
39,150,Test/s20/9.pgm,20,20,4.450240612030029,True
39,150,Test/s20/10.pgm,20,20,2.55521821975708,True
39,150,Test/s21/6.pgm,21,21,3.3684194087982178,True
39,150,Test/s21/7.pgm,21,21,2.877150058746338,True
39,150,Test/s21/8.pgm,21,21,3.6508071422576904,True
39,150,Test/s21/9.pgm,21,21,2.2947897911071777,True
39,150,Test/s21/10.pgm,21,21,2.461858034133911,True
39,150,Test/s22/6.pgm,22,22,3.9835503101348877,True
39,150,Test/s22/7.pgm,22,22,3.436174154281616,True
39,150,Test/s22/8.pgm,22,22,2.972313642501831,True
39,150,Test/s22/9.pgm,22,22,1.9423786401748657,True
39,150,Test/s22/10.pgm,22,22,3.5979816913604736,True
39,150,Test/s23/6.pgm,23,23,1.330694556236267,True
39,150,Test/s23/7.pgm,23,23,2.643625259399414,True
39,150,Test/s23/8.pgm,23,23,1.2126641273498535,True
39,150,Test/s23/9.pgm,23,23,2.967597723007202,True
39,150,Test/s23/10.pgm,23,23,2.729013681411743,True
39,150,Test/s24/6.pgm,24,24,2.9257466793060303,True
39,150,Test/s24/7.pgm,24,24,2.039480686187744,True
39,150,Test/s24/8.pgm,24,24,3.860537052154541,True
39,150,Test/s24/9.pgm,24,24,2.15618634223938,True
39,150,Test/s24/10.pgm,24,24,2.647571086883545,True
39,150,Test/s25/6.pgm,25,25,1.8647966384887695,True
39,150,Test/s25/7.pgm,25,25,1.9368265867233276,True
39,150,Test/s25/8.pgm,25,25,2.7631425857543945,True
39,150,Test/s25/9.pgm,25,25,2.5418174266815186,True
39,150,Test/s25/10.pgm,25,25,1.7179430723190308,True
39,150,Test/s26/6.pgm,26,26,2.819603681564331,True
39,150,Test/s26/7.pgm,26,23,4.641900062561035,False
39,150,Test/s26/8.pgm,26,26,2.3526198863983154,True
39,150,Test/s26/9.pgm,26,26,3.0636579990386963,True
39,150,Test/s26/10.pgm,26,26,2.417945146560669,True
39,150,Test/s27/6.pgm,27,25,5.6712965965271,False
39,150,Test/s27/7.pgm,27,26,5.139665126800537,False
39,150,Test/s27/8.pgm,27,25,5.593115329742432,False
39,150,Test/s27/9.pgm,27,25,5.677783489227295,False
39,150,Test/s27/10.pgm,27,27,3.6260838508605957,True
39,150,Test/s28/6.pgm,28,28,1.8140767812728882,True
39,150,Test/s28/7.pgm,28,28,3.8947300910949707,True
39,150,Test/s28/8.pgm,28,13,4.90449333190918,False
39,150,Test/s28/9.pgm,28,23,5.237605571746826,False
39,150,Test/s28/10.pgm,28,28,4.391822814941406,True
39,150,Test/s29/6.pgm,29,29,2.5099990367889404,True
39,150,Test/s29/7.pgm,29,29,1.4991286993026733,True
39,150,Test/s29/8.pgm,29,29,4.0986199378967285,True
39,150,Test/s29/9.pgm,29,23,4.486739635467529,False
39,150,Test/s29/10.pgm,29,29,1.9572173357009888,True
39,150,Test/s30/6.pgm,30,30,2.69822359085083,True
39,150,Test/s30/7.pgm,30,30,3.6506459712982178,True
39,150,Test/s30/8.pgm,30,30,2.7414400577545166,True
39,150,Test/s30/9.pgm,30,30,4.079306602478027,True
39,150,Test/s30/10.pgm,30,30,2.291499376296997,True
39,150,Test/s31/6.pgm,31,31,5.264125347137451,True
39,150,Test/s31/7.pgm,31,23,5.358374118804932,False
39,150,Test/s31/8.pgm,31,31,3.2182397842407227,True
39,150,Test/s31/9.pgm,31,31,4.8979620933532715,True
39,150,Test/s31/10.pgm,31,31,3.5873568058013916,True
39,150,Test/s32/6.pgm,32,32,5.4706621170043945,True
39,150,Test/s32/7.pgm,32,26,5.623249530792236,False
39,150,Test/s32/8.pgm,32,32,4.670658588409424,True
39,150,Test/s32/9.pgm,32,32,4.470437526702881,True
39,150,Test/s32/10.pgm,32,30,5.518972873687744,False
39,150,Test/s33/6.pgm,33,33,5.337130069732666,True
39,150,Test/s33/7.pgm,33,33,2.4216041564941406,True
39,150,Test/s33/8.pgm,33,23,4.972190856933594,False
39,150,Test/s33/9.pgm,33,33,3.497938871383667,True
39,150,Test/s33/10.pgm,33,33,0.9902478456497192,True
39,150,Test/s34/6.pgm,34,34,2.7872557640075684,True
39,150,Test/s34/7.pgm,34,34,3.5149240493774414,True
39,150,Test/s34/8.pgm,34,34,3.717930316925049,True
39,150,Test/s34/9.pgm,34,34,4.443459987640381,True
39,150,Test/s34/10.pgm,34,34,4.321260452270508,True
39,150,Test/s35/6.pgm,35,35,4.623305320739746,True
39,150,Test/s35/7.pgm,35,35,5.513453483581543,True
39,150,Test/s35/8.pgm,35,35,3.3130648136138916,True
39,150,Test/s35/9.pgm,35,35,4.39647912979126,True
39,150,Test/s35/10.pgm,35,35,4.206175804138184,True
39,150,Test/s36/6.pgm,36,24,5.667397975921631,False
39,150,Test/s36/7.pgm,36,36,4.929507732391357,True
39,150,Test/s36/8.pgm,36,36,2.926316976547241,True
39,150,Test/s36/9.pgm,36,36,4.9274396896362305,True
39,150,Test/s36/10.pgm,36,40,5.702526092529297,False
39,150,Test/s37/6.pgm,37,37,2.11098575592041,True
39,150,Test/s37/7.pgm,37,37,5.3084492683410645,True
39,150,Test/s37/8.pgm,37,37,4.353646278381348,True
39,150,Test/s37/9.pgm,37,37,2.56308650970459,True
39,150,Test/s37/10.pgm,37,37,3.310908555984497,True
39,150,Test/s38/6.pgm,38,38,2.936142683029175,True
39,150,Test/s38/7.pgm,38,38,1.3030329942703247,True
39,150,Test/s38/8.pgm,38,38,3.986506938934326,True
39,150,Test/s38/9.pgm,38,38,4.3638482093811035,True
39,150,Test/s38/10.pgm,38,38,3.606057643890381,True
39,150,Test/s39/6.pgm,39,30,4.655502796173096,False
39,150,Test/s39/7.pgm,39,39,3.5695858001708984,True
39,150,Test/s39/8.pgm,39,39,3.4128353595733643,True
39,150,Test/s39/9.pgm,39,39,2.7895383834838867,True
39,150,Test/s39/10.pgm,39,30,4.810776710510254,False
39,150,Test/s40/6.pgm,40,40,3.425290107727051,True
39,150,Test/s40/7.pgm,40,40,4.006091594696045,True
39,150,Test/s40/8.pgm,40,40,2.372426986694336,True
39,150,Test/s40/9.pgm,40,5,5.428648471832275,False
39,150,Test/s40/10.pgm,40,40,4.1136274337768555,True
