d,imagen,persona_real,persona_predicha,distance,correcta
1,Test/s1/6.pgm,1,13,0.02501220442354679,False
1,Test/s1/7.pgm,1,19,0.013531646691262722,False
1,Test/s1/8.pgm,1,19,0.13593526184558868,False
1,Test/s1/9.pgm,1,32,0.18242648243904114,False
1,Test/s1/10.pgm,1,32,0.03558763116598129,False
1,Test/s2/6.pgm,2,40,0.0870702788233757,False
1,Test/s2/7.pgm,2,28,0.015002237632870674,False
1,Test/s2/8.pgm,2,26,0.042342741042375565,False
1,Test/s2/9.pgm,2,5,0.007176239509135485,False
1,Test/s2/10.pgm,2,12,0.022010600194334984,False
1,Test/s3/6.pgm,3,8,0.018264317885041237,False
1,Test/s3/7.pgm,3,3,0.1109311580657959,True
1,Test/s3/8.pgm,3,25,0.034116849303245544,False
1,Test/s3/9.pgm,3,25,0.03254496306180954,False
1,Test/s3/10.pgm,3,36,0.02992490865290165,False
1,Test/s4/6.pgm,4,5,0.02923169918358326,False
1,Test/s4/7.pgm,4,15,0.019852101802825928,False
1,Test/s4/8.pgm,4,15,0.055487100034952164,False
1,Test/s4/9.pgm,4,4,0.07805325090885162,True
1,Test/s4/10.pgm,4,3,0.0038447303231805563,False
1,Test/s5/6.pgm,5,5,0.07181553542613983,True
1,Test/s5/7.pgm,5,16,0.008950343355536461,False
1,Test/s5/8.pgm,5,12,0.017686299979686737,False
1,Test/s5/9.pgm,5,26,0.004367320332676172,False
1,Test/s5/10.pgm,5,37,0.047601789236068726,False
1,Test/s6/6.pgm,6,15,0.004979511257261038,False
1,Test/s6/7.pgm,6,24,0.009959022514522076,False
1,Test/s6/8.pgm,6,6,0.01338995061814785,True
1,Test/s6/9.pgm,6,34,0.03836660459637642,False
1,Test/s6/10.pgm,6,35,0.04182150959968567,False
1,Test/s7/6.pgm,7,11,0.07701233774423599,False
1,Test/s7/7.pgm,7,20,0.05027163028717041,False
1,Test/s7/8.pgm,7,6,0.04106210172176361,False
1,Test/s7/9.pgm,7,17,0.2206166833639145,False
1,Test/s7/10.pgm,7,34,0.027138229459524155,False
1,Test/s8/6.pgm,8,40,0.12282190471887589,False
1,Test/s8/7.pgm,8,7,0.03601384535431862,False
1,Test/s8/8.pgm,8,31,0.008343753404915333,False
1,Test/s8/9.pgm,8,36,0.05062136799097061,False
1,Test/s8/10.pgm,8,17,0.02077348344027996,False
1,Test/s9/6.pgm,9,9,0.02699272520840168,True
1,Test/s9/7.pgm,9,9,0.05917678773403168,True
1,Test/s9/8.pgm,9,11,0.014016308821737766,False
1,Test/s9/9.pgm,9,23,0.009160968475043774,False
1,Test/s9/10.pgm,9,17,0.033659547567367554,False
1,Test/s10/6.pgm,10,21,0.02734375,False
1,Test/s10/7.pgm,10,39,0.07234476506710052,False
1,Test/s10/8.pgm,10,39,0.07074519991874695,False
1,Test/s10/9.pgm,10,29,0.14735418558120728,False
1,Test/s10/10.pgm,10,24,0.04451668635010719,False
1,Test/s11/6.pgm,11,6,0.06176323443651199,False
1,Test/s11/7.pgm,11,17,0.15100447833538055,False
1,Test/s11/8.pgm,11,7,0.0657132938504219,False
1,Test/s11/9.pgm,11,34,0.0027713926974684,False
1,Test/s11/10.pgm,11,9,0.00390625,False
1,Test/s12/6.pgm,12,26,0.00390625,False
1,Test/s12/7.pgm,12,2,0.01487455703318119,False
1,Test/s12/8.pgm,12,35,0.01138857752084732,False
1,Test/s12/9.pgm,12,8,0.07615935057401657,False
1,Test/s12/10.pgm,12,8,0.15196141600608826,False
1,Test/s13/6.pgm,13,13,0.12884704768657684,True
1,Test/s13/7.pgm,13,32,0.00390625,False
1,Test/s13/8.pgm,13,1,0.009568319655954838,False
1,Test/s13/9.pgm,13,18,0.15780475735664368,False
1,Test/s13/10.pgm,13,27,0.02139541320502758,False
1,Test/s14/6.pgm,14,12,0.05479203164577484,False
1,Test/s14/7.pgm,14,25,0.03050878830254078,False
1,Test/s14/8.pgm,14,16,0.07181553542613983,False
1,Test/s14/9.pgm,14,15,0.005068491213023663,False
1,Test/s14/10.pgm,14,40,0.0834832414984703,False
1,Test/s15/6.pgm,15,40,0.034116849303245544,False
1,Test/s15/7.pgm,15,4,0.03444719687104225,False
1,Test/s15/8.pgm,15,34,0.02504078485071659,False
1,Test/s15/9.pgm,15,11,0.06680180132389069,False
1,Test/s15/10.pgm,15,31,0.04419417306780815,False
1,Test/s16/6.pgm,16,11,0.03774638473987579,False
1,Test/s16/7.pgm,16,17,0.0027621358167380095,False
1,Test/s16/8.pgm,16,16,0.0,True
1,Test/s16/9.pgm,16,28,0.03911129757761955,False
1,Test/s16/10.pgm,16,3,0.1588554084300995,False
1,Test/s17/6.pgm,17,9,0.15750230848789215,False
1,Test/s17/7.pgm,17,24,0.050517644733190536,False
1,Test/s17/8.pgm,17,6,0.09393292665481567,False
1,Test/s17/9.pgm,17,7,0.023150917142629623,False
1,Test/s17/10.pgm,17,11,0.06915000081062317,False
1,Test/s18/6.pgm,18,14,0.05633673816919327,False
1,Test/s18/7.pgm,18,32,0.0926036685705185,False
1,Test/s18/8.pgm,18,12,0.02277715504169464,False
1,Test/s18/9.pgm,18,32,0.005524271633476019,False
1,Test/s18/10.pgm,18,35,0.008286407217383385,False
1,Test/s19/6.pgm,19,13,0.0,False
1,Test/s19/7.pgm,19,27,0.013531646691262722,False
1,Test/s19/8.pgm,19,27,0.055104438215494156,False
1,Test/s19/9.pgm,19,8,0.11243623495101929,False
1,Test/s19/10.pgm,19,18,0.08123685419559479,False
1,Test/s20/6.pgm,20,21,0.03515625,False
1,Test/s20/7.pgm,20,22,0.07042092084884644,False
1,Test/s20/8.pgm,20,10,0.09480203688144684,False
1,Test/s20/9.pgm,20,22,0.006765823345631361,False
1,Test/s20/10.pgm,20,10,0.08286407589912415,False
1,Test/s21/6.pgm,21,23,0.21754340827465057,False
1,Test/s21/7.pgm,21,10,0.07025822252035141,False
1,Test/s21/8.pgm,21,31,0.07042092084884644,False
1,Test/s21/9.pgm,21,21,0.05653950944542885,True
1,Test/s21/10.pgm,21,38,0.17129696905612946,False
1,Test/s22/6.pgm,22,21,0.01657281443476677,False
1,Test/s22/7.pgm,22,23,0.08396165817975998,False
1,Test/s22/8.pgm,22,22,0.030257683247327805,True
1,Test/s22/9.pgm,22,22,0.1108301654458046,True
1,Test/s22/10.pgm,22,9,0.020203281193971634,False
1,Test/s23/6.pgm,23,38,0.025763487443327904,False
1,Test/s23/7.pgm,23,38,0.01171875,False
1,Test/s23/8.pgm,23,22,0.005524271633476019,False
1,Test/s23/9.pgm,23,22,0.06032595783472061,False
1,Test/s23/10.pgm,23,9,0.17835570871829987,False
1,Test/s24/6.pgm,24,6,0.03847210109233856,False
1,Test/s24/7.pgm,24,34,0.03487709164619446,False
1,Test/s24/8.pgm,24,23,0.04671195521950722,False
1,Test/s24/9.pgm,24,23,0.0332605205476284,False
1,Test/s24/10.pgm,24,9,0.11759369820356369,False
1,Test/s25/6.pgm,25,40,0.04349815845489502,False
1,Test/s25/7.pgm,25,11,0.06259148567914963,False
1,Test/s25/8.pgm,25,25,0.05917678773403168,True
1,Test/s25/9.pgm,25,5,0.013741452246904373,False
1,Test/s25/10.pgm,25,40,0.08991272002458572,False
1,Test/s26/6.pgm,26,28,0.004784159827977419,False
1,Test/s26/7.pgm,26,18,0.0657132938504219,False
1,Test/s26/8.pgm,26,8,0.09404454380273819,False
1,Test/s26/9.pgm,26,8,0.11962790787220001,False
1,Test/s26/10.pgm,26,40,0.0,False
1,Test/s27/6.pgm,27,35,0.051811836659908295,False
1,Test/s27/7.pgm,27,6,0.03108936920762062,False
1,Test/s27/8.pgm,27,4,0.07676465809345245,False
1,Test/s27/9.pgm,27,17,0.020944932475686073,False
1,Test/s27/10.pgm,27,28,0.05901540815830231,False
1,Test/s28/6.pgm,28,28,0.09789034724235535,True
1,Test/s28/7.pgm,28,28,0.05233500525355339,True
1,Test/s28/8.pgm,28,35,0.008286407217383385,False
1,Test/s28/9.pgm,28,28,0.09221149981021881,True
1,Test/s28/10.pgm,28,18,0.06987712532281876,False
1,Test/s29/6.pgm,29,21,0.052625756710767746,False
1,Test/s29/7.pgm,29,10,0.008734640665352345,False
1,Test/s29/8.pgm,29,39,0.1130790188908577,False
1,Test/s29/9.pgm,29,33,0.149665966629982,False
1,Test/s29/10.pgm,29,29,0.04800080507993698,True
1,Test/s30/6.pgm,30,30,0.06064130738377571,True
1,Test/s30/7.pgm,30,33,0.20999500155448914,False
1,Test/s30/8.pgm,30,10,0.0728701502084732,False
1,Test/s30/9.pgm,30,39,0.045049071311950684,False
1,Test/s30/10.pgm,30,30,0.0883883461356163,True
1,Test/s31/6.pgm,31,7,0.024974046275019646,False
1,Test/s31/7.pgm,31,39,0.09843439608812332,False
1,Test/s31/8.pgm,31,22,0.1826981157064438,False
1,Test/s31/9.pgm,31,23,0.05793904885649681,False
1,Test/s31/10.pgm,31,8,0.003311684587970376,False
1,Test/s32/6.pgm,32,26,0.03871919587254524,False
1,Test/s32/7.pgm,32,40,0.061091769486665726,False
1,Test/s32/8.pgm,32,12,0.015625,False
1,Test/s32/9.pgm,32,37,0.025763487443327904,False
1,Test/s32/10.pgm,32,5,0.03360283374786377,False
1,Test/s33/6.pgm,33,39,0.060892410576343536,False
1,Test/s33/7.pgm,33,33,0.05579240992665291,True
1,Test/s33/8.pgm,33,39,0.024394523352384567,False
1,Test/s33/9.pgm,33,10,0.10517899692058563,False
1,Test/s33/10.pgm,33,33,0.05063078552484512,True
1,Test/s34/6.pgm,34,24,0.11295244842767715,False
1,Test/s34/7.pgm,34,15,0.06592949479818344,False
1,Test/s34/8.pgm,34,7,0.01893625035881996,False
1,Test/s34/9.pgm,34,6,0.10618966817855835,False
1,Test/s34/10.pgm,34,9,0.14459721744060516,False
1,Test/s35/6.pgm,35,2,0.012955565936863422,False
1,Test/s35/7.pgm,35,28,0.03314562886953354,False
1,Test/s35/8.pgm,35,40,0.0011960399569943547,False
1,Test/s35/9.pgm,35,37,0.039931733161211014,False
1,Test/s35/10.pgm,35,11,0.11897240579128265,False
1,Test/s36/6.pgm,36,25,0.05128812789916992,False
1,Test/s36/7.pgm,36,17,0.0009765625,False
1,Test/s36/8.pgm,36,9,0.19164526462554932,False
1,Test/s36/9.pgm,36,31,0.07388390600681305,False
1,Test/s36/10.pgm,36,36,0.02778487652540207,True
1,Test/s37/6.pgm,37,28,0.09005579352378845,False
1,Test/s37/7.pgm,37,37,0.02376079186797142,True
1,Test/s37/8.pgm,37,2,0.02583741582930088,False
1,Test/s37/9.pgm,37,28,0.00390625,False
1,Test/s37/10.pgm,37,18,0.1445576399564743,False
1,Test/s38/6.pgm,38,23,0.021035799756646156,False
1,Test/s38/7.pgm,38,22,0.030131345614790916,False
1,Test/s38/8.pgm,38,20,0.08642440289258957,False
1,Test/s38/9.pgm,38,9,0.041478049010038376,False
1,Test/s38/10.pgm,38,29,0.011048543266952038,False
1,Test/s39/6.pgm,39,20,0.09407495707273483,False
1,Test/s39/7.pgm,39,10,0.06844303011894226,False
1,Test/s39/8.pgm,39,21,0.13576677441596985,False
1,Test/s39/9.pgm,39,30,0.04538652300834656,False
1,Test/s39/10.pgm,39,21,0.07411587983369827,False
1,Test/s40/6.pgm,40,31,0.010983615182340145,False
1,Test/s40/7.pgm,40,12,0.023233158513903618,False
1,Test/s40/8.pgm,40,40,0.12015092372894287,True
1,Test/s40/9.pgm,40,37,0.016105880960822105,False
1,Test/s40/10.pgm,40,8,0.03799505904316902,False
2,Test/s1/6.pgm,1,18,1.0421783924102783,False
2,Test/s1/7.pgm,1,18,1.0463865995407104,False
2,Test/s1/8.pgm,1,1,0.3737773001194,True
2,Test/s1/9.pgm,1,18,1.6440393924713135,False
2,Test/s1/10.pgm,1,18,1.4286304712295532,False
2,Test/s2/6.pgm,2,2,1.1730703115463257,True
2,Test/s2/7.pgm,2,25,0.8077842593193054,False
2,Test/s2/8.pgm,2,2,0.4042402505874634,True
2,Test/s2/9.pgm,2,11,1.0464030504226685,False
2,Test/s2/10.pgm,2,25,0.38897112011909485,False
2,Test/s3/6.pgm,3,4,0.5573562979698181,False
2,Test/s3/7.pgm,3,25,0.943955659866333,False
2,Test/s3/8.pgm,3,25,0.3800221085548401,False
2,Test/s3/9.pgm,3,4,0.372171550989151,False
2,Test/s3/10.pgm,3,17,0.46787434816360474,False
2,Test/s4/6.pgm,4,12,0.8435442447662354,False
2,Test/s4/7.pgm,4,25,0.555374801158905,False
2,Test/s4/8.pgm,4,35,0.6591066122055054,False
2,Test/s4/9.pgm,4,4,0.1732841283082962,True
2,Test/s4/10.pgm,4,7,0.9319537878036499,False
2,Test/s5/6.pgm,5,5,0.8410601615905762,True
2,Test/s5/7.pgm,5,26,0.726656973361969,False
2,Test/s5/8.pgm,5,40,1.1763651371002197,False
2,Test/s5/9.pgm,5,40,1.1522908210754395,False
2,Test/s5/10.pgm,5,5,0.6845863461494446,True
2,Test/s6/6.pgm,6,6,0.395439088344574,True
2,Test/s6/7.pgm,6,6,0.318880170583725,True
2,Test/s6/8.pgm,6,6,0.29661789536476135,True
2,Test/s6/9.pgm,6,6,0.7437893748283386,True
2,Test/s6/10.pgm,6,6,0.5302437543869019,True
2,Test/s7/6.pgm,7,17,0.5330778956413269,False
2,Test/s7/7.pgm,7,7,0.5843206644058228,True
2,Test/s7/8.pgm,7,9,0.2850625813007355,False
2,Test/s7/9.pgm,7,7,0.52790766954422,True
2,Test/s7/10.pgm,7,25,0.787581741809845,False
2,Test/s8/6.pgm,8,25,0.5910454392433167,False
2,Test/s8/7.pgm,8,4,0.3854837417602539,False
2,Test/s8/8.pgm,8,25,0.6897767186164856,False
2,Test/s8/9.pgm,8,40,0.47889813780784607,False
2,Test/s8/10.pgm,8,8,0.4390232264995575,True
2,Test/s9/6.pgm,9,36,0.8581267595291138,False
2,Test/s9/7.pgm,9,17,0.8177438378334045,False
2,Test/s9/8.pgm,9,7,0.9885166883468628,False
2,Test/s9/9.pgm,9,9,0.5694422721862793,True
2,Test/s9/10.pgm,9,7,0.504859209060669,False
2,Test/s10/6.pgm,10,10,3.220517873764038,True
2,Test/s10/7.pgm,10,10,2.8301150798797607,True
2,Test/s10/8.pgm,10,10,2.0036816596984863,True
2,Test/s10/9.pgm,10,38,0.49703097343444824,False
2,Test/s10/10.pgm,10,6,2.0061094760894775,False
2,Test/s11/6.pgm,11,11,0.7111976742744446,True
2,Test/s11/7.pgm,11,11,0.7112995982170105,True
2,Test/s11/8.pgm,11,24,0.936234176158905,False
2,Test/s11/9.pgm,11,15,0.9994715452194214,False
2,Test/s11/10.pgm,11,11,1.6146721839904785,True
2,Test/s12/6.pgm,12,18,0.975123941898346,False
2,Test/s12/7.pgm,12,12,0.45489367842674255,True
2,Test/s12/8.pgm,12,18,0.8529679775238037,False
2,Test/s12/9.pgm,12,40,0.30262723565101624,False
2,Test/s12/10.pgm,12,40,0.3873889446258545,False
2,Test/s13/6.pgm,13,13,0.5299127101898193,True
2,Test/s13/7.pgm,13,1,0.20544052124023438,False
2,Test/s13/8.pgm,13,1,0.18116748332977295,False
2,Test/s13/9.pgm,13,18,0.792603075504303,False
2,Test/s13/10.pgm,13,32,0.33071890473365784,False
2,Test/s14/6.pgm,14,28,1.3984647989273071,False
2,Test/s14/7.pgm,14,37,0.4003477394580841,False
2,Test/s14/8.pgm,14,37,0.7632296681404114,False
2,Test/s14/9.pgm,14,31,1.1002734899520874,False
2,Test/s14/10.pgm,14,31,2.0175621509552,False
2,Test/s15/6.pgm,15,35,0.40159404277801514,False
2,Test/s15/7.pgm,15,35,0.8735398650169373,False
2,Test/s15/8.pgm,15,11,0.838955283164978,False
2,Test/s15/9.pgm,15,35,0.9668889045715332,False
2,Test/s15/10.pgm,15,15,0.5490418076515198,True
2,Test/s16/6.pgm,16,35,0.7369029521942139,False
2,Test/s16/7.pgm,16,12,0.2806049883365631,False
2,Test/s16/8.pgm,16,26,0.30737993121147156,False
2,Test/s16/9.pgm,16,26,0.6312069892883301,False
2,Test/s16/10.pgm,16,3,0.565543532371521,False
2,Test/s17/6.pgm,17,38,0.2926430404186249,False
2,Test/s17/7.pgm,17,7,0.19018664956092834,False
2,Test/s17/8.pgm,17,6,0.45839807391166687,False
2,Test/s17/9.pgm,17,7,0.7810057997703552,False
2,Test/s17/10.pgm,17,7,0.6432753205299377,False
2,Test/s18/6.pgm,18,12,0.6093249320983887,False
2,Test/s18/7.pgm,18,12,0.734748899936676,False
2,Test/s18/8.pgm,18,18,0.39862895011901855,True
2,Test/s18/9.pgm,18,18,0.8904536366462708,True
2,Test/s18/10.pgm,18,5,1.1780954599380493,False
2,Test/s19/6.pgm,19,19,1.7559322118759155,True
2,Test/s19/7.pgm,19,19,0.5135047435760498,True
2,Test/s19/8.pgm,19,27,0.08221705257892609,False
2,Test/s19/9.pgm,19,3,0.40185990929603577,False
2,Test/s19/10.pgm,19,28,0.18879759311676025,False
2,Test/s20/6.pgm,20,29,0.4402640163898468,False
2,Test/s20/7.pgm,20,9,0.26859551668167114,False
2,Test/s20/8.pgm,20,10,1.022303819656372,False
2,Test/s20/9.pgm,20,23,0.4393967092037201,False
2,Test/s20/10.pgm,20,20,0.9462966322898865,True
2,Test/s21/6.pgm,21,21,0.5073239803314209,True
2,Test/s21/7.pgm,21,23,0.2997649312019348,False
2,Test/s21/8.pgm,21,29,0.5571303963661194,False
2,Test/s21/9.pgm,21,20,0.46375101804733276,False
2,Test/s21/10.pgm,21,21,0.6535764336585999,True
2,Test/s22/6.pgm,22,39,0.926991879940033,False
2,Test/s22/7.pgm,22,22,1.223529577255249,True
2,Test/s22/8.pgm,22,22,0.4872019290924072,True
2,Test/s22/9.pgm,22,22,0.9365066289901733,True
2,Test/s22/10.pgm,22,22,1.1304932832717896,True
2,Test/s23/6.pgm,23,9,0.7504321932792664,False
2,Test/s23/7.pgm,23,9,0.7243908643722534,False
2,Test/s23/8.pgm,23,10,0.6556917428970337,False
2,Test/s23/9.pgm,23,9,0.2997903823852539,False
2,Test/s23/10.pgm,23,6,0.7025713920593262,False
2,Test/s24/6.pgm,24,24,0.9086146354675293,True
2,Test/s24/7.pgm,24,24,0.8114758133888245,True
2,Test/s24/8.pgm,24,24,0.44932064414024353,True
2,Test/s24/9.pgm,24,24,0.397737979888916,True
2,Test/s24/10.pgm,24,24,1.1852781772613525,True
2,Test/s25/6.pgm,25,17,0.2641561031341553,False
2,Test/s25/7.pgm,25,5,0.3489212989807129,False
2,Test/s25/8.pgm,25,26,0.2992873191833496,False
2,Test/s25/9.pgm,25,5,0.2740993797779083,False
2,Test/s25/10.pgm,25,25,0.5422164797782898,True
2,Test/s26/6.pgm,26,26,0.9569315910339355,True
2,Test/s26/7.pgm,26,32,1.1628493070602417,False
2,Test/s26/8.pgm,26,5,0.40514516830444336,False
2,Test/s26/9.pgm,26,12,0.4709421396255493,False
2,Test/s26/10.pgm,26,12,0.38191959261894226,False
2,Test/s27/6.pgm,27,35,0.6477474570274353,False
2,Test/s27/7.pgm,27,15,0.4464685320854187,False
2,Test/s27/8.pgm,27,35,1.0929597616195679,False
2,Test/s27/9.pgm,27,2,0.4392208456993103,False
2,Test/s27/10.pgm,27,28,0.3977859318256378,False
2,Test/s28/6.pgm,28,28,0.35400626063346863,True
2,Test/s28/7.pgm,28,28,0.6329692006111145,True
2,Test/s28/8.pgm,28,37,0.4445151090621948,False
2,Test/s28/9.pgm,28,25,0.9524723887443542,False
2,Test/s28/10.pgm,28,27,0.8349695205688477,False
2,Test/s29/6.pgm,29,20,1.1319332122802734,False
2,Test/s29/7.pgm,29,31,0.4028932750225067,False
2,Test/s29/8.pgm,29,20,0.35982054471969604,False
2,Test/s29/9.pgm,29,33,1.0659840106964111,False
2,Test/s29/10.pgm,29,33,1.4999898672103882,False
2,Test/s30/6.pgm,30,30,1.0704479217529297,True
2,Test/s30/7.pgm,30,30,1.7775540351867676,True
2,Test/s30/8.pgm,30,33,0.7329190969467163,False
2,Test/s30/9.pgm,30,10,0.5191934108734131,False
2,Test/s30/10.pgm,30,30,0.6266092658042908,True
2,Test/s31/6.pgm,31,11,0.3647170066833496,False
2,Test/s31/7.pgm,31,20,0.42405757308006287,False
2,Test/s31/8.pgm,31,24,0.6577306389808655,False
2,Test/s31/9.pgm,31,31,0.48865610361099243,True
2,Test/s31/10.pgm,31,31,0.4166249632835388,True
2,Test/s32/6.pgm,32,26,0.14902740716934204,False
2,Test/s32/7.pgm,32,40,1.0116466283798218,False
2,Test/s32/8.pgm,32,26,1.0444380044937134,False
2,Test/s32/9.pgm,32,35,0.8382843732833862,False
2,Test/s32/10.pgm,32,26,0.2773643732070923,False
2,Test/s33/6.pgm,33,30,1.1508066654205322,False
2,Test/s33/7.pgm,33,29,0.7831811904907227,False
2,Test/s33/8.pgm,33,30,0.1715639978647232,False
2,Test/s33/9.pgm,33,33,0.6484257578849792,True
2,Test/s33/10.pgm,33,33,0.0713893249630928,True
2,Test/s34/6.pgm,34,34,1.3034472465515137,True
2,Test/s34/7.pgm,34,34,0.38352930545806885,True
2,Test/s34/8.pgm,34,22,0.6880989670753479,False
2,Test/s34/9.pgm,34,22,0.6456311345100403,False
2,Test/s34/10.pgm,34,22,0.4833027422428131,False
2,Test/s35/6.pgm,35,5,0.3647013008594513,False
2,Test/s35/7.pgm,35,26,0.6098474264144897,False
2,Test/s35/8.pgm,35,40,0.2664852738380432,False
2,Test/s35/9.pgm,35,26,0.7441841959953308,False
2,Test/s35/10.pgm,35,5,0.4005049467086792,False
2,Test/s36/6.pgm,36,35,0.5717671513557434,False
2,Test/s36/7.pgm,36,17,0.7637168169021606,False
2,Test/s36/8.pgm,36,9,0.4755929410457611,False
2,Test/s36/9.pgm,36,20,1.0698668956756592,False
2,Test/s36/10.pgm,36,16,1.3010884523391724,False
2,Test/s37/6.pgm,37,37,0.46333131194114685,True
2,Test/s37/7.pgm,37,37,0.6644070744514465,True
2,Test/s37/8.pgm,37,37,1.625300407409668,True
2,Test/s37/9.pgm,37,37,1.136879801750183,True
2,Test/s37/10.pgm,37,37,1.0162333250045776,True
2,Test/s38/6.pgm,38,10,0.7335538268089294,False
2,Test/s38/7.pgm,38,38,0.717698335647583,True
2,Test/s38/8.pgm,38,10,1.7241171598434448,False
2,Test/s38/9.pgm,38,36,0.12825354933738708,False
2,Test/s38/10.pgm,38,38,0.2597582936286926,True
2,Test/s39/6.pgm,39,39,0.35677558183670044,True
2,Test/s39/7.pgm,39,33,0.9553477168083191,False
2,Test/s39/8.pgm,39,33,1.8805662393569946,False
2,Test/s39/9.pgm,39,39,0.8320404291152954,True
2,Test/s39/10.pgm,39,39,0.8276642560958862,True
2,Test/s40/6.pgm,40,17,0.29688143730163574,False
2,Test/s40/7.pgm,40,25,1.1424262523651123,False
2,Test/s40/8.pgm,40,40,0.14712101221084595,True
2,Test/s40/9.pgm,40,1,0.7901108860969543,False
2,Test/s40/10.pgm,40,35,1.1221791505813599,False
3,Test/s1/6.pgm,1,12,1.8552508354187012,False
3,Test/s1/7.pgm,1,32,2.2759664058685303,False
3,Test/s1/8.pgm,1,1,2.4603793621063232,True
3,Test/s1/9.pgm,1,1,2.579953193664551,True
3,Test/s1/10.pgm,1,1,2.892287254333496,True
3,Test/s2/6.pgm,2,2,1.3302172422409058,True
3,Test/s2/7.pgm,2,2,2.713052988052368,True
3,Test/s2/8.pgm,2,2,0.7138291001319885,True
3,Test/s2/9.pgm,2,11,2.1474695205688477,False
3,Test/s2/10.pgm,2,2,2.034775733947754,True
3,Test/s3/6.pgm,3,4,1.9140664339065552,False
3,Test/s3/7.pgm,3,3,1.789516568183899,True
3,Test/s3/8.pgm,3,3,1.4877941608428955,True
3,Test/s3/9.pgm,3,4,0.8410874009132385,False
3,Test/s3/10.pgm,3,4,1.8560998439788818,False
3,Test/s4/6.pgm,4,8,3.6883513927459717,False
3,Test/s4/7.pgm,4,4,0.9306061863899231,True
3,Test/s4/8.pgm,4,4,1.3641588687896729,True
3,Test/s4/9.pgm,4,4,1.1344722509384155,True
3,Test/s4/10.pgm,4,4,1.3066303730010986,True
3,Test/s5/6.pgm,5,5,0.9531410336494446,True
3,Test/s5/7.pgm,5,5,0.8514639139175415,True
3,Test/s5/8.pgm,5,40,1.2844318151474,False
3,Test/s5/9.pgm,5,40,1.1621733903884888,False
3,Test/s5/10.pgm,5,18,1.4770687818527222,False
3,Test/s6/6.pgm,6,6,0.39973747730255127,True
3,Test/s6/7.pgm,6,6,0.7119026780128479,True
3,Test/s6/8.pgm,6,6,0.4598105847835541,True
3,Test/s6/9.pgm,6,6,1.9879704713821411,True
3,Test/s6/10.pgm,6,6,0.5308477282524109,True
3,Test/s7/6.pgm,7,20,1.272667407989502,False
3,Test/s7/7.pgm,7,7,0.6344500184059143,True
3,Test/s7/8.pgm,7,7,1.7607094049453735,True
3,Test/s7/9.pgm,7,7,0.6427175998687744,True
3,Test/s7/10.pgm,7,8,1.8679840564727783,False
3,Test/s8/6.pgm,8,17,1.8854445219039917,False
3,Test/s8/7.pgm,8,4,1.1895837783813477,False
3,Test/s8/8.pgm,8,8,1.31924307346344,True
3,Test/s8/9.pgm,8,17,1.915654182434082,False
3,Test/s8/10.pgm,8,8,0.530042290687561,True
3,Test/s9/6.pgm,9,9,0.8928366303443909,True
3,Test/s9/7.pgm,9,9,1.8490142822265625,True
3,Test/s9/8.pgm,9,9,1.8567429780960083,True
3,Test/s9/9.pgm,9,9,0.8947700262069702,True
3,Test/s9/10.pgm,9,9,1.4271371364593506,True
3,Test/s10/6.pgm,10,10,3.2929153442382812,True
3,Test/s10/7.pgm,10,10,3.047470808029175,True
3,Test/s10/8.pgm,10,10,2.3552842140197754,True
3,Test/s10/9.pgm,10,10,1.2120898962020874,True
3,Test/s10/10.pgm,10,7,2.089507818222046,False
3,Test/s11/6.pgm,11,11,1.8745218515396118,True
3,Test/s11/7.pgm,11,11,0.9279954433441162,True
3,Test/s11/8.pgm,11,15,1.2441697120666504,False
3,Test/s11/9.pgm,11,11,1.1641312837600708,True
3,Test/s11/10.pgm,11,11,1.9826076030731201,True
3,Test/s12/6.pgm,12,12,1.8894785642623901,True
3,Test/s12/7.pgm,12,12,0.8510785698890686,True
3,Test/s12/8.pgm,12,12,1.8078384399414062,True
3,Test/s12/9.pgm,12,40,2.331857919692993,False
3,Test/s12/10.pgm,12,40,2.532132863998413,False
3,Test/s13/6.pgm,13,13,0.5778874158859253,True
3,Test/s13/7.pgm,13,13,1.1043708324432373,True
3,Test/s13/8.pgm,13,13,0.8288801312446594,True
3,Test/s13/9.pgm,13,18,0.8062125444412231,False
3,Test/s13/10.pgm,13,13,0.3533591330051422,True
3,Test/s14/6.pgm,14,28,2.1930768489837646,False
3,Test/s14/7.pgm,14,37,0.7450909614562988,False
3,Test/s14/8.pgm,14,37,1.1541101932525635,False
3,Test/s14/9.pgm,14,31,1.2316370010375977,False
3,Test/s14/10.pgm,14,31,2.089661121368408,False
3,Test/s15/6.pgm,15,15,1.4643540382385254,True
3,Test/s15/7.pgm,15,15,1.0940202474594116,True
3,Test/s15/8.pgm,15,11,0.8391848802566528,False
3,Test/s15/9.pgm,15,15,1.9999146461486816,True
3,Test/s15/10.pgm,15,15,0.7557205557823181,True
3,Test/s16/6.pgm,16,2,2.2825756072998047,False
3,Test/s16/7.pgm,16,17,1.2141213417053223,False
3,Test/s16/8.pgm,16,32,2.901136875152588,False
3,Test/s16/9.pgm,16,17,2.042649507522583,False
3,Test/s16/10.pgm,16,17,1.5922317504882812,False
3,Test/s17/6.pgm,17,36,1.4846062660217285,False
3,Test/s17/7.pgm,17,7,0.7114738821983337,False
3,Test/s17/8.pgm,17,7,2.172865390777588,False
3,Test/s17/9.pgm,17,7,0.8306638598442078,False
3,Test/s17/10.pgm,17,7,0.9371581673622131,False
3,Test/s18/6.pgm,18,18,1.1669819355010986,True
3,Test/s18/7.pgm,18,18,1.4331839084625244,True
3,Test/s18/8.pgm,18,18,1.008591890335083,True
3,Test/s18/9.pgm,18,18,1.0652824640274048,True
3,Test/s18/10.pgm,18,5,1.724457859992981,False
3,Test/s19/6.pgm,19,19,2.73126220703125,True
3,Test/s19/7.pgm,19,19,0.689826488494873,True
3,Test/s19/8.pgm,19,27,0.46897780895233154,False
3,Test/s19/9.pgm,19,2,1.49322509765625,False
3,Test/s19/10.pgm,19,27,1.501723289489746,False
3,Test/s20/6.pgm,20,20,0.754503071308136,True
3,Test/s20/7.pgm,20,36,2.734096050262451,False
3,Test/s20/8.pgm,20,10,1.0296581983566284,False
3,Test/s20/9.pgm,20,10,1.7707940340042114,False
3,Test/s20/10.pgm,20,20,1.051419973373413,True
3,Test/s21/6.pgm,21,21,0.5628389716148376,True
3,Test/s21/7.pgm,21,21,0.7753143906593323,True
3,Test/s21/8.pgm,21,21,0.6229825615882874,True
3,Test/s21/9.pgm,21,29,1.033422827720642,False
3,Test/s21/10.pgm,21,21,0.9357364773750305,True
3,Test/s22/6.pgm,22,39,2.4121274948120117,False
3,Test/s22/7.pgm,22,22,1.242322564125061,True
3,Test/s22/8.pgm,22,22,0.7359524369239807,True
3,Test/s22/9.pgm,22,22,0.9397596716880798,True
3,Test/s22/10.pgm,22,22,1.2974278926849365,True
3,Test/s23/6.pgm,23,23,0.9939621686935425,True
3,Test/s23/7.pgm,23,9,0.76231449842453,False
3,Test/s23/8.pgm,23,23,1.2529932260513306,True
3,Test/s23/9.pgm,23,9,1.1073925495147705,False
3,Test/s23/10.pgm,23,9,1.1098082065582275,False
3,Test/s24/6.pgm,24,24,1.309118390083313,True
3,Test/s24/7.pgm,24,24,0.8408333659172058,True
3,Test/s24/8.pgm,24,24,0.4493885636329651,True
3,Test/s24/9.pgm,24,24,1.574068546295166,True
3,Test/s24/10.pgm,24,24,1.3927301168441772,True
3,Test/s25/6.pgm,25,12,1.1285614967346191,False
3,Test/s25/7.pgm,25,12,0.9334262013435364,False
3,Test/s25/8.pgm,25,12,0.3761173188686371,False
3,Test/s25/9.pgm,25,12,0.5231313109397888,False
3,Test/s25/10.pgm,25,25,0.5842945575714111,True
3,Test/s26/6.pgm,26,12,1.305479645729065,False
3,Test/s26/7.pgm,26,35,2.1692721843719482,False
3,Test/s26/8.pgm,26,12,1.062984585762024,False
3,Test/s26/9.pgm,26,12,1.2229869365692139,False
3,Test/s26/10.pgm,26,12,0.8818570375442505,False
3,Test/s27/6.pgm,27,15,2.483881950378418,False
3,Test/s27/7.pgm,27,8,2.6105105876922607,False
3,Test/s27/8.pgm,27,15,2.059901475906372,False
3,Test/s27/9.pgm,27,2,0.717671811580658,False
3,Test/s27/10.pgm,27,28,0.42223653197288513,False
3,Test/s28/6.pgm,28,28,0.7975927591323853,True
3,Test/s28/7.pgm,28,28,0.7724010348320007,True
3,Test/s28/8.pgm,28,37,2.85469388961792,False
3,Test/s28/9.pgm,28,28,2.7439801692962646,True
3,Test/s28/10.pgm,28,28,1.106137990951538,True
3,Test/s29/6.pgm,29,29,1.2985916137695312,True
3,Test/s29/7.pgm,29,29,1.1846117973327637,True
3,Test/s29/8.pgm,29,21,1.5450490713119507,False
3,Test/s29/9.pgm,29,33,1.4561564922332764,False
3,Test/s29/10.pgm,29,33,1.5355885028839111,False
3,Test/s30/6.pgm,30,30,1.1193979978561401,True
3,Test/s30/7.pgm,30,30,1.7985810041427612,True
3,Test/s30/8.pgm,30,30,1.106917142868042,True
3,Test/s30/9.pgm,30,20,1.7085323333740234,False
3,Test/s30/10.pgm,30,30,0.7247120141983032,True
3,Test/s31/6.pgm,31,15,4.082517623901367,False
3,Test/s31/7.pgm,31,31,1.3837336301803589,True
3,Test/s31/8.pgm,31,21,1.9852322340011597,False
3,Test/s31/9.pgm,31,31,1.0196584463119507,True
3,Test/s31/10.pgm,31,31,0.46393194794654846,True
3,Test/s32/6.pgm,32,16,2.2827560901641846,False
3,Test/s32/7.pgm,32,17,2.3543219566345215,False
3,Test/s32/8.pgm,32,32,1.3777216672897339,True
3,Test/s32/9.pgm,32,32,1.4388952255249023,True
3,Test/s32/10.pgm,32,2,1.4913181066513062,False
3,Test/s33/6.pgm,33,20,1.724648118019104,False
3,Test/s33/7.pgm,33,33,1.478865146636963,True
3,Test/s33/8.pgm,33,33,1.2390142679214478,True
3,Test/s33/9.pgm,33,33,0.82380211353302,True
3,Test/s33/10.pgm,33,33,0.13953571021556854,True
3,Test/s34/6.pgm,34,22,1.742091178894043,False
3,Test/s34/7.pgm,34,34,1.1512376070022583,True
3,Test/s34/8.pgm,34,22,1.4821323156356812,False
3,Test/s34/9.pgm,34,22,2.4065353870391846,False
3,Test/s34/10.pgm,34,22,2.3144588470458984,False
3,Test/s35/6.pgm,35,12,2.6396172046661377,False
3,Test/s35/7.pgm,35,35,1.969941258430481,True
3,Test/s35/8.pgm,35,25,1.4245043992996216,False
3,Test/s35/9.pgm,35,26,2.2498559951782227,False
3,Test/s35/10.pgm,35,12,1.0227700471878052,False
3,Test/s36/6.pgm,36,16,2.2776753902435303,False
3,Test/s36/7.pgm,36,20,2.177614450454712,False
3,Test/s36/8.pgm,36,36,0.9538771510124207,True
3,Test/s36/9.pgm,36,7,1.3561440706253052,False
3,Test/s36/10.pgm,36,16,1.3796806335449219,False
3,Test/s37/6.pgm,37,37,0.8387802243232727,True
3,Test/s37/7.pgm,37,37,1.005637526512146,True
3,Test/s37/8.pgm,37,37,1.7565186023712158,True
3,Test/s37/9.pgm,37,26,1.2739167213439941,False
3,Test/s37/10.pgm,37,37,1.9420663118362427,True
3,Test/s38/6.pgm,38,38,1.0826374292373657,True
3,Test/s38/7.pgm,38,38,0.7511283159255981,True
3,Test/s38/8.pgm,38,23,2.0284159183502197,False
3,Test/s38/9.pgm,38,9,0.9690649509429932,False
3,Test/s38/10.pgm,38,38,0.30935922265052795,True
3,Test/s39/6.pgm,39,39,0.9713297486305237,True
3,Test/s39/7.pgm,39,29,1.100190281867981,False
3,Test/s39/8.pgm,39,29,1.9511239528656006,False
3,Test/s39/9.pgm,39,39,1.6881147623062134,True
3,Test/s39/10.pgm,39,39,1.5410045385360718,True
3,Test/s40/6.pgm,40,40,0.791355550289154,True
3,Test/s40/7.pgm,40,40,1.5081312656402588,True
3,Test/s40/8.pgm,40,40,0.21400760114192963,True
3,Test/s40/9.pgm,40,40,2.1989376544952393,True
3,Test/s40/10.pgm,40,40,1.7899024486541748,True
5,Test/s1/6.pgm,1,32,4.842864513397217,False
5,Test/s1/7.pgm,1,32,3.301638603210449,False
5,Test/s1/8.pgm,1,16,4.570626258850098,False
5,Test/s1/9.pgm,1,1,4.298053741455078,True
5,Test/s1/10.pgm,1,1,6.139516830444336,True
5,Test/s2/6.pgm,2,2,2.2918853759765625,True
5,Test/s2/7.pgm,2,2,3.263162851333618,True
5,Test/s2/8.pgm,2,2,0.9948137998580933,True
5,Test/s2/9.pgm,2,2,3.7932050228118896,True
5,Test/s2/10.pgm,2,2,2.832157850265503,True
5,Test/s3/6.pgm,3,4,4.137648105621338,False
5,Test/s3/7.pgm,3,4,3.248396158218384,False
5,Test/s3/8.pgm,3,12,3.9209537506103516,False
5,Test/s3/9.pgm,3,4,2.820739984512329,False
5,Test/s3/10.pgm,3,3,2.9345388412475586,True
5,Test/s4/6.pgm,4,12,5.101164817810059,False
5,Test/s4/7.pgm,4,4,1.2410598993301392,True
5,Test/s4/8.pgm,4,4,1.694191575050354,True
5,Test/s4/9.pgm,4,4,1.2170100212097168,True
5,Test/s4/10.pgm,4,4,1.999191164970398,True
5,Test/s5/6.pgm,5,5,1.127750039100647,True
5,Test/s5/7.pgm,5,5,1.009015440940857,True
5,Test/s5/8.pgm,5,5,2.041276454925537,True
5,Test/s5/9.pgm,5,5,2.312532901763916,True
5,Test/s5/10.pgm,5,5,1.9129739999771118,True
5,Test/s6/6.pgm,6,6,1.3664953708648682,True
5,Test/s6/7.pgm,6,6,1.161109447479248,True
5,Test/s6/8.pgm,6,6,3.0966291427612305,True
5,Test/s6/9.pgm,6,6,2.3085904121398926,True
5,Test/s6/10.pgm,6,6,1.2381888628005981,True
5,Test/s7/6.pgm,7,17,3.102618932723999,False
5,Test/s7/7.pgm,7,7,1.405718207359314,True
5,Test/s7/8.pgm,7,17,3.3823635578155518,False
5,Test/s7/9.pgm,7,7,1.4735212326049805,True
5,Test/s7/10.pgm,7,17,2.2260656356811523,False
5,Test/s8/6.pgm,8,8,2.5945911407470703,True
5,Test/s8/7.pgm,8,8,2.016631603240967,True
5,Test/s8/8.pgm,8,8,2.71089243888855,True
5,Test/s8/9.pgm,8,8,3.383443832397461,True
5,Test/s8/10.pgm,8,8,1.469175934791565,True
5,Test/s9/6.pgm,9,9,3.4392096996307373,True
5,Test/s9/7.pgm,9,4,4.191865921020508,False
5,Test/s9/8.pgm,9,9,3.025465726852417,True
5,Test/s9/9.pgm,9,9,2.5442404747009277,True
5,Test/s9/10.pgm,9,9,2.137389898300171,True
5,Test/s10/6.pgm,10,10,5.548577308654785,True
5,Test/s10/7.pgm,10,10,4.114633083343506,True
5,Test/s10/8.pgm,10,10,3.5035338401794434,True
5,Test/s10/9.pgm,10,10,5.330504417419434,True
5,Test/s10/10.pgm,10,10,7.243114471435547,True
5,Test/s11/6.pgm,11,11,3.0776093006134033,True
5,Test/s11/7.pgm,11,11,2.6088545322418213,True
5,Test/s11/8.pgm,11,11,5.575833797454834,True
5,Test/s11/9.pgm,11,11,3.040841817855835,True
5,Test/s11/10.pgm,11,11,2.2245535850524902,True
5,Test/s12/6.pgm,12,12,4.358458042144775,True
5,Test/s12/7.pgm,12,12,1.8045669794082642,True
5,Test/s12/8.pgm,12,12,2.6460137367248535,True
5,Test/s12/9.pgm,12,12,4.769002437591553,True
5,Test/s12/10.pgm,12,12,4.499903202056885,True
5,Test/s13/6.pgm,13,13,2.286471366882324,True
5,Test/s13/7.pgm,13,13,1.915022850036621,True
5,Test/s13/8.pgm,13,13,1.4509129524230957,True
5,Test/s13/9.pgm,13,13,2.75606632232666,True
5,Test/s13/10.pgm,13,13,0.4158826470375061,True
5,Test/s14/6.pgm,14,37,4.697547912597656,False
5,Test/s14/7.pgm,14,37,4.402217388153076,False
5,Test/s14/8.pgm,14,37,5.104860305786133,False
5,Test/s14/9.pgm,14,11,6.740832805633545,False
5,Test/s14/10.pgm,14,37,5.930492877960205,False
5,Test/s15/6.pgm,15,15,1.6209408044815063,True
5,Test/s15/7.pgm,15,15,1.3814973831176758,True
5,Test/s15/8.pgm,15,15,1.2479047775268555,True
5,Test/s15/9.pgm,15,15,2.6148898601531982,True
5,Test/s15/10.pgm,15,15,0.8579889535903931,True
5,Test/s16/6.pgm,16,2,4.536380767822266,False
5,Test/s16/7.pgm,16,16,3.2905049324035645,True
5,Test/s16/8.pgm,16,2,3.3796489238739014,False
5,Test/s16/9.pgm,16,16,2.4308412075042725,True
5,Test/s16/10.pgm,16,16,4.237433433532715,True
5,Test/s17/6.pgm,17,7,3.114785671234131,False
5,Test/s17/7.pgm,17,7,2.4723660945892334,False
5,Test/s17/8.pgm,17,7,2.4536008834838867,False
5,Test/s17/9.pgm,17,7,3.4364678859710693,False
5,Test/s17/10.pgm,17,7,3.3960256576538086,False
5,Test/s18/6.pgm,18,18,2.8943467140197754,True
5,Test/s18/7.pgm,18,18,3.456728935241699,True
5,Test/s18/8.pgm,18,18,1.166053295135498,True
5,Test/s18/9.pgm,18,18,2.989509105682373,True
5,Test/s18/10.pgm,18,5,2.950672149658203,False
5,Test/s19/6.pgm,19,19,3.5614418983459473,True
5,Test/s19/7.pgm,19,27,2.44816255569458,False
5,Test/s19/8.pgm,19,27,1.6675066947937012,False
5,Test/s19/9.pgm,19,2,4.58078145980835,False
5,Test/s19/10.pgm,19,27,1.5030537843704224,False
5,Test/s20/6.pgm,20,20,1.1332299709320068,True
5,Test/s20/7.pgm,20,20,3.4939217567443848,True
5,Test/s20/8.pgm,20,23,4.284242630004883,False
5,Test/s20/9.pgm,20,23,3.1070430278778076,False
5,Test/s20/10.pgm,20,20,1.235363483428955,True
5,Test/s21/6.pgm,21,21,1.7937771081924438,True
5,Test/s21/7.pgm,21,21,2.2204790115356445,True
5,Test/s21/8.pgm,21,21,0.7404894232749939,True
5,Test/s21/9.pgm,21,21,1.7281084060668945,True
5,Test/s21/10.pgm,21,21,1.3029145002365112,True
5,Test/s22/6.pgm,22,22,2.760080099105835,True
5,Test/s22/7.pgm,22,22,1.5938361883163452,True
5,Test/s22/8.pgm,22,22,1.171210765838623,True
5,Test/s22/9.pgm,22,22,1.1898491382598877,True
5,Test/s22/10.pgm,22,22,1.3689831495285034,True
5,Test/s23/6.pgm,23,23,1.170324444770813,True
5,Test/s23/7.pgm,23,23,2.87506365776062,True
5,Test/s23/8.pgm,23,23,1.3861188888549805,True
5,Test/s23/9.pgm,23,23,2.266634941101074,True
5,Test/s23/10.pgm,23,23,1.8510432243347168,True
5,Test/s24/6.pgm,24,24,1.9068942070007324,True
5,Test/s24/7.pgm,24,24,2.4073753356933594,True
5,Test/s24/8.pgm,24,24,3.670588731765747,True
5,Test/s24/9.pgm,24,24,2.8206262588500977,True
5,Test/s24/10.pgm,24,24,1.75042724609375,True
5,Test/s25/6.pgm,25,25,2.195286512374878,True
5,Test/s25/7.pgm,25,25,2.461143732070923,True
5,Test/s25/8.pgm,25,5,3.5883407592773438,False
5,Test/s25/9.pgm,25,5,3.410914659500122,False
5,Test/s25/10.pgm,25,25,0.5972156524658203,True
5,Test/s26/6.pgm,26,26,2.616487741470337,True
5,Test/s26/7.pgm,26,26,2.343818426132202,True
5,Test/s26/8.pgm,26,26,4.047367095947266,True
5,Test/s26/9.pgm,26,12,3.717669725418091,False
5,Test/s26/10.pgm,26,26,4.131929874420166,True
5,Test/s27/6.pgm,27,11,4.760927200317383,False
5,Test/s27/7.pgm,27,11,3.9756665229797363,False
5,Test/s27/8.pgm,27,11,3.5554749965667725,False
5,Test/s27/9.pgm,27,11,3.763282060623169,False
5,Test/s27/10.pgm,27,11,2.9478189945220947,False
5,Test/s28/6.pgm,28,28,1.5419745445251465,True
5,Test/s28/7.pgm,28,28,1.1391927003860474,True
5,Test/s28/8.pgm,28,37,3.5137407779693604,False
5,Test/s28/9.pgm,28,28,2.994816541671753,True
5,Test/s28/10.pgm,28,28,3.6172633171081543,True
5,Test/s29/6.pgm,29,29,1.3711715936660767,True
5,Test/s29/7.pgm,29,29,1.4567537307739258,True
5,Test/s29/8.pgm,29,29,2.9549174308776855,True
5,Test/s29/9.pgm,29,29,2.680182933807373,True
5,Test/s29/10.pgm,29,29,2.504744052886963,True
5,Test/s30/6.pgm,30,30,1.213882565498352,True
5,Test/s30/7.pgm,30,30,2.273618698120117,True
5,Test/s30/8.pgm,30,30,1.4990333318710327,True
5,Test/s30/9.pgm,30,20,1.9186965227127075,False
5,Test/s30/10.pgm,30,30,1.8444823026657104,True
5,Test/s31/6.pgm,31,29,5.2461042404174805,False
5,Test/s31/7.pgm,31,31,1.9082740545272827,True
5,Test/s31/8.pgm,31,21,2.4648654460906982,False
5,Test/s31/9.pgm,31,31,1.2298920154571533,True
5,Test/s31/10.pgm,31,31,0.8697877526283264,True
5,Test/s32/6.pgm,32,2,3.368969202041626,False
5,Test/s32/7.pgm,32,16,3.454224109649658,False
5,Test/s32/8.pgm,32,32,3.0952982902526855,True
5,Test/s32/9.pgm,32,2,3.677363634109497,False
5,Test/s32/10.pgm,32,2,2.3303818702697754,False
5,Test/s33/6.pgm,33,33,2.3267087936401367,True
5,Test/s33/7.pgm,33,33,2.2985949516296387,True
5,Test/s33/8.pgm,33,30,3.2693703174591064,False
5,Test/s33/9.pgm,33,33,1.0342493057250977,True
5,Test/s33/10.pgm,33,33,0.41254884004592896,True
5,Test/s34/6.pgm,34,34,2.561535120010376,True
5,Test/s34/7.pgm,34,34,1.3557783365249634,True
5,Test/s34/8.pgm,34,34,4.114325523376465,True
5,Test/s34/9.pgm,34,34,5.438521385192871,True
5,Test/s34/10.pgm,34,34,5.454699993133545,True
5,Test/s35/6.pgm,35,25,3.316850185394287,False
5,Test/s35/7.pgm,35,35,3.985551595687866,True
5,Test/s35/8.pgm,35,25,1.6793967485427856,False
5,Test/s35/9.pgm,35,35,2.5020270347595215,True
5,Test/s35/10.pgm,35,25,3.4514851570129395,False
5,Test/s36/6.pgm,36,16,2.503871202468872,False
5,Test/s36/7.pgm,36,24,3.9248015880584717,False
5,Test/s36/8.pgm,36,36,1.781104326248169,True
5,Test/s36/9.pgm,36,7,2.4208478927612305,False
5,Test/s36/10.pgm,36,16,2.5493032932281494,False
5,Test/s37/6.pgm,37,37,1.4574029445648193,True
5,Test/s37/7.pgm,37,37,1.7065708637237549,True
5,Test/s37/8.pgm,37,37,1.7990434169769287,True
5,Test/s37/9.pgm,37,37,1.7789098024368286,True
5,Test/s37/10.pgm,37,37,2.6638104915618896,True
5,Test/s38/6.pgm,38,38,1.9195115566253662,True
5,Test/s38/7.pgm,38,38,1.5834628343582153,True
5,Test/s38/8.pgm,38,23,2.7618319988250732,False
5,Test/s38/9.pgm,38,38,2.7231297492980957,True
5,Test/s38/10.pgm,38,38,1.3592908382415771,True
5,Test/s39/6.pgm,39,39,4.147429466247559,True
5,Test/s39/7.pgm,39,29,2.336682081222534,False
5,Test/s39/8.pgm,39,29,3.115478754043579,False
5,Test/s39/9.pgm,39,39,1.8681025505065918,True
5,Test/s39/10.pgm,39,39,1.8704453706741333,True
5,Test/s40/6.pgm,40,25,2.5670511722564697,False
5,Test/s40/7.pgm,40,40,2.1432323455810547,True
5,Test/s40/8.pgm,40,40,2.554741144180298,True
5,Test/s40/9.pgm,40,25,2.6674067974090576,False
5,Test/s40/10.pgm,40,40,2.0358645915985107,True
10,Test/s1/6.pgm,1,1,8.219273567199707,True
10,Test/s1/7.pgm,1,1,6.4435319900512695,True
10,Test/s1/8.pgm,1,16,8.082651138305664,False
10,Test/s1/9.pgm,1,1,6.8352789878845215,True
10,Test/s1/10.pgm,1,1,7.6463823318481445,True
10,Test/s2/6.pgm,2,2,3.4103798866271973,True
10,Test/s2/7.pgm,2,2,3.4071996212005615,True
10,Test/s2/8.pgm,2,2,1.1103649139404297,True
10,Test/s2/9.pgm,2,2,4.640646457672119,True
10,Test/s2/10.pgm,2,2,2.9469025135040283,True
10,Test/s3/6.pgm,3,17,6.186784267425537,False
10,Test/s3/7.pgm,3,4,5.154668807983398,False
10,Test/s3/8.pgm,3,4,5.9074506759643555,False
10,Test/s3/9.pgm,3,3,4.738587379455566,True
10,Test/s3/10.pgm,3,3,4.249757766723633,True
10,Test/s4/6.pgm,4,4,6.901391983032227,True
10,Test/s4/7.pgm,4,4,2.053550958633423,True
10,Test/s4/8.pgm,4,4,1.9353487491607666,True
10,Test/s4/9.pgm,4,4,2.3637945652008057,True
10,Test/s4/10.pgm,4,4,2.707144021987915,True
10,Test/s5/6.pgm,5,5,1.396493911743164,True
10,Test/s5/7.pgm,5,5,1.3285959959030151,True
10,Test/s5/8.pgm,5,5,4.188270568847656,True
10,Test/s5/9.pgm,5,5,3.4110419750213623,True
10,Test/s5/10.pgm,5,5,4.104630470275879,True
10,Test/s6/6.pgm,6,6,2.080165147781372,True
10,Test/s6/7.pgm,6,6,2.176647186279297,True
10,Test/s6/8.pgm,6,6,4.051344394683838,True
10,Test/s6/9.pgm,6,6,3.062749147415161,True
10,Test/s6/10.pgm,6,6,1.4484341144561768,True
10,Test/s7/6.pgm,7,7,3.8656563758850098,True
10,Test/s7/7.pgm,7,7,2.3231515884399414,True
10,Test/s7/8.pgm,7,7,5.010625839233398,True
10,Test/s7/9.pgm,7,7,2.7536041736602783,True
10,Test/s7/10.pgm,7,7,4.002147197723389,True
10,Test/s8/6.pgm,8,8,3.2975969314575195,True
10,Test/s8/7.pgm,8,8,3.4135618209838867,True
10,Test/s8/8.pgm,8,8,2.9501523971557617,True
10,Test/s8/9.pgm,8,8,5.152440071105957,True
10,Test/s8/10.pgm,8,8,2.54541277885437,True
10,Test/s9/6.pgm,9,38,5.731606960296631,False
10,Test/s9/7.pgm,9,38,5.926997661590576,False
10,Test/s9/8.pgm,9,9,4.308149337768555,True
10,Test/s9/9.pgm,9,9,3.755314350128174,True
10,Test/s9/10.pgm,9,9,3.880951166152954,True
10,Test/s10/6.pgm,10,10,6.492015838623047,True
10,Test/s10/7.pgm,10,10,5.849689960479736,True
10,Test/s10/8.pgm,10,10,4.309321403503418,True
10,Test/s10/9.pgm,10,38,6.975033283233643,False
10,Test/s10/10.pgm,10,38,8.068973541259766,False
10,Test/s11/6.pgm,11,11,4.3087053298950195,True
10,Test/s11/7.pgm,11,11,5.647110939025879,True
10,Test/s11/8.pgm,11,15,9.00842571258545,False
10,Test/s11/9.pgm,11,11,6.320305347442627,True
10,Test/s11/10.pgm,11,11,3.454962730407715,True
10,Test/s12/6.pgm,12,12,5.31619119644165,True
10,Test/s12/7.pgm,12,12,3.0700814723968506,True
10,Test/s12/8.pgm,12,12,4.5367560386657715,True
10,Test/s12/9.pgm,12,12,5.928002834320068,True
10,Test/s12/10.pgm,12,12,5.883212089538574,True
10,Test/s13/6.pgm,13,13,4.224189758300781,True
10,Test/s13/7.pgm,13,13,2.7103688716888428,True
10,Test/s13/8.pgm,13,13,2.6027352809906006,True
10,Test/s13/9.pgm,13,13,4.020123481750488,True
10,Test/s13/10.pgm,13,13,0.5690804123878479,True
10,Test/s14/6.pgm,14,37,7.226749420166016,False
10,Test/s14/7.pgm,14,14,7.620784282684326,True
10,Test/s14/8.pgm,14,28,6.998011589050293,False
10,Test/s14/9.pgm,14,11,9.120352745056152,False
10,Test/s14/10.pgm,14,14,9.171442031860352,True
10,Test/s15/6.pgm,15,15,1.8045966625213623,True
10,Test/s15/7.pgm,15,15,2.3452632427215576,True
10,Test/s15/8.pgm,15,15,3.769314765930176,True
10,Test/s15/9.pgm,15,15,3.248999834060669,True
10,Test/s15/10.pgm,15,15,1.2897459268569946,True
10,Test/s16/6.pgm,16,16,5.201294898986816,True
10,Test/s16/7.pgm,16,16,5.272810935974121,True
10,Test/s16/8.pgm,16,16,6.069827556610107,True
10,Test/s16/9.pgm,16,16,5.24899435043335,True
10,Test/s16/10.pgm,16,16,5.393030643463135,True
10,Test/s17/6.pgm,17,36,5.403867244720459,False
10,Test/s17/7.pgm,17,36,7.219660758972168,False
10,Test/s17/8.pgm,17,36,6.5087056159973145,False
10,Test/s17/9.pgm,17,36,7.584856033325195,False
10,Test/s17/10.pgm,17,36,7.640468120574951,False
10,Test/s18/6.pgm,18,18,4.378828048706055,True
10,Test/s18/7.pgm,18,18,5.227811813354492,True
10,Test/s18/8.pgm,18,18,1.379409670829773,True
10,Test/s18/9.pgm,18,18,4.401454448699951,True
10,Test/s18/10.pgm,18,5,4.963151454925537,False
10,Test/s19/6.pgm,19,19,5.287784099578857,True
10,Test/s19/7.pgm,19,19,4.015336036682129,True
10,Test/s19/8.pgm,19,19,5.0634765625,True
10,Test/s19/9.pgm,19,11,7.637462139129639,False
10,Test/s19/10.pgm,19,19,4.042007923126221,True
10,Test/s20/6.pgm,20,20,1.3714888095855713,True
10,Test/s20/7.pgm,20,20,4.278647422790527,True
10,Test/s20/8.pgm,20,21,6.9849748611450195,False
10,Test/s20/9.pgm,20,20,6.42076301574707,True
10,Test/s20/10.pgm,20,20,1.9817280769348145,True
10,Test/s21/6.pgm,21,21,2.0133564472198486,True
10,Test/s21/7.pgm,21,21,3.6107804775238037,True
10,Test/s21/8.pgm,21,21,4.023329257965088,True
10,Test/s21/9.pgm,21,21,2.76293683052063,True
10,Test/s21/10.pgm,21,21,2.463961362838745,True
10,Test/s22/6.pgm,22,22,4.04230260848999,True
10,Test/s22/7.pgm,22,22,2.038748264312744,True
10,Test/s22/8.pgm,22,22,1.8041208982467651,True
10,Test/s22/9.pgm,22,22,2.2883758544921875,True
10,Test/s22/10.pgm,22,22,2.4934606552124023,True
10,Test/s23/6.pgm,23,23,1.6139620542526245,True
10,Test/s23/7.pgm,23,23,3.6531457901000977,True
10,Test/s23/8.pgm,23,23,2.115385055541992,True
10,Test/s23/9.pgm,23,23,2.351640462875366,True
10,Test/s23/10.pgm,23,23,2.7089245319366455,True
10,Test/s24/6.pgm,24,24,2.476522445678711,True
10,Test/s24/7.pgm,24,24,2.9864962100982666,True
10,Test/s24/8.pgm,24,24,5.105471611022949,True
10,Test/s24/9.pgm,24,24,4.722324848175049,True
10,Test/s24/10.pgm,24,24,3.7083256244659424,True
10,Test/s25/6.pgm,25,25,2.8818490505218506,True
10,Test/s25/7.pgm,25,25,2.807164430618286,True
10,Test/s25/8.pgm,25,25,4.914857387542725,True
10,Test/s25/9.pgm,25,25,5.3623948097229,True
10,Test/s25/10.pgm,25,25,1.8745157718658447,True
10,Test/s26/6.pgm,26,26,4.867320537567139,True
10,Test/s26/7.pgm,26,26,6.259416580200195,True
10,Test/s26/8.pgm,26,26,4.415590286254883,True
10,Test/s26/9.pgm,26,26,4.849371433258057,True
10,Test/s26/10.pgm,26,26,4.700619697570801,True
10,Test/s27/6.pgm,27,17,8.507494926452637,False
10,Test/s27/7.pgm,27,17,8.182744026184082,False
10,Test/s27/8.pgm,27,17,9.295994758605957,False
10,Test/s27/9.pgm,27,27,7.658487796783447,True
10,Test/s27/10.pgm,27,27,4.612958908081055,True
10,Test/s28/6.pgm,28,28,1.753310203552246,True
10,Test/s28/7.pgm,28,28,2.9060111045837402,True
10,Test/s28/8.pgm,28,37,5.3143839836120605,False
10,Test/s28/9.pgm,28,28,5.575666427612305,True
10,Test/s28/10.pgm,28,28,4.577891826629639,True
10,Test/s29/6.pgm,29,29,1.5028202533721924,True
10,Test/s29/7.pgm,29,29,1.9768751859664917,True
10,Test/s29/8.pgm,29,29,3.4384076595306396,True
10,Test/s29/9.pgm,29,29,3.1310877799987793,True
10,Test/s29/10.pgm,29,29,3.5553269386291504,True
10,Test/s30/6.pgm,30,30,3.1153218746185303,True
10,Test/s30/7.pgm,30,30,3.8108227252960205,True
10,Test/s30/8.pgm,30,30,2.577911853790283,True
10,Test/s30/9.pgm,30,30,5.310405731201172,True
10,Test/s30/10.pgm,30,30,2.5980145931243896,True
10,Test/s31/6.pgm,31,31,6.789976119995117,True
10,Test/s31/7.pgm,31,31,3.478844165802002,True
10,Test/s31/8.pgm,31,31,3.2589316368103027,True
10,Test/s31/9.pgm,31,31,2.6472158432006836,True
10,Test/s31/10.pgm,31,31,2.0932106971740723,True
10,Test/s32/6.pgm,32,32,6.029133319854736,True
10,Test/s32/7.pgm,32,15,6.218473434448242,False
10,Test/s32/8.pgm,32,32,4.682453155517578,True
10,Test/s32/9.pgm,32,32,5.378039360046387,True
10,Test/s32/10.pgm,32,2,5.656069278717041,False
10,Test/s33/6.pgm,33,33,4.708835124969482,True
10,Test/s33/7.pgm,33,33,3.0646417140960693,True
10,Test/s33/8.pgm,33,33,5.5652947425842285,True
10,Test/s33/9.pgm,33,33,1.9398690462112427,True
10,Test/s33/10.pgm,33,33,0.6318955421447754,True
10,Test/s34/6.pgm,34,34,2.929208278656006,True
10,Test/s34/7.pgm,34,34,1.761315941810608,True
10,Test/s34/8.pgm,34,34,4.6453704833984375,True
10,Test/s34/9.pgm,34,34,6.234710216522217,True
10,Test/s34/10.pgm,34,34,6.543366432189941,True
10,Test/s35/6.pgm,35,25,5.117506504058838,False
10,Test/s35/7.pgm,35,25,6.554893970489502,False
10,Test/s35/8.pgm,35,25,4.371285915374756,False
10,Test/s35/9.pgm,35,35,3.9759562015533447,True
10,Test/s35/10.pgm,35,35,5.0229668617248535,True
10,Test/s36/6.pgm,36,24,7.42678689956665,False
10,Test/s36/7.pgm,36,36,5.546976566314697,True
10,Test/s36/8.pgm,36,36,2.797736883163452,True
10,Test/s36/9.pgm,36,36,5.174239158630371,True
10,Test/s36/10.pgm,36,17,6.967159271240234,False
10,Test/s37/6.pgm,37,37,2.1256678104400635,True
10,Test/s37/7.pgm,37,37,3.8501479625701904,True
10,Test/s37/8.pgm,37,37,2.5576305389404297,True
10,Test/s37/9.pgm,37,37,1.8898823261260986,True
10,Test/s37/10.pgm,37,37,3.2905373573303223,True
10,Test/s38/6.pgm,38,38,2.8694591522216797,True
10,Test/s38/7.pgm,38,38,2.3907909393310547,True
10,Test/s38/8.pgm,38,38,4.13012170791626,True
10,Test/s38/9.pgm,38,38,3.9467530250549316,True
10,Test/s38/10.pgm,38,38,2.082665205001831,True
10,Test/s39/6.pgm,39,39,4.5783915519714355,True
10,Test/s39/7.pgm,39,39,4.96413516998291,True
10,Test/s39/8.pgm,39,33,5.675354957580566,False
10,Test/s39/9.pgm,39,39,2.6786224842071533,True
10,Test/s39/10.pgm,39,39,4.339817523956299,True
10,Test/s40/6.pgm,40,40,5.280754566192627,True
10,Test/s40/7.pgm,40,40,2.229750394821167,True
10,Test/s40/8.pgm,40,40,2.588214159011841,True
10,Test/s40/9.pgm,40,40,4.454565525054932,True
10,Test/s40/10.pgm,40,40,3.8062171936035156,True
15,Test/s1/6.pgm,1,1,8.723064422607422,True
15,Test/s1/7.pgm,1,1,7.248720169067383,True
15,Test/s1/8.pgm,1,1,9.703965187072754,True
15,Test/s1/9.pgm,1,1,8.570462226867676,True
15,Test/s1/10.pgm,1,1,8.293567657470703,True
15,Test/s2/6.pgm,2,2,3.9845166206359863,True
15,Test/s2/7.pgm,2,2,3.8820972442626953,True
15,Test/s2/8.pgm,2,2,1.6748567819595337,True
15,Test/s2/9.pgm,2,2,5.449142932891846,True
15,Test/s2/10.pgm,2,2,3.307675838470459,True
15,Test/s3/6.pgm,3,17,7.006670951843262,False
15,Test/s3/7.pgm,3,4,6.308760166168213,False
15,Test/s3/8.pgm,3,4,7.077764511108398,False
15,Test/s3/9.pgm,3,3,5.321567058563232,True
15,Test/s3/10.pgm,3,3,4.346118927001953,True
15,Test/s4/6.pgm,4,4,7.3041815757751465,True
15,Test/s4/7.pgm,4,4,2.45361328125,True
15,Test/s4/8.pgm,4,4,2.062551736831665,True
15,Test/s4/9.pgm,4,4,2.8718271255493164,True
15,Test/s4/10.pgm,4,4,3.7112767696380615,True
15,Test/s5/6.pgm,5,5,1.590433955192566,True
15,Test/s5/7.pgm,5,5,1.6396993398666382,True
15,Test/s5/8.pgm,5,5,4.89788293838501,True
15,Test/s5/9.pgm,5,5,4.584809303283691,True
15,Test/s5/10.pgm,5,40,5.366795063018799,False
15,Test/s6/6.pgm,6,6,2.9591126441955566,True
15,Test/s6/7.pgm,6,6,2.906092405319214,True
15,Test/s6/8.pgm,6,6,4.663166046142578,True
15,Test/s6/9.pgm,6,6,3.9089677333831787,True
15,Test/s6/10.pgm,6,6,1.688891887664795,True
15,Test/s7/6.pgm,7,7,4.052914619445801,True
15,Test/s7/7.pgm,7,7,2.621067523956299,True
15,Test/s7/8.pgm,7,7,5.461852550506592,True
15,Test/s7/9.pgm,7,7,2.875955104827881,True
15,Test/s7/10.pgm,7,7,4.491766452789307,True
15,Test/s8/6.pgm,8,8,3.506146192550659,True
15,Test/s8/7.pgm,8,8,4.217867374420166,True
15,Test/s8/8.pgm,8,8,3.0683836936950684,True
15,Test/s8/9.pgm,8,8,5.930212497711182,True
15,Test/s8/10.pgm,8,8,3.9958131313323975,True
15,Test/s9/6.pgm,9,9,7.022620677947998,True
15,Test/s9/7.pgm,9,38,7.406862735748291,False
15,Test/s9/8.pgm,9,9,5.186976432800293,True
15,Test/s9/9.pgm,9,9,4.398812294006348,True
15,Test/s9/10.pgm,9,9,4.110815525054932,True
15,Test/s10/6.pgm,10,10,6.8657965660095215,True
15,Test/s10/7.pgm,10,10,6.009651184082031,True
15,Test/s10/8.pgm,10,10,4.917073726654053,True
15,Test/s10/9.pgm,10,10,8.268356323242188,True
15,Test/s10/10.pgm,10,38,8.97002124786377,False
15,Test/s11/6.pgm,11,11,4.769360065460205,True
15,Test/s11/7.pgm,11,11,5.858015537261963,True
15,Test/s11/8.pgm,11,15,9.489818572998047,False
15,Test/s11/9.pgm,11,11,6.731245040893555,True
15,Test/s11/10.pgm,11,11,3.7174038887023926,True
15,Test/s12/6.pgm,12,12,5.414893627166748,True
15,Test/s12/7.pgm,12,12,3.2050395011901855,True
15,Test/s12/8.pgm,12,12,5.004240036010742,True
15,Test/s12/9.pgm,12,12,6.5096516609191895,True
15,Test/s12/10.pgm,12,12,6.309895038604736,True
15,Test/s13/6.pgm,13,13,5.016908645629883,True
15,Test/s13/7.pgm,13,13,3.3940165042877197,True
15,Test/s13/8.pgm,13,13,3.1906769275665283,True
15,Test/s13/9.pgm,13,13,4.134650707244873,True
15,Test/s13/10.pgm,13,13,0.9867128729820251,True
15,Test/s14/6.pgm,14,37,7.734282493591309,False
15,Test/s14/7.pgm,14,37,8.317757606506348,False
15,Test/s14/8.pgm,14,28,8.167073249816895,False
15,Test/s14/9.pgm,14,37,10.702288627624512,False
15,Test/s14/10.pgm,14,37,9.611717224121094,False
15,Test/s15/6.pgm,15,15,2.0582435131073,True
15,Test/s15/7.pgm,15,15,2.6405932903289795,True
15,Test/s15/8.pgm,15,15,4.838465690612793,True
15,Test/s15/9.pgm,15,15,3.500026226043701,True
15,Test/s15/10.pgm,15,15,2.1875367164611816,True
15,Test/s16/6.pgm,16,16,6.420361042022705,True
15,Test/s16/7.pgm,16,16,7.334477424621582,True
15,Test/s16/8.pgm,16,1,9.456489562988281,False
15,Test/s16/9.pgm,16,16,7.3858137130737305,True
15,Test/s16/10.pgm,16,16,5.406412124633789,True
15,Test/s17/6.pgm,17,36,6.316188812255859,False
15,Test/s17/7.pgm,17,36,9.271431922912598,False
15,Test/s17/8.pgm,17,36,8.355480194091797,False
15,Test/s17/9.pgm,17,36,8.209249496459961,False
15,Test/s17/10.pgm,17,36,8.463146209716797,False
15,Test/s18/6.pgm,18,18,4.655656814575195,True
15,Test/s18/7.pgm,18,18,5.8547587394714355,True
15,Test/s18/8.pgm,18,18,2.3884730339050293,True
15,Test/s18/9.pgm,18,18,5.173783302307129,True
15,Test/s18/10.pgm,18,18,5.56832218170166,True
15,Test/s19/6.pgm,19,19,5.408614635467529,True
15,Test/s19/7.pgm,19,19,5.1679792404174805,True
15,Test/s19/8.pgm,19,19,5.336203575134277,True
15,Test/s19/9.pgm,19,11,9.566296577453613,False
15,Test/s19/10.pgm,19,19,4.149224758148193,True
15,Test/s20/6.pgm,20,20,1.5096228122711182,True
15,Test/s20/7.pgm,20,20,4.410285949707031,True
15,Test/s20/8.pgm,20,38,8.76223373413086,False
15,Test/s20/9.pgm,20,20,7.424142360687256,True
15,Test/s20/10.pgm,20,20,2.325423240661621,True
15,Test/s21/6.pgm,21,21,3.2873733043670654,True
15,Test/s21/7.pgm,21,21,4.837551116943359,True
15,Test/s21/8.pgm,21,21,5.081298351287842,True
15,Test/s21/9.pgm,21,21,3.2527525424957275,True
15,Test/s21/10.pgm,21,21,3.5270798206329346,True
15,Test/s22/6.pgm,22,22,4.254912376403809,True
15,Test/s22/7.pgm,22,22,2.562553644180298,True
15,Test/s22/8.pgm,22,22,2.2845919132232666,True
15,Test/s22/9.pgm,22,22,2.550670623779297,True
15,Test/s22/10.pgm,22,22,2.7301082611083984,True
15,Test/s23/6.pgm,23,23,2.0485403537750244,True
15,Test/s23/7.pgm,23,23,4.792744159698486,True
15,Test/s23/8.pgm,23,23,2.4016544818878174,True
15,Test/s23/9.pgm,23,38,4.169255256652832,False
15,Test/s23/10.pgm,23,23,3.292584180831909,True
15,Test/s24/6.pgm,24,24,3.3083701133728027,True
15,Test/s24/7.pgm,24,24,3.528747320175171,True
15,Test/s24/8.pgm,24,24,5.556954860687256,True
15,Test/s24/9.pgm,24,24,5.548305511474609,True
15,Test/s24/10.pgm,24,24,4.745343208312988,True
15,Test/s25/6.pgm,25,25,4.577573299407959,True
15,Test/s25/7.pgm,25,25,3.2545344829559326,True
15,Test/s25/8.pgm,25,25,5.338454723358154,True
15,Test/s25/9.pgm,25,25,6.53749418258667,True
15,Test/s25/10.pgm,25,25,2.274900197982788,True
15,Test/s26/6.pgm,26,26,5.259649276733398,True
15,Test/s26/7.pgm,26,26,8.272199630737305,True
15,Test/s26/8.pgm,26,26,4.483126163482666,True
15,Test/s26/9.pgm,26,26,5.975976467132568,True
15,Test/s26/10.pgm,26,26,5.0467329025268555,True
15,Test/s27/6.pgm,27,17,8.857110977172852,False
15,Test/s27/7.pgm,27,17,8.656604766845703,False
15,Test/s27/8.pgm,27,17,9.522868156433105,False
15,Test/s27/9.pgm,27,27,9.207500457763672,True
15,Test/s27/10.pgm,27,27,5.532270431518555,True
15,Test/s28/6.pgm,28,28,2.1441078186035156,True
15,Test/s28/7.pgm,28,28,3.6145246028900146,True
15,Test/s28/8.pgm,28,37,6.138875484466553,False
15,Test/s28/9.pgm,28,28,6.389257907867432,True
15,Test/s28/10.pgm,28,28,5.202676296234131,True
15,Test/s29/6.pgm,29,29,1.8765740394592285,True
15,Test/s29/7.pgm,29,29,2.9941246509552,True
15,Test/s29/8.pgm,29,29,4.017465591430664,True
15,Test/s29/9.pgm,29,29,4.275033473968506,True
15,Test/s29/10.pgm,29,29,4.342021465301514,True
15,Test/s30/6.pgm,30,30,3.731689453125,True
15,Test/s30/7.pgm,30,30,4.117810249328613,True
15,Test/s30/8.pgm,30,30,3.60835599899292,True
15,Test/s30/9.pgm,30,30,6.144617080688477,True
15,Test/s30/10.pgm,30,30,3.061727523803711,True
15,Test/s31/6.pgm,31,31,7.162849426269531,True
15,Test/s31/7.pgm,31,31,4.3501386642456055,True
15,Test/s31/8.pgm,31,31,3.348428726196289,True
15,Test/s31/9.pgm,31,31,3.072955369949341,True
15,Test/s31/10.pgm,31,31,2.6248080730438232,True
15,Test/s32/6.pgm,32,32,6.576359748840332,True
15,Test/s32/7.pgm,32,15,7.102717876434326,False
15,Test/s32/8.pgm,32,32,5.605277061462402,True
15,Test/s32/9.pgm,32,32,5.516941547393799,True
15,Test/s32/10.pgm,32,2,7.4156718254089355,False
15,Test/s33/6.pgm,33,33,6.505704402923584,True
15,Test/s33/7.pgm,33,33,3.8390390872955322,True
15,Test/s33/8.pgm,33,33,6.701640605926514,True
15,Test/s33/9.pgm,33,33,2.8334290981292725,True
15,Test/s33/10.pgm,33,33,0.7769412398338318,True
15,Test/s34/6.pgm,34,34,3.0547473430633545,True
15,Test/s34/7.pgm,34,34,2.7431111335754395,True
15,Test/s34/8.pgm,34,34,4.853471279144287,True
15,Test/s34/9.pgm,34,34,6.449674129486084,True
15,Test/s34/10.pgm,34,34,6.775480270385742,True
15,Test/s35/6.pgm,35,25,6.753138065338135,False
15,Test/s35/7.pgm,35,25,7.31454610824585,False
15,Test/s35/8.pgm,35,35,6.736293315887451,True
15,Test/s35/9.pgm,35,35,4.3668694496154785,True
15,Test/s35/10.pgm,35,35,6.52433443069458,True
15,Test/s36/6.pgm,36,24,8.788846015930176,False
15,Test/s36/7.pgm,36,36,5.951059818267822,True
15,Test/s36/8.pgm,36,36,3.3100485801696777,True
15,Test/s36/9.pgm,36,36,6.578943729400635,True
15,Test/s36/10.pgm,36,17,8.370010375976562,False
15,Test/s37/6.pgm,37,37,2.3867411613464355,True
15,Test/s37/7.pgm,37,37,4.039088726043701,True
15,Test/s37/8.pgm,37,37,2.9195501804351807,True
15,Test/s37/9.pgm,37,37,2.2897822856903076,True
15,Test/s37/10.pgm,37,37,3.590712785720825,True
15,Test/s38/6.pgm,38,38,3.1056039333343506,True
15,Test/s38/7.pgm,38,38,2.8797409534454346,True
15,Test/s38/8.pgm,38,38,5.26093864440918,True
15,Test/s38/9.pgm,38,38,4.268675327301025,True
15,Test/s38/10.pgm,38,38,2.590315103530884,True
15,Test/s39/6.pgm,39,39,6.109859466552734,True
15,Test/s39/7.pgm,39,21,5.818290710449219,False
15,Test/s39/8.pgm,39,21,6.967472076416016,False
15,Test/s39/9.pgm,39,39,3.5038561820983887,True
15,Test/s39/10.pgm,39,39,6.199943542480469,True
15,Test/s40/6.pgm,40,40,6.5005011558532715,True
15,Test/s40/7.pgm,40,40,3.633347988128662,True
15,Test/s40/8.pgm,40,40,3.4553382396698,True
15,Test/s40/9.pgm,40,40,6.208034038543701,True
15,Test/s40/10.pgm,40,40,4.129299640655518,True
20,Test/s1/6.pgm,1,1,9.342656135559082,True
20,Test/s1/7.pgm,1,1,7.939474105834961,True
20,Test/s1/8.pgm,1,1,10.477632522583008,True
20,Test/s1/9.pgm,1,1,8.8254976272583,True
20,Test/s1/10.pgm,1,1,9.499995231628418,True
20,Test/s2/6.pgm,2,2,4.43728494644165,True
20,Test/s2/7.pgm,2,2,4.084458351135254,True
20,Test/s2/8.pgm,2,2,1.729811668395996,True
20,Test/s2/9.pgm,2,2,5.791347503662109,True
20,Test/s2/10.pgm,2,2,3.6648266315460205,True
20,Test/s3/6.pgm,3,17,7.584637641906738,False
20,Test/s3/7.pgm,3,3,7.524909973144531,True
20,Test/s3/8.pgm,3,3,7.622960090637207,True
20,Test/s3/9.pgm,3,3,6.136898994445801,True
20,Test/s3/10.pgm,3,3,5.381810188293457,True
20,Test/s4/6.pgm,4,4,8.233983039855957,True
20,Test/s4/7.pgm,4,4,2.846900701522827,True
20,Test/s4/8.pgm,4,4,2.167912483215332,True
20,Test/s4/9.pgm,4,4,3.0069119930267334,True
20,Test/s4/10.pgm,4,4,4.203150272369385,True
20,Test/s5/6.pgm,5,5,1.6109765768051147,True
20,Test/s5/7.pgm,5,5,1.8664273023605347,True
20,Test/s5/8.pgm,5,5,6.025114059448242,True
20,Test/s5/9.pgm,5,5,5.252289772033691,True
20,Test/s5/10.pgm,5,40,5.683036804199219,False
20,Test/s6/6.pgm,6,6,3.4686708450317383,True
20,Test/s6/7.pgm,6,6,2.965808629989624,True
20,Test/s6/8.pgm,6,6,5.585352897644043,True
20,Test/s6/9.pgm,6,6,4.868391036987305,True
20,Test/s6/10.pgm,6,6,1.9701136350631714,True
20,Test/s7/6.pgm,7,7,4.2140021324157715,True
20,Test/s7/7.pgm,7,7,2.740445375442505,True
20,Test/s7/8.pgm,7,7,5.998562812805176,True
20,Test/s7/9.pgm,7,7,3.299105167388916,True
20,Test/s7/10.pgm,7,7,4.873970031738281,True
20,Test/s8/6.pgm,8,8,3.664978504180908,True
20,Test/s8/7.pgm,8,8,4.277259826660156,True
20,Test/s8/8.pgm,8,8,3.262287139892578,True
20,Test/s8/9.pgm,8,8,6.329672813415527,True
20,Test/s8/10.pgm,8,8,4.215120792388916,True
20,Test/s9/6.pgm,9,9,7.792837619781494,True
20,Test/s9/7.pgm,9,38,8.221503257751465,False
20,Test/s9/8.pgm,9,9,5.490403652191162,True
20,Test/s9/9.pgm,9,9,5.118351936340332,True
20,Test/s9/10.pgm,9,9,4.5384674072265625,True
20,Test/s10/6.pgm,10,10,7.889452934265137,True
20,Test/s10/7.pgm,10,10,6.897331237792969,True
20,Test/s10/8.pgm,10,10,5.2437591552734375,True
20,Test/s10/9.pgm,10,10,8.964029312133789,True
20,Test/s10/10.pgm,10,38,9.876352310180664,False
20,Test/s11/6.pgm,11,11,5.303948402404785,True
20,Test/s11/7.pgm,11,11,6.373106479644775,True
20,Test/s11/8.pgm,11,15,9.903340339660645,False
20,Test/s11/9.pgm,11,11,6.914731025695801,True
20,Test/s11/10.pgm,11,11,4.1024627685546875,True
20,Test/s12/6.pgm,12,12,5.725326061248779,True
20,Test/s12/7.pgm,12,12,3.5546875,True
20,Test/s12/8.pgm,12,12,5.030088424682617,True
20,Test/s12/9.pgm,12,12,6.658231258392334,True
20,Test/s12/10.pgm,12,12,6.340887069702148,True
20,Test/s13/6.pgm,13,13,5.0830535888671875,True
20,Test/s13/7.pgm,13,13,5.5318098068237305,True
20,Test/s13/8.pgm,13,13,5.0731587409973145,True
20,Test/s13/9.pgm,13,13,4.436733245849609,True
20,Test/s13/10.pgm,13,13,1.3491556644439697,True
20,Test/s14/6.pgm,14,37,8.826208114624023,False
20,Test/s14/7.pgm,14,14,8.811076164245605,True
20,Test/s14/8.pgm,14,28,8.473698616027832,False
20,Test/s14/9.pgm,14,37,11.871583938598633,False
20,Test/s14/10.pgm,14,37,10.458250045776367,False
20,Test/s15/6.pgm,15,15,2.6076083183288574,True
20,Test/s15/7.pgm,15,15,3.2328035831451416,True
20,Test/s15/8.pgm,15,15,5.595677375793457,True
20,Test/s15/9.pgm,15,15,3.9749534130096436,True
20,Test/s15/10.pgm,15,15,2.522291421890259,True
20,Test/s16/6.pgm,16,16,7.29259729385376,True
20,Test/s16/7.pgm,16,16,8.101192474365234,True
20,Test/s16/8.pgm,16,16,9.622261047363281,True
20,Test/s16/9.pgm,16,16,7.869372844696045,True
20,Test/s16/10.pgm,16,16,5.8081536293029785,True
20,Test/s17/6.pgm,17,36,6.8848748207092285,False
20,Test/s17/7.pgm,17,36,9.752331733703613,False
20,Test/s17/8.pgm,17,36,8.949360847473145,False
20,Test/s17/9.pgm,17,36,8.613576889038086,False
20,Test/s17/10.pgm,17,36,8.802512168884277,False
20,Test/s18/6.pgm,18,18,5.224994659423828,True
20,Test/s18/7.pgm,18,18,6.449302673339844,True
20,Test/s18/8.pgm,18,18,3.238377809524536,True
20,Test/s18/9.pgm,18,18,5.64259672164917,True
20,Test/s18/10.pgm,18,18,5.960691928863525,True
20,Test/s19/6.pgm,19,19,5.7894182205200195,True
20,Test/s19/7.pgm,19,19,6.228277683258057,True
20,Test/s19/8.pgm,19,19,5.566295146942139,True
20,Test/s19/9.pgm,19,11,9.923494338989258,False
20,Test/s19/10.pgm,19,19,4.28370475769043,True
20,Test/s20/6.pgm,20,20,1.6432178020477295,True
20,Test/s20/7.pgm,20,20,4.812144756317139,True
20,Test/s20/8.pgm,20,38,9.19875717163086,False
20,Test/s20/9.pgm,20,20,7.7511162757873535,True
20,Test/s20/10.pgm,20,20,2.5812184810638428,True
20,Test/s21/6.pgm,21,21,3.5932765007019043,True
20,Test/s21/7.pgm,21,21,5.743457317352295,True
20,Test/s21/8.pgm,21,21,5.46337890625,True
20,Test/s21/9.pgm,21,21,3.2961459159851074,True
20,Test/s21/10.pgm,21,21,4.17899751663208,True
20,Test/s22/6.pgm,22,22,4.388765335083008,True
20,Test/s22/7.pgm,22,22,2.6957879066467285,True
20,Test/s22/8.pgm,22,22,2.4696645736694336,True
20,Test/s22/9.pgm,22,22,2.706977605819702,True
20,Test/s22/10.pgm,22,22,2.936180353164673,True
20,Test/s23/6.pgm,23,23,2.096670389175415,True
20,Test/s23/7.pgm,23,23,5.466576099395752,True
20,Test/s23/8.pgm,23,23,2.5761475563049316,True
20,Test/s23/9.pgm,23,38,5.143583297729492,False
20,Test/s23/10.pgm,23,23,3.811887502670288,True
20,Test/s24/6.pgm,24,24,3.476259708404541,True
20,Test/s24/7.pgm,24,24,3.7144556045532227,True
20,Test/s24/8.pgm,24,24,5.705921649932861,True
20,Test/s24/9.pgm,24,24,5.709433078765869,True
20,Test/s24/10.pgm,24,24,5.163329601287842,True
20,Test/s25/6.pgm,25,25,4.839544296264648,True
20,Test/s25/7.pgm,25,25,3.3706750869750977,True
20,Test/s25/8.pgm,25,25,5.711318016052246,True
20,Test/s25/9.pgm,25,25,6.831458568572998,True
20,Test/s25/10.pgm,25,25,2.638301134109497,True
20,Test/s26/6.pgm,26,26,5.851391792297363,True
20,Test/s26/7.pgm,26,26,8.766670227050781,True
20,Test/s26/8.pgm,26,26,4.805951118469238,True
20,Test/s26/9.pgm,26,26,6.893032550811768,True
20,Test/s26/10.pgm,26,26,5.3056321144104,True
20,Test/s27/6.pgm,27,17,9.330230712890625,False
20,Test/s27/7.pgm,27,17,9.795727729797363,False
20,Test/s27/8.pgm,27,17,10.148624420166016,False
20,Test/s27/9.pgm,27,27,9.508715629577637,True
20,Test/s27/10.pgm,27,27,5.577930927276611,True
20,Test/s28/6.pgm,28,28,2.2648301124572754,True
20,Test/s28/7.pgm,28,28,3.902134656906128,True
20,Test/s28/8.pgm,28,37,7.689327716827393,False
20,Test/s28/9.pgm,28,28,6.702611446380615,True
20,Test/s28/10.pgm,28,28,5.747714519500732,True
20,Test/s29/6.pgm,29,29,2.213899612426758,True
20,Test/s29/7.pgm,29,29,3.330709934234619,True
20,Test/s29/8.pgm,29,29,4.511706829071045,True
20,Test/s29/9.pgm,29,29,4.629095554351807,True
20,Test/s29/10.pgm,29,29,4.843838214874268,True
20,Test/s30/6.pgm,30,30,4.468587875366211,True
20,Test/s30/7.pgm,30,30,4.972381591796875,True
20,Test/s30/8.pgm,30,30,3.9582552909851074,True
20,Test/s30/9.pgm,30,30,7.20474100112915,True
20,Test/s30/10.pgm,30,30,3.330723524093628,True
20,Test/s31/6.pgm,31,31,7.877607822418213,True
20,Test/s31/7.pgm,31,31,5.826509475708008,True
20,Test/s31/8.pgm,31,31,3.558720350265503,True
20,Test/s31/9.pgm,31,31,4.1012444496154785,True
20,Test/s31/10.pgm,31,31,3.485508918762207,True
20,Test/s32/6.pgm,32,32,7.113674640655518,True
20,Test/s32/7.pgm,32,15,8.303446769714355,False
20,Test/s32/8.pgm,32,32,5.991655349731445,True
20,Test/s32/9.pgm,32,32,5.834691524505615,True
20,Test/s32/10.pgm,32,2,8.29201602935791,False
20,Test/s33/6.pgm,33,33,6.942070960998535,True
20,Test/s33/7.pgm,33,33,3.892244338989258,True
20,Test/s33/8.pgm,33,33,7.097403526306152,True
20,Test/s33/9.pgm,33,33,3.3943896293640137,True
20,Test/s33/10.pgm,33,33,0.9410738945007324,True
20,Test/s34/6.pgm,34,34,3.2050728797912598,True
20,Test/s34/7.pgm,34,34,3.1273136138916016,True
20,Test/s34/8.pgm,34,34,5.002135753631592,True
20,Test/s34/9.pgm,34,34,6.486814975738525,True
20,Test/s34/10.pgm,34,34,6.877050399780273,True
20,Test/s35/6.pgm,35,25,7.282157897949219,False
20,Test/s35/7.pgm,35,25,7.664863109588623,False
20,Test/s35/8.pgm,35,35,7.124005317687988,True
20,Test/s35/9.pgm,35,35,6.26936674118042,True
20,Test/s35/10.pgm,35,35,6.806118965148926,True
20,Test/s36/6.pgm,36,24,9.943231582641602,False
20,Test/s36/7.pgm,36,36,6.654876708984375,True
20,Test/s36/8.pgm,36,36,3.6250884532928467,True
20,Test/s36/9.pgm,36,36,6.904305458068848,True
20,Test/s36/10.pgm,36,17,8.798712730407715,False
20,Test/s37/6.pgm,37,37,2.6582884788513184,True
20,Test/s37/7.pgm,37,37,4.490869522094727,True
20,Test/s37/8.pgm,37,37,3.1648001670837402,True
20,Test/s37/9.pgm,37,37,2.332132577896118,True
20,Test/s37/10.pgm,37,37,3.7979319095611572,True
20,Test/s38/6.pgm,38,38,3.429763078689575,True
20,Test/s38/7.pgm,38,38,3.2454473972320557,True
20,Test/s38/8.pgm,38,38,6.018797397613525,True
20,Test/s38/9.pgm,38,38,4.513647556304932,True
20,Test/s38/10.pgm,38,38,2.834855794906616,True
20,Test/s39/6.pgm,39,39,7.254607677459717,True
20,Test/s39/7.pgm,39,39,6.583961009979248,True
20,Test/s39/8.pgm,39,39,7.4621052742004395,True
20,Test/s39/9.pgm,39,39,4.47825288772583,True
20,Test/s39/10.pgm,39,29,7.19654655456543,False
20,Test/s40/6.pgm,40,5,6.978562355041504,False
20,Test/s40/7.pgm,40,40,5.195568084716797,True
20,Test/s40/8.pgm,40,40,3.77297043800354,True
20,Test/s40/9.pgm,40,40,7.087137699127197,True
20,Test/s40/10.pgm,40,40,4.73917818069458,True
30,Test/s1/6.pgm,1,1,9.596320152282715,True
30,Test/s1/7.pgm,1,1,8.647682189941406,True
30,Test/s1/8.pgm,1,1,11.266443252563477,True
30,Test/s1/9.pgm,1,1,9.55037784576416,True
30,Test/s1/10.pgm,1,1,10.14604663848877,True
30,Test/s2/6.pgm,2,2,5.113921165466309,True
30,Test/s2/7.pgm,2,2,4.948585033416748,True
30,Test/s2/8.pgm,2,2,2.3601930141448975,True
30,Test/s2/9.pgm,2,2,6.508924961090088,True
30,Test/s2/10.pgm,2,2,4.112699031829834,True
30,Test/s3/6.pgm,3,3,8.344612121582031,True
30,Test/s3/7.pgm,3,3,8.095845222473145,True
30,Test/s3/8.pgm,3,3,8.244759559631348,True
30,Test/s3/9.pgm,3,3,6.720848083496094,True
30,Test/s3/10.pgm,3,3,5.843783855438232,True
30,Test/s4/6.pgm,4,4,8.80342960357666,True
30,Test/s4/7.pgm,4,4,3.449176788330078,True
30,Test/s4/8.pgm,4,4,2.3990418910980225,True
30,Test/s4/9.pgm,4,4,3.226288318634033,True
30,Test/s4/10.pgm,4,4,4.744191646575928,True
30,Test/s5/6.pgm,5,5,1.9382716417312622,True
30,Test/s5/7.pgm,5,5,2.3126649856567383,True
30,Test/s5/8.pgm,5,5,7.261580944061279,True
30,Test/s5/9.pgm,5,5,6.084071636199951,True
30,Test/s5/10.pgm,5,40,6.252023696899414,False
30,Test/s6/6.pgm,6,6,4.033073902130127,True
30,Test/s6/7.pgm,6,6,3.4565258026123047,True
30,Test/s6/8.pgm,6,6,6.315042495727539,True
30,Test/s6/9.pgm,6,6,6.124680995941162,True
30,Test/s6/10.pgm,6,6,2.187723159790039,True
30,Test/s7/6.pgm,7,7,5.486928462982178,True
30,Test/s7/7.pgm,7,7,3.536142349243164,True
30,Test/s7/8.pgm,7,7,7.476901054382324,True
30,Test/s7/9.pgm,7,7,4.222311019897461,True
30,Test/s7/10.pgm,7,7,5.2306976318359375,True
30,Test/s8/6.pgm,8,8,4.030685901641846,True
30,Test/s8/7.pgm,8,8,5.820102691650391,True
30,Test/s8/8.pgm,8,8,3.676625967025757,True
30,Test/s8/9.pgm,8,8,6.915688991546631,True
30,Test/s8/10.pgm,8,8,4.505049705505371,True
30,Test/s9/6.pgm,9,9,8.282666206359863,True
30,Test/s9/7.pgm,9,38,9.215546607971191,False
30,Test/s9/8.pgm,9,9,5.901487827301025,True
30,Test/s9/9.pgm,9,9,5.492949962615967,True
30,Test/s9/10.pgm,9,9,5.493076324462891,True
30,Test/s10/6.pgm,10,10,8.697389602661133,True
30,Test/s10/7.pgm,10,10,7.285913467407227,True
30,Test/s10/8.pgm,10,10,5.570624828338623,True
30,Test/s10/9.pgm,10,10,10.256296157836914,True
30,Test/s10/10.pgm,10,38,10.571738243103027,False
30,Test/s11/6.pgm,11,11,5.772549629211426,True
30,Test/s11/7.pgm,11,11,7.157908916473389,True
30,Test/s11/8.pgm,11,15,11.255916595458984,False
30,Test/s11/9.pgm,11,11,7.384936809539795,True
30,Test/s11/10.pgm,11,11,4.59431791305542,True
30,Test/s12/6.pgm,12,12,6.368313789367676,True
30,Test/s12/7.pgm,12,12,4.219252586364746,True
30,Test/s12/8.pgm,12,12,5.725869655609131,True
30,Test/s12/9.pgm,12,12,7.308720111846924,True
30,Test/s12/10.pgm,12,12,6.966400146484375,True
30,Test/s13/6.pgm,13,13,6.221026420593262,True
30,Test/s13/7.pgm,13,13,6.144942283630371,True
30,Test/s13/8.pgm,13,13,5.68726110458374,True
30,Test/s13/9.pgm,13,13,5.465903282165527,True
30,Test/s13/10.pgm,13,13,1.5652124881744385,True
30,Test/s14/6.pgm,14,37,10.204867362976074,False
30,Test/s14/7.pgm,14,14,9.548064231872559,True
30,Test/s14/8.pgm,14,28,9.602208137512207,False
30,Test/s14/9.pgm,14,22,12.957572937011719,False
30,Test/s14/10.pgm,14,14,11.110681533813477,True
30,Test/s15/6.pgm,15,15,3.3245034217834473,True
30,Test/s15/7.pgm,15,15,3.636411428451538,True
30,Test/s15/8.pgm,15,15,7.522672653198242,True
30,Test/s15/9.pgm,15,15,4.589825630187988,True
30,Test/s15/10.pgm,15,15,2.896852493286133,True
30,Test/s16/6.pgm,16,16,9.049561500549316,True
30,Test/s16/7.pgm,16,16,9.34082317352295,True
30,Test/s16/8.pgm,16,16,10.082963943481445,True
30,Test/s16/9.pgm,16,16,8.41519546508789,True
30,Test/s16/10.pgm,16,16,6.216622352600098,True
30,Test/s17/6.pgm,17,36,8.671908378601074,False
30,Test/s17/7.pgm,17,36,11.681931495666504,False
30,Test/s17/8.pgm,17,36,9.650321006774902,False
30,Test/s17/9.pgm,17,36,10.728463172912598,False
30,Test/s17/10.pgm,17,36,10.656289100646973,False
30,Test/s18/6.pgm,18,18,6.237619400024414,True
30,Test/s18/7.pgm,18,18,6.584392070770264,True
30,Test/s18/8.pgm,18,18,3.8227999210357666,True
30,Test/s18/9.pgm,18,18,5.879758834838867,True
30,Test/s18/10.pgm,18,40,6.913283348083496,False
30,Test/s19/6.pgm,19,19,6.346217155456543,True
30,Test/s19/7.pgm,19,19,6.962923049926758,True
30,Test/s19/8.pgm,19,19,6.549694538116455,True
30,Test/s19/9.pgm,19,15,11.293425559997559,False
30,Test/s19/10.pgm,19,19,4.845331192016602,True
30,Test/s20/6.pgm,20,20,2.2146406173706055,True
30,Test/s20/7.pgm,20,20,5.371777057647705,True
30,Test/s20/8.pgm,20,38,9.813802719116211,False
30,Test/s20/9.pgm,20,20,8.254898071289062,True
30,Test/s20/10.pgm,20,20,3.2990310192108154,True
30,Test/s21/6.pgm,21,21,4.491042613983154,True
30,Test/s21/7.pgm,21,21,5.95890474319458,True
30,Test/s21/8.pgm,21,21,5.650256633758545,True
30,Test/s21/9.pgm,21,21,3.6548516750335693,True
30,Test/s21/10.pgm,21,21,4.461226463317871,True
30,Test/s22/6.pgm,22,22,5.728763103485107,True
30,Test/s22/7.pgm,22,22,3.032689332962036,True
30,Test/s22/8.pgm,22,22,3.1734957695007324,True
30,Test/s22/9.pgm,22,22,3.390854597091675,True
30,Test/s22/10.pgm,22,22,3.453871726989746,True
30,Test/s23/6.pgm,23,23,2.311232805252075,True
30,Test/s23/7.pgm,23,23,5.928928375244141,True
30,Test/s23/8.pgm,23,23,2.7089555263519287,True
30,Test/s23/9.pgm,23,38,6.058587551116943,False
30,Test/s23/10.pgm,23,23,4.023092269897461,True
30,Test/s24/6.pgm,24,24,3.6273269653320312,True
30,Test/s24/7.pgm,24,24,3.9758641719818115,True
30,Test/s24/8.pgm,24,24,5.934206962585449,True
30,Test/s24/9.pgm,24,24,6.050020694732666,True
30,Test/s24/10.pgm,24,24,5.722215175628662,True
30,Test/s25/6.pgm,25,25,5.2284088134765625,True
30,Test/s25/7.pgm,25,25,3.6743197441101074,True
30,Test/s25/8.pgm,25,25,6.085399627685547,True
30,Test/s25/9.pgm,25,25,7.544987201690674,True
30,Test/s25/10.pgm,25,25,3.7605888843536377,True
30,Test/s26/6.pgm,26,26,6.533184051513672,True
30,Test/s26/7.pgm,26,26,9.76189136505127,True
30,Test/s26/8.pgm,26,26,5.205751895904541,True
30,Test/s26/9.pgm,26,26,7.974631309509277,True
30,Test/s26/10.pgm,26,26,5.690185070037842,True
30,Test/s27/6.pgm,27,17,10.387845039367676,False
30,Test/s27/7.pgm,27,17,10.739956855773926,False
30,Test/s27/8.pgm,27,17,10.926899909973145,False
30,Test/s27/9.pgm,27,27,9.960413932800293,True
30,Test/s27/10.pgm,27,27,5.809525012969971,True
30,Test/s28/6.pgm,28,28,2.788816213607788,True
30,Test/s28/7.pgm,28,28,4.874399185180664,True
30,Test/s28/8.pgm,28,37,8.70241641998291,False
30,Test/s28/9.pgm,28,28,8.301763534545898,True
30,Test/s28/10.pgm,28,28,6.274986743927002,True
30,Test/s29/6.pgm,29,29,2.699467420578003,True
30,Test/s29/7.pgm,29,29,4.083841800689697,True
30,Test/s29/8.pgm,29,29,5.524246692657471,True
30,Test/s29/9.pgm,29,29,5.953714370727539,True
30,Test/s29/10.pgm,29,29,5.447508811950684,True
30,Test/s30/6.pgm,30,30,5.1583356857299805,True
30,Test/s30/7.pgm,30,30,5.625840663909912,True
30,Test/s30/8.pgm,30,30,4.46054744720459,True
30,Test/s30/9.pgm,30,30,8.033284187316895,True
30,Test/s30/10.pgm,30,30,3.5792016983032227,True
30,Test/s31/6.pgm,31,31,8.171195983886719,True
30,Test/s31/7.pgm,31,31,7.221487045288086,True
30,Test/s31/8.pgm,31,31,3.630858898162842,True
30,Test/s31/9.pgm,31,31,4.793613433837891,True
30,Test/s31/10.pgm,31,31,4.4125447273254395,True
30,Test/s32/6.pgm,32,32,7.9369683265686035,True
30,Test/s32/7.pgm,32,2,9.741808891296387,False
30,Test/s32/8.pgm,32,32,6.881533145904541,True
30,Test/s32/9.pgm,32,32,6.7798075675964355,True
30,Test/s32/10.pgm,32,32,9.179478645324707,True
30,Test/s33/6.pgm,33,33,7.52578592300415,True
30,Test/s33/7.pgm,33,33,4.242971420288086,True
30,Test/s33/8.pgm,33,33,8.062519073486328,True
30,Test/s33/9.pgm,33,33,3.992466449737549,True
30,Test/s33/10.pgm,33,33,1.1546916961669922,True
30,Test/s34/6.pgm,34,34,3.7634363174438477,True
30,Test/s34/7.pgm,34,34,3.6069815158843994,True
30,Test/s34/8.pgm,34,34,5.46041202545166,True
30,Test/s34/9.pgm,34,34,7.121598243713379,True
30,Test/s34/10.pgm,34,34,7.4529876708984375,True
30,Test/s35/6.pgm,35,35,8.43562126159668,True
30,Test/s35/7.pgm,35,25,9.395581245422363,False
30,Test/s35/8.pgm,35,35,7.560560703277588,True
30,Test/s35/9.pgm,35,35,7.365358352661133,True
30,Test/s35/10.pgm,35,35,7.506737232208252,True
30,Test/s36/6.pgm,36,24,10.401885032653809,False
30,Test/s36/7.pgm,36,36,7.839573383331299,True
30,Test/s36/8.pgm,36,36,3.779465913772583,True
30,Test/s36/9.pgm,36,36,7.393692493438721,True
30,Test/s36/10.pgm,36,17,9.475361824035645,False
30,Test/s37/6.pgm,37,37,3.5103824138641357,True
30,Test/s37/7.pgm,37,37,5.645532608032227,True
30,Test/s37/8.pgm,37,37,4.913435459136963,True
30,Test/s37/9.pgm,37,37,2.722384452819824,True
30,Test/s37/10.pgm,37,37,4.99549674987793,True
30,Test/s38/6.pgm,38,38,3.976013660430908,True
30,Test/s38/7.pgm,38,38,3.574173927307129,True
30,Test/s38/8.pgm,38,38,6.977704048156738,True
30,Test/s38/9.pgm,38,38,5.170417308807373,True
30,Test/s38/10.pgm,38,38,3.094297409057617,True
30,Test/s39/6.pgm,39,39,7.789501190185547,True
30,Test/s39/7.pgm,39,39,7.291525840759277,True
30,Test/s39/8.pgm,39,39,8.284607887268066,True
30,Test/s39/9.pgm,39,39,4.83235502243042,True
30,Test/s39/10.pgm,39,39,7.773967266082764,True
30,Test/s40/6.pgm,40,5,7.827883243560791,False
30,Test/s40/7.pgm,40,40,6.057281494140625,True
30,Test/s40/8.pgm,40,40,4.938192367553711,True
30,Test/s40/9.pgm,40,40,8.40794563293457,True
30,Test/s40/10.pgm,40,40,5.168159008026123,True
40,Test/s1/6.pgm,1,1,9.857093811035156,True
40,Test/s1/7.pgm,1,1,9.64429759979248,True
40,Test/s1/8.pgm,1,1,12.271860122680664,True
40,Test/s1/9.pgm,1,1,10.323724746704102,True
40,Test/s1/10.pgm,1,1,10.778369903564453,True
40,Test/s2/6.pgm,2,2,5.413343906402588,True
40,Test/s2/7.pgm,2,2,5.26257848739624,True
40,Test/s2/8.pgm,2,2,2.7227067947387695,True
40,Test/s2/9.pgm,2,2,7.021501541137695,True
40,Test/s2/10.pgm,2,2,4.798190116882324,True
40,Test/s3/6.pgm,3,3,8.599323272705078,True
40,Test/s3/7.pgm,3,3,8.682669639587402,True
40,Test/s3/8.pgm,3,3,8.859476089477539,True
40,Test/s3/9.pgm,3,3,7.006109714508057,True
40,Test/s3/10.pgm,3,3,6.1894121170043945,True
40,Test/s4/6.pgm,4,4,9.069246292114258,True
40,Test/s4/7.pgm,4,4,3.7650372982025146,True
40,Test/s4/8.pgm,4,4,2.7849042415618896,True
40,Test/s4/9.pgm,4,4,3.652859687805176,True
40,Test/s4/10.pgm,4,4,5.139200210571289,True
40,Test/s5/6.pgm,5,5,2.199312448501587,True
40,Test/s5/7.pgm,5,5,2.4214024543762207,True
40,Test/s5/8.pgm,5,5,7.842984676361084,True
40,Test/s5/9.pgm,5,5,6.660757541656494,True
40,Test/s5/10.pgm,5,40,6.685112953186035,False
40,Test/s6/6.pgm,6,6,4.186858654022217,True
40,Test/s6/7.pgm,6,6,3.6293582916259766,True
40,Test/s6/8.pgm,6,6,6.542542934417725,True
40,Test/s6/9.pgm,6,6,6.582308292388916,True
40,Test/s6/10.pgm,6,6,2.4407029151916504,True
40,Test/s7/6.pgm,7,7,5.777165412902832,True
40,Test/s7/7.pgm,7,7,3.9589953422546387,True
40,Test/s7/8.pgm,7,7,8.083599090576172,True
40,Test/s7/9.pgm,7,7,4.695367813110352,True
40,Test/s7/10.pgm,7,7,5.717730522155762,True
40,Test/s8/6.pgm,8,8,4.295855522155762,True
40,Test/s8/7.pgm,8,8,6.472211837768555,True
40,Test/s8/8.pgm,8,8,3.8352413177490234,True
40,Test/s8/9.pgm,8,8,7.591263771057129,True
40,Test/s8/10.pgm,8,8,4.888952255249023,True
40,Test/s9/6.pgm,9,9,8.74477481842041,True
40,Test/s9/7.pgm,9,38,10.112143516540527,False
40,Test/s9/8.pgm,9,9,6.057014465332031,True
40,Test/s9/9.pgm,9,9,5.740653991699219,True
40,Test/s9/10.pgm,9,9,5.895024299621582,True
40,Test/s10/6.pgm,10,10,9.689286231994629,True
40,Test/s10/7.pgm,10,10,7.627509117126465,True
40,Test/s10/8.pgm,10,10,5.923693656921387,True
40,Test/s10/9.pgm,10,10,11.245224952697754,True
40,Test/s10/10.pgm,10,38,11.182050704956055,False
40,Test/s11/6.pgm,11,11,6.585006237030029,True
40,Test/s11/7.pgm,11,11,7.8662333488464355,True
40,Test/s11/8.pgm,11,15,12.220256805419922,False
40,Test/s11/9.pgm,11,11,8.358264923095703,True
40,Test/s11/10.pgm,11,11,5.055825233459473,True
40,Test/s12/6.pgm,12,12,6.968000888824463,True
40,Test/s12/7.pgm,12,12,4.6762003898620605,True
40,Test/s12/8.pgm,12,12,6.238270282745361,True
40,Test/s12/9.pgm,12,12,7.681973934173584,True
40,Test/s12/10.pgm,12,12,7.2999420166015625,True
40,Test/s13/6.pgm,13,13,6.843335151672363,True
40,Test/s13/7.pgm,13,13,7.26339864730835,True
40,Test/s13/8.pgm,13,13,6.863844871520996,True
40,Test/s13/9.pgm,13,13,5.847099304199219,True
40,Test/s13/10.pgm,13,13,2.2489688396453857,True
40,Test/s14/6.pgm,14,37,11.044581413269043,False
40,Test/s14/7.pgm,14,14,9.7871732711792,True
40,Test/s14/8.pgm,14,14,9.894484519958496,True
40,Test/s14/9.pgm,14,22,13.399385452270508,False
40,Test/s14/10.pgm,14,14,12.152769088745117,True
40,Test/s15/6.pgm,15,15,3.5418574810028076,True
40,Test/s15/7.pgm,15,15,3.950045585632324,True
40,Test/s15/8.pgm,15,15,7.960590362548828,True
40,Test/s15/9.pgm,15,15,4.889538288116455,True
40,Test/s15/10.pgm,15,15,3.330508232116699,True
40,Test/s16/6.pgm,16,16,9.450007438659668,True
40,Test/s16/7.pgm,16,16,9.834492683410645,True
40,Test/s16/8.pgm,16,16,10.709908485412598,True
40,Test/s16/9.pgm,16,16,9.003142356872559,True
40,Test/s16/10.pgm,16,16,6.544900417327881,True
40,Test/s17/6.pgm,17,36,10.736322402954102,False
40,Test/s17/7.pgm,17,36,12.463054656982422,False
40,Test/s17/8.pgm,17,36,10.257081031799316,False
40,Test/s17/9.pgm,17,36,11.614300727844238,False
40,Test/s17/10.pgm,17,36,12.399821281433105,False
40,Test/s18/6.pgm,18,18,6.391876220703125,True
40,Test/s18/7.pgm,18,18,7.112889766693115,True
40,Test/s18/8.pgm,18,18,4.381179332733154,True
40,Test/s18/9.pgm,18,18,6.126213073730469,True
40,Test/s18/10.pgm,18,18,7.301551342010498,True
40,Test/s19/6.pgm,19,19,6.817904949188232,True
40,Test/s19/7.pgm,19,19,7.468825817108154,True
40,Test/s19/8.pgm,19,19,7.159582138061523,True
40,Test/s19/9.pgm,19,15,12.004106521606445,False
40,Test/s19/10.pgm,19,19,4.992169380187988,True
40,Test/s20/6.pgm,20,20,2.5275096893310547,True
40,Test/s20/7.pgm,20,20,6.064679145812988,True
40,Test/s20/8.pgm,20,38,10.629903793334961,False
40,Test/s20/9.pgm,20,20,9.04359245300293,True
40,Test/s20/10.pgm,20,20,3.778920888900757,True
40,Test/s21/6.pgm,21,21,5.011901378631592,True
40,Test/s21/7.pgm,21,21,6.421599388122559,True
40,Test/s21/8.pgm,21,21,6.496417999267578,True
40,Test/s21/9.pgm,21,21,3.9107396602630615,True
40,Test/s21/10.pgm,21,21,4.944197177886963,True
40,Test/s22/6.pgm,22,22,6.277135848999023,True
40,Test/s22/7.pgm,22,22,3.3963265419006348,True
40,Test/s22/8.pgm,22,22,3.44694185256958,True
40,Test/s22/9.pgm,22,22,3.6406962871551514,True
40,Test/s22/10.pgm,22,22,3.9561500549316406,True
40,Test/s23/6.pgm,23,23,2.491501569747925,True
40,Test/s23/7.pgm,23,23,6.367101192474365,True
40,Test/s23/8.pgm,23,23,2.9152143001556396,True
40,Test/s23/9.pgm,23,38,6.799884796142578,False
40,Test/s23/10.pgm,23,23,4.395046710968018,True
40,Test/s24/6.pgm,24,24,3.8771414756774902,True
40,Test/s24/7.pgm,24,24,4.25371789932251,True
40,Test/s24/8.pgm,24,24,6.164567470550537,True
40,Test/s24/9.pgm,24,24,6.7164692878723145,True
40,Test/s24/10.pgm,24,24,6.226003646850586,True
40,Test/s25/6.pgm,25,25,5.345551490783691,True
40,Test/s25/7.pgm,25,25,4.0065083503723145,True
40,Test/s25/8.pgm,25,25,6.312434673309326,True
40,Test/s25/9.pgm,25,25,7.869192600250244,True
40,Test/s25/10.pgm,25,25,4.060270309448242,True
40,Test/s26/6.pgm,26,26,6.642844200134277,True
40,Test/s26/7.pgm,26,26,10.233404159545898,True
40,Test/s26/8.pgm,26,26,5.4195356369018555,True
40,Test/s26/9.pgm,26,26,8.477763175964355,True
40,Test/s26/10.pgm,26,26,5.853395462036133,True
40,Test/s27/6.pgm,27,17,11.907276153564453,False
40,Test/s27/7.pgm,27,4,11.654817581176758,False
40,Test/s27/8.pgm,27,17,11.873096466064453,False
40,Test/s27/9.pgm,27,27,10.417266845703125,True
40,Test/s27/10.pgm,27,27,6.020602226257324,True
40,Test/s28/6.pgm,28,28,2.9689042568206787,True
40,Test/s28/7.pgm,28,28,5.686520576477051,True
40,Test/s28/8.pgm,28,37,9.192741394042969,False
40,Test/s28/9.pgm,28,28,9.799406051635742,True
40,Test/s28/10.pgm,28,28,6.933040142059326,True
40,Test/s29/6.pgm,29,29,2.952794313430786,True
40,Test/s29/7.pgm,29,29,4.452247619628906,True
40,Test/s29/8.pgm,29,29,5.885579586029053,True
40,Test/s29/9.pgm,29,29,6.875799179077148,True
40,Test/s29/10.pgm,29,29,5.888542175292969,True
40,Test/s30/6.pgm,30,30,5.328903675079346,True
40,Test/s30/7.pgm,30,30,5.890855312347412,True
40,Test/s30/8.pgm,30,30,4.767388820648193,True
40,Test/s30/9.pgm,30,30,8.251662254333496,True
40,Test/s30/10.pgm,30,30,3.777155876159668,True
40,Test/s31/6.pgm,31,31,8.625371932983398,True
40,Test/s31/7.pgm,31,31,7.68334436416626,True
40,Test/s31/8.pgm,31,31,3.8449249267578125,True
40,Test/s31/9.pgm,31,31,5.161576747894287,True
40,Test/s31/10.pgm,31,31,4.948733329772949,True
40,Test/s32/6.pgm,32,32,8.442130088806152,True
40,Test/s32/7.pgm,32,2,11.416598320007324,False
40,Test/s32/8.pgm,32,32,7.519479274749756,True
40,Test/s32/9.pgm,32,32,7.427237033843994,True
40,Test/s32/10.pgm,32,32,9.661676406860352,True
40,Test/s33/6.pgm,33,33,8.167689323425293,True
40,Test/s33/7.pgm,33,33,4.838738441467285,True
40,Test/s33/8.pgm,33,33,8.410776138305664,True
40,Test/s33/9.pgm,33,33,4.323627471923828,True
40,Test/s33/10.pgm,33,33,1.30856454372406,True
40,Test/s34/6.pgm,34,34,3.850595712661743,True
40,Test/s34/7.pgm,34,34,4.169248104095459,True
40,Test/s34/8.pgm,34,34,5.6100850105285645,True
40,Test/s34/9.pgm,34,34,7.2989091873168945,True
40,Test/s34/10.pgm,34,34,7.569903373718262,True
40,Test/s35/6.pgm,35,35,9.132364273071289,True
40,Test/s35/7.pgm,35,25,10.196981430053711,False
40,Test/s35/8.pgm,35,35,8.437092781066895,True
40,Test/s35/9.pgm,35,35,7.87504243850708,True
40,Test/s35/10.pgm,35,35,8.190947532653809,True
40,Test/s36/6.pgm,36,24,10.765032768249512,False
40,Test/s36/7.pgm,36,36,8.377870559692383,True
40,Test/s36/8.pgm,36,36,4.039496898651123,True
40,Test/s36/9.pgm,36,36,7.594223976135254,True
40,Test/s36/10.pgm,36,17,10.292774200439453,False
40,Test/s37/6.pgm,37,37,3.938065767288208,True
40,Test/s37/7.pgm,37,37,6.222809314727783,True
40,Test/s37/8.pgm,37,37,5.701230525970459,True
40,Test/s37/9.pgm,37,37,2.7978405952453613,True
40,Test/s37/10.pgm,37,37,5.254293918609619,True
40,Test/s38/6.pgm,38,38,4.193955421447754,True
40,Test/s38/7.pgm,38,38,3.9235010147094727,True
40,Test/s38/8.pgm,38,38,7.750468730926514,True
40,Test/s38/9.pgm,38,38,5.797477722167969,True
40,Test/s38/10.pgm,38,38,3.3896076679229736,True
40,Test/s39/6.pgm,39,39,8.429600715637207,True
40,Test/s39/7.pgm,39,39,7.76654052734375,True
40,Test/s39/8.pgm,39,39,8.681153297424316,True
40,Test/s39/9.pgm,39,39,5.248450756072998,True
40,Test/s39/10.pgm,39,39,8.386174201965332,True
40,Test/s40/6.pgm,40,5,8.035727500915527,False
40,Test/s40/7.pgm,40,40,6.6215362548828125,True
40,Test/s40/8.pgm,40,40,5.656364440917969,True
40,Test/s40/9.pgm,40,40,9.19740104675293,True
40,Test/s40/10.pgm,40,40,5.980212211608887,True
60,Test/s1/6.pgm,1,1,10.679030418395996,True
60,Test/s1/7.pgm,1,1,10.143070220947266,True
60,Test/s1/8.pgm,1,1,12.857254028320312,True
60,Test/s1/9.pgm,1,1,10.62458324432373,True
60,Test/s1/10.pgm,1,1,11.368528366088867,True
60,Test/s2/6.pgm,2,2,6.04823637008667,True
60,Test/s2/7.pgm,2,2,5.60207462310791,True
60,Test/s2/8.pgm,2,2,3.1088597774505615,True
60,Test/s2/9.pgm,2,2,7.435122013092041,True
60,Test/s2/10.pgm,2,2,5.201140880584717,True
60,Test/s3/6.pgm,3,3,9.405027389526367,True
60,Test/s3/7.pgm,3,3,9.132906913757324,True
60,Test/s3/8.pgm,3,3,9.589606285095215,True
60,Test/s3/9.pgm,3,3,7.431666851043701,True
60,Test/s3/10.pgm,3,3,6.670559883117676,True
60,Test/s4/6.pgm,4,4,9.910118103027344,True
60,Test/s4/7.pgm,4,4,4.273706912994385,True
60,Test/s4/8.pgm,4,4,3.2322041988372803,True
60,Test/s4/9.pgm,4,4,4.772350311279297,True
60,Test/s4/10.pgm,4,4,5.8839430809021,True
60,Test/s5/6.pgm,5,5,2.6451456546783447,True
60,Test/s5/7.pgm,5,5,2.725280523300171,True
60,Test/s5/8.pgm,5,5,8.730703353881836,True
60,Test/s5/9.pgm,5,5,7.7145280838012695,True
60,Test/s5/10.pgm,5,40,7.130542278289795,False
60,Test/s6/6.pgm,6,6,4.780758380889893,True
60,Test/s6/7.pgm,6,6,4.284748554229736,True
60,Test/s6/8.pgm,6,6,7.148971080780029,True
60,Test/s6/9.pgm,6,6,7.536102771759033,True
60,Test/s6/10.pgm,6,6,2.970034599304199,True
60,Test/s7/6.pgm,7,7,6.622511863708496,True
60,Test/s7/7.pgm,7,7,4.416989326477051,True
60,Test/s7/8.pgm,7,7,8.644627571105957,True
60,Test/s7/9.pgm,7,7,5.332613468170166,True
60,Test/s7/10.pgm,7,7,6.81116247177124,True
60,Test/s8/6.pgm,8,8,4.611420154571533,True
60,Test/s8/7.pgm,8,8,7.1832275390625,True
60,Test/s8/8.pgm,8,8,4.252246856689453,True
60,Test/s8/9.pgm,8,8,8.454991340637207,True
60,Test/s8/10.pgm,8,8,5.488215923309326,True
60,Test/s9/6.pgm,9,9,9.20540714263916,True
60,Test/s9/7.pgm,9,38,10.735832214355469,False
60,Test/s9/8.pgm,9,9,6.600419521331787,True
60,Test/s9/9.pgm,9,9,6.113566875457764,True
60,Test/s9/10.pgm,9,9,6.858612060546875,True
60,Test/s10/6.pgm,10,10,10.205442428588867,True
60,Test/s10/7.pgm,10,10,7.844189643859863,True
60,Test/s10/8.pgm,10,10,6.344370365142822,True
60,Test/s10/9.pgm,10,10,11.7938232421875,True
60,Test/s10/10.pgm,10,38,11.806445121765137,False
60,Test/s11/6.pgm,11,11,7.539552211761475,True
60,Test/s11/7.pgm,11,11,9.1502103805542,True
60,Test/s11/8.pgm,11,15,12.835612297058105,False
60,Test/s11/9.pgm,11,11,9.271143913269043,True
60,Test/s11/10.pgm,11,11,6.571875095367432,True
60,Test/s12/6.pgm,12,12,7.759659290313721,True
60,Test/s12/7.pgm,12,12,5.121372222900391,True
60,Test/s12/8.pgm,12,12,7.02844762802124,True
60,Test/s12/9.pgm,12,12,9.13352108001709,True
60,Test/s12/10.pgm,12,12,8.830521583557129,True
60,Test/s13/6.pgm,13,13,8.130727767944336,True
60,Test/s13/7.pgm,13,13,8.39246654510498,True
60,Test/s13/8.pgm,13,13,7.910259246826172,True
60,Test/s13/9.pgm,13,13,6.783744812011719,True
60,Test/s13/10.pgm,13,13,2.7099692821502686,True
60,Test/s14/6.pgm,14,14,12.299687385559082,True
60,Test/s14/7.pgm,14,14,10.626424789428711,True
60,Test/s14/8.pgm,14,14,10.885337829589844,True
60,Test/s14/9.pgm,14,22,14.19511890411377,False
60,Test/s14/10.pgm,14,14,12.747591972351074,True
60,Test/s15/6.pgm,15,15,4.060189247131348,True
60,Test/s15/7.pgm,15,15,4.777249336242676,True
60,Test/s15/8.pgm,15,15,9.02834701538086,True
60,Test/s15/9.pgm,15,15,5.651418209075928,True
60,Test/s15/10.pgm,15,15,3.774440288543701,True
60,Test/s16/6.pgm,16,16,10.56358528137207,True
60,Test/s16/7.pgm,16,16,11.189143180847168,True
60,Test/s16/8.pgm,16,16,11.279191017150879,True
60,Test/s16/9.pgm,16,16,10.107574462890625,True
60,Test/s16/10.pgm,16,16,7.475019454956055,True
60,Test/s17/6.pgm,17,36,12.13508129119873,False
60,Test/s17/7.pgm,17,36,13.19844913482666,False
60,Test/s17/8.pgm,17,36,10.963415145874023,False
60,Test/s17/9.pgm,17,36,12.386321067810059,False
60,Test/s17/10.pgm,17,36,13.538823127746582,False
60,Test/s18/6.pgm,18,18,7.136291980743408,True
60,Test/s18/7.pgm,18,18,8.112701416015625,True
60,Test/s18/8.pgm,18,18,5.028765678405762,True
60,Test/s18/9.pgm,18,18,7.011563301086426,True
60,Test/s18/10.pgm,18,18,7.683789253234863,True
60,Test/s19/6.pgm,19,19,7.419520378112793,True
60,Test/s19/7.pgm,19,19,8.152406692504883,True
60,Test/s19/8.pgm,19,19,7.865013122558594,True
60,Test/s19/9.pgm,19,15,12.605202674865723,False
60,Test/s19/10.pgm,19,19,5.377565860748291,True
60,Test/s20/6.pgm,20,20,3.1342880725860596,True
60,Test/s20/7.pgm,20,20,7.003815650939941,True
60,Test/s20/8.pgm,20,38,11.440234184265137,False
60,Test/s20/9.pgm,20,20,10.624173164367676,True
60,Test/s20/10.pgm,20,20,4.314304351806641,True
60,Test/s21/6.pgm,21,21,6.12473201751709,True
60,Test/s21/7.pgm,21,21,7.710160732269287,True
60,Test/s21/8.pgm,21,21,6.896896839141846,True
60,Test/s21/9.pgm,21,21,4.787685871124268,True
60,Test/s21/10.pgm,21,21,6.533291816711426,True
60,Test/s22/6.pgm,22,22,6.905200481414795,True
60,Test/s22/7.pgm,22,22,4.4028167724609375,True
60,Test/s22/8.pgm,22,22,4.370715141296387,True
60,Test/s22/9.pgm,22,22,4.203230381011963,True
60,Test/s22/10.pgm,22,22,4.756513595581055,True
60,Test/s23/6.pgm,23,23,2.648806095123291,True
60,Test/s23/7.pgm,23,23,6.826745986938477,True
60,Test/s23/8.pgm,23,23,3.0967276096343994,True
60,Test/s23/9.pgm,23,38,7.568192005157471,False
60,Test/s23/10.pgm,23,23,5.042171478271484,True
60,Test/s24/6.pgm,24,24,4.394383907318115,True
60,Test/s24/7.pgm,24,24,5.083128452301025,True
60,Test/s24/8.pgm,24,24,6.8708882331848145,True
60,Test/s24/9.pgm,24,24,7.504632949829102,True
60,Test/s24/10.pgm,24,24,7.510758876800537,True
60,Test/s25/6.pgm,25,25,5.662609100341797,True
60,Test/s25/7.pgm,25,25,4.475683212280273,True
60,Test/s25/8.pgm,25,25,6.870961666107178,True
60,Test/s25/9.pgm,25,25,8.385009765625,True
60,Test/s25/10.pgm,25,25,4.5360260009765625,True
60,Test/s26/6.pgm,26,26,6.802860736846924,True
60,Test/s26/7.pgm,26,26,10.471181869506836,True
60,Test/s26/8.pgm,26,26,5.960604667663574,True
60,Test/s26/9.pgm,26,26,9.097418785095215,True
60,Test/s26/10.pgm,26,26,6.374760627746582,True
60,Test/s27/6.pgm,27,17,12.558782577514648,False
60,Test/s27/7.pgm,27,17,12.442329406738281,False
60,Test/s27/8.pgm,27,17,12.470346450805664,False
60,Test/s27/9.pgm,27,27,10.78709602355957,True
60,Test/s27/10.pgm,27,27,6.740548610687256,True
60,Test/s28/6.pgm,28,28,3.1247899532318115,True
60,Test/s28/7.pgm,28,28,6.589886665344238,True
60,Test/s28/8.pgm,28,37,10.520071983337402,False
60,Test/s28/9.pgm,28,28,10.48348617553711,True
60,Test/s28/10.pgm,28,28,8.211668014526367,True
60,Test/s29/6.pgm,29,29,3.9485039710998535,True
60,Test/s29/7.pgm,29,29,5.113685607910156,True
60,Test/s29/8.pgm,29,29,6.897919654846191,True
60,Test/s29/9.pgm,29,29,7.6996378898620605,True
60,Test/s29/10.pgm,29,29,6.3243842124938965,True
60,Test/s30/6.pgm,30,30,6.102313995361328,True
60,Test/s30/7.pgm,30,30,6.457736492156982,True
60,Test/s30/8.pgm,30,30,5.2705864906311035,True
60,Test/s30/9.pgm,30,30,8.768922805786133,True
60,Test/s30/10.pgm,30,30,4.229738235473633,True
60,Test/s31/6.pgm,31,31,9.301551818847656,True
60,Test/s31/7.pgm,31,31,8.817073822021484,True
60,Test/s31/8.pgm,31,31,4.412513732910156,True
60,Test/s31/9.pgm,31,31,6.449787616729736,True
60,Test/s31/10.pgm,31,31,5.617105960845947,True
60,Test/s32/6.pgm,32,32,9.361295700073242,True
60,Test/s32/7.pgm,32,2,12.130250930786133,False
60,Test/s32/8.pgm,32,32,9.400365829467773,True
60,Test/s32/9.pgm,32,32,8.743573188781738,True
60,Test/s32/10.pgm,32,32,10.83436393737793,True
60,Test/s33/6.pgm,33,33,9.392004013061523,True
60,Test/s33/7.pgm,33,33,5.718403339385986,True
60,Test/s33/8.pgm,33,33,9.290345191955566,True
60,Test/s33/9.pgm,33,33,5.402062892913818,True
60,Test/s33/10.pgm,33,33,1.5957401990890503,True
60,Test/s34/6.pgm,34,34,4.504897117614746,True
60,Test/s34/7.pgm,34,34,5.031383514404297,True
60,Test/s34/8.pgm,34,34,6.195684432983398,True
60,Test/s34/9.pgm,34,34,8.147907257080078,True
60,Test/s34/10.pgm,34,34,8.30409049987793,True
60,Test/s35/6.pgm,35,35,9.62434196472168,True
60,Test/s35/7.pgm,35,25,11.586996078491211,False
60,Test/s35/8.pgm,35,35,8.88355541229248,True
60,Test/s35/9.pgm,35,35,8.555142402648926,True
60,Test/s35/10.pgm,35,35,8.869909286499023,True
60,Test/s36/6.pgm,36,24,11.68716812133789,False
60,Test/s36/7.pgm,36,36,10.015252113342285,True
60,Test/s36/8.pgm,36,36,5.2296037673950195,True
60,Test/s36/9.pgm,36,36,8.23173999786377,True
60,Test/s36/10.pgm,36,17,11.658585548400879,False
60,Test/s37/6.pgm,37,37,4.837823867797852,True
60,Test/s37/7.pgm,37,37,7.462990760803223,True
60,Test/s37/8.pgm,37,37,6.922664165496826,True
60,Test/s37/9.pgm,37,37,3.306317090988159,True
60,Test/s37/10.pgm,37,37,5.817540645599365,True
60,Test/s38/6.pgm,38,38,4.532259941101074,True
60,Test/s38/7.pgm,38,38,4.415327548980713,True
60,Test/s38/8.pgm,38,38,8.503761291503906,True
60,Test/s38/9.pgm,38,38,6.756143569946289,True
60,Test/s38/10.pgm,38,38,4.444289684295654,True
60,Test/s39/6.pgm,39,39,8.936393737792969,True
60,Test/s39/7.pgm,39,39,8.544594764709473,True
60,Test/s39/8.pgm,39,39,9.404163360595703,True
60,Test/s39/9.pgm,39,39,5.785758972167969,True
60,Test/s39/10.pgm,39,39,9.603534698486328,True
60,Test/s40/6.pgm,40,5,8.936331748962402,False
60,Test/s40/7.pgm,40,40,7.2343339920043945,True
60,Test/s40/8.pgm,40,40,7.045330047607422,True
60,Test/s40/9.pgm,40,40,9.79720401763916,True
60,Test/s40/10.pgm,40,40,6.844184875488281,True
80,Test/s1/6.pgm,1,1,10.89393424987793,True
80,Test/s1/7.pgm,1,1,10.575350761413574,True
80,Test/s1/8.pgm,1,1,13.328468322753906,True
80,Test/s1/9.pgm,1,1,11.335404396057129,True
80,Test/s1/10.pgm,1,1,11.960026741027832,True
80,Test/s2/6.pgm,2,2,6.640832901000977,True
80,Test/s2/7.pgm,2,2,6.147295951843262,True
80,Test/s2/8.pgm,2,2,3.6921398639678955,True
80,Test/s2/9.pgm,2,2,7.966237545013428,True
80,Test/s2/10.pgm,2,2,5.973042011260986,True
80,Test/s3/6.pgm,3,3,9.610620498657227,True
80,Test/s3/7.pgm,3,3,9.719626426696777,True
80,Test/s3/8.pgm,3,3,10.16849422454834,True
80,Test/s3/9.pgm,3,3,7.94619607925415,True
80,Test/s3/10.pgm,3,3,6.941554546356201,True
80,Test/s4/6.pgm,4,4,10.53006649017334,True
80,Test/s4/7.pgm,4,4,4.607799053192139,True
80,Test/s4/8.pgm,4,4,3.8662641048431396,True
80,Test/s4/9.pgm,4,4,5.44917106628418,True
80,Test/s4/10.pgm,4,4,6.302966594696045,True
80,Test/s5/6.pgm,5,5,2.964763879776001,True
80,Test/s5/7.pgm,5,5,2.9613394737243652,True
80,Test/s5/8.pgm,5,5,9.283906936645508,True
80,Test/s5/9.pgm,5,5,8.270310401916504,True
80,Test/s5/10.pgm,5,40,7.49294900894165,False
80,Test/s6/6.pgm,6,6,5.24014949798584,True
80,Test/s6/7.pgm,6,6,4.7492547035217285,True
80,Test/s6/8.pgm,6,6,7.811699390411377,True
80,Test/s6/9.pgm,6,6,8.100707054138184,True
80,Test/s6/10.pgm,6,6,3.343677043914795,True
80,Test/s7/6.pgm,7,7,7.239547252655029,True
80,Test/s7/7.pgm,7,7,5.051395893096924,True
80,Test/s7/8.pgm,7,7,9.308462142944336,True
80,Test/s7/9.pgm,7,7,5.783740997314453,True
80,Test/s7/10.pgm,7,7,8.355876922607422,True
80,Test/s8/6.pgm,8,8,5.011440277099609,True
80,Test/s8/7.pgm,8,8,7.452645778656006,True
80,Test/s8/8.pgm,8,8,4.539103031158447,True
80,Test/s8/9.pgm,8,8,9.006882667541504,True
80,Test/s8/10.pgm,8,8,6.090453624725342,True
80,Test/s9/6.pgm,9,9,9.654901504516602,True
80,Test/s9/7.pgm,9,38,10.992189407348633,False
80,Test/s9/8.pgm,9,9,7.052567481994629,True
80,Test/s9/9.pgm,9,9,6.63332986831665,True
80,Test/s9/10.pgm,9,9,7.587821960449219,True
80,Test/s10/6.pgm,10,10,10.566621780395508,True
80,Test/s10/7.pgm,10,10,8.124297142028809,True
80,Test/s10/8.pgm,10,10,6.651264667510986,True
80,Test/s10/9.pgm,10,10,12.52409553527832,True
80,Test/s10/10.pgm,10,38,12.354411125183105,False
80,Test/s11/6.pgm,11,11,8.105469703674316,True
80,Test/s11/7.pgm,11,11,9.630167007446289,True
80,Test/s11/8.pgm,11,15,13.10936164855957,False
80,Test/s11/9.pgm,11,11,9.683239936828613,True
80,Test/s11/10.pgm,11,11,6.955516815185547,True
80,Test/s12/6.pgm,12,12,8.1414794921875,True
80,Test/s12/7.pgm,12,12,5.603683948516846,True
80,Test/s12/8.pgm,12,12,7.286929130554199,True
80,Test/s12/9.pgm,12,12,9.458592414855957,True
80,Test/s12/10.pgm,12,12,9.347002029418945,True
80,Test/s13/6.pgm,13,13,8.676655769348145,True
80,Test/s13/7.pgm,13,13,8.839431762695312,True
80,Test/s13/8.pgm,13,13,8.469005584716797,True
80,Test/s13/9.pgm,13,13,7.530012130737305,True
80,Test/s13/10.pgm,13,13,3.320978879928589,True
80,Test/s14/6.pgm,14,14,13.132556915283203,True
80,Test/s14/7.pgm,14,14,11.243227005004883,True
80,Test/s14/8.pgm,14,14,11.41276741027832,True
80,Test/s14/9.pgm,14,22,14.550140380859375,False
80,Test/s14/10.pgm,14,14,13.30844783782959,True
80,Test/s15/6.pgm,15,15,4.248006820678711,True
80,Test/s15/7.pgm,15,15,5.208207607269287,True
80,Test/s15/8.pgm,15,15,9.276339530944824,True
80,Test/s15/9.pgm,15,15,6.093567371368408,True
80,Test/s15/10.pgm,15,15,4.229745388031006,True
80,Test/s16/6.pgm,16,16,12.10059642791748,True
80,Test/s16/7.pgm,16,16,11.622516632080078,True
80,Test/s16/8.pgm,16,16,12.390666961669922,True
80,Test/s16/9.pgm,16,16,11.378910064697266,True
80,Test/s16/10.pgm,16,16,8.066420555114746,True
80,Test/s17/6.pgm,17,36,12.698196411132812,False
80,Test/s17/7.pgm,17,24,13.620595932006836,False
80,Test/s17/8.pgm,17,17,11.468263626098633,True
80,Test/s17/9.pgm,17,17,13.172220230102539,True
80,Test/s17/10.pgm,17,36,13.904997825622559,False
80,Test/s18/6.pgm,18,18,7.412520885467529,True
80,Test/s18/7.pgm,18,18,8.387922286987305,True
80,Test/s18/8.pgm,18,18,5.458866596221924,True
80,Test/s18/9.pgm,18,18,7.2460126876831055,True
80,Test/s18/10.pgm,18,18,7.9904632568359375,True
80,Test/s19/6.pgm,19,19,7.902705669403076,True
80,Test/s19/7.pgm,19,19,8.629474639892578,True
80,Test/s19/8.pgm,19,19,8.537064552307129,True
80,Test/s19/9.pgm,19,15,12.911006927490234,False
80,Test/s19/10.pgm,19,19,5.733297348022461,True
80,Test/s20/6.pgm,20,20,3.306755304336548,True
80,Test/s20/7.pgm,20,20,7.72414493560791,True
80,Test/s20/8.pgm,20,38,12.333943367004395,False
80,Test/s20/9.pgm,20,20,11.255826950073242,True
80,Test/s20/10.pgm,20,20,4.658310890197754,True
80,Test/s21/6.pgm,21,21,6.867698669433594,True
80,Test/s21/7.pgm,21,21,7.883823871612549,True
80,Test/s21/8.pgm,21,21,7.200262546539307,True
80,Test/s21/9.pgm,21,21,5.2405266761779785,True
80,Test/s21/10.pgm,21,21,7.503933906555176,True
80,Test/s22/6.pgm,22,22,7.499757766723633,True
80,Test/s22/7.pgm,22,22,4.918900966644287,True
80,Test/s22/8.pgm,22,22,4.9425811767578125,True
80,Test/s22/9.pgm,22,22,4.835738658905029,True
80,Test/s22/10.pgm,22,22,5.156785488128662,True
80,Test/s23/6.pgm,23,23,2.8092591762542725,True
80,Test/s23/7.pgm,23,23,7.451767444610596,True
80,Test/s23/8.pgm,23,23,3.221081495285034,True
80,Test/s23/9.pgm,23,38,8.029703140258789,False
80,Test/s23/10.pgm,23,23,5.272416114807129,True
80,Test/s24/6.pgm,24,24,4.911652565002441,True
80,Test/s24/7.pgm,24,24,5.449819564819336,True
80,Test/s24/8.pgm,24,24,7.653524875640869,True
80,Test/s24/9.pgm,24,24,8.082515716552734,True
80,Test/s24/10.pgm,24,24,8.02845287322998,True
80,Test/s25/6.pgm,25,25,5.865228652954102,True
80,Test/s25/7.pgm,25,25,4.760118007659912,True
80,Test/s25/8.pgm,25,25,7.171132564544678,True
80,Test/s25/9.pgm,25,25,8.74663257598877,True
80,Test/s25/10.pgm,25,25,4.611928462982178,True
80,Test/s26/6.pgm,26,26,7.079504489898682,True
80,Test/s26/7.pgm,26,26,10.829249382019043,True
80,Test/s26/8.pgm,26,26,6.230367183685303,True
80,Test/s26/9.pgm,26,26,9.50684642791748,True
80,Test/s26/10.pgm,26,26,6.854663848876953,True
80,Test/s27/6.pgm,27,17,12.905994415283203,False
80,Test/s27/7.pgm,27,17,12.889404296875,False
80,Test/s27/8.pgm,27,17,12.860611915588379,False
80,Test/s27/9.pgm,27,27,11.21789264678955,True
80,Test/s27/10.pgm,27,27,7.286874771118164,True
80,Test/s28/6.pgm,28,28,3.522090435028076,True
80,Test/s28/7.pgm,28,28,7.321767330169678,True
80,Test/s28/8.pgm,28,37,10.955300331115723,False
80,Test/s28/9.pgm,28,28,11.0829439163208,True
80,Test/s28/10.pgm,28,28,8.830216407775879,True
80,Test/s29/6.pgm,29,29,4.360673427581787,True
80,Test/s29/7.pgm,29,29,5.886735439300537,True
80,Test/s29/8.pgm,29,29,7.924182415008545,True
80,Test/s29/9.pgm,29,29,8.128238677978516,True
80,Test/s29/10.pgm,29,29,6.534536361694336,True
80,Test/s30/6.pgm,30,30,6.590301036834717,True
80,Test/s30/7.pgm,30,30,6.827901363372803,True
80,Test/s30/8.pgm,30,30,5.815082550048828,True
80,Test/s30/9.pgm,30,30,8.938512802124023,True
80,Test/s30/10.pgm,30,30,4.566033840179443,True
80,Test/s31/6.pgm,31,31,9.95378303527832,True
80,Test/s31/7.pgm,31,31,10.00804615020752,True
80,Test/s31/8.pgm,31,31,4.883296966552734,True
80,Test/s31/9.pgm,31,31,7.266219139099121,True
80,Test/s31/10.pgm,31,31,6.171793460845947,True
80,Test/s32/6.pgm,32,32,10.06395435333252,True
80,Test/s32/7.pgm,32,2,12.814966201782227,False
80,Test/s32/8.pgm,32,32,10.203171730041504,True
80,Test/s32/9.pgm,32,32,9.539508819580078,True
80,Test/s32/10.pgm,32,32,11.729267120361328,True
80,Test/s33/6.pgm,33,33,10.028080940246582,True
80,Test/s33/7.pgm,33,33,6.122446060180664,True
80,Test/s33/8.pgm,33,33,9.886321067810059,True
80,Test/s33/9.pgm,33,33,5.835367679595947,True
80,Test/s33/10.pgm,33,33,1.839176058769226,True
80,Test/s34/6.pgm,34,34,6.039204120635986,True
80,Test/s34/7.pgm,34,34,5.468588352203369,True
80,Test/s34/8.pgm,34,34,7.7413716316223145,True
80,Test/s34/9.pgm,34,34,9.349842071533203,True
80,Test/s34/10.pgm,34,34,9.820964813232422,True
80,Test/s35/6.pgm,35,35,9.90211009979248,True
80,Test/s35/7.pgm,35,25,12.021799087524414,False
80,Test/s35/8.pgm,35,35,9.361480712890625,True
80,Test/s35/9.pgm,35,35,8.791999816894531,True
80,Test/s35/10.pgm,35,35,9.18839168548584,True
80,Test/s36/6.pgm,36,24,12.372804641723633,False
80,Test/s36/7.pgm,36,36,10.827853202819824,True
80,Test/s36/8.pgm,36,36,5.833275318145752,True
80,Test/s36/9.pgm,36,36,9.00102424621582,True
80,Test/s36/10.pgm,36,17,12.16434383392334,False
80,Test/s37/6.pgm,37,37,5.472682952880859,True
80,Test/s37/7.pgm,37,37,8.088454246520996,True
80,Test/s37/8.pgm,37,37,8.072488784790039,True
80,Test/s37/9.pgm,37,37,3.751509189605713,True
80,Test/s37/10.pgm,37,37,6.277702331542969,True
80,Test/s38/6.pgm,38,38,4.861026287078857,True
80,Test/s38/7.pgm,38,38,4.919692039489746,True
80,Test/s38/8.pgm,38,38,8.880255699157715,True
80,Test/s38/9.pgm,38,38,7.104569911956787,True
80,Test/s38/10.pgm,38,38,4.681728363037109,True
80,Test/s39/6.pgm,39,39,9.481369018554688,True
80,Test/s39/7.pgm,39,39,9.119466781616211,True
80,Test/s39/8.pgm,39,39,9.89865493774414,True
80,Test/s39/9.pgm,39,39,6.165879249572754,True
80,Test/s39/10.pgm,39,29,10.16517162322998,False
80,Test/s40/6.pgm,40,5,9.336291313171387,False
80,Test/s40/7.pgm,40,40,7.549405097961426,True
80,Test/s40/8.pgm,40,40,8.013385772705078,True
80,Test/s40/9.pgm,40,40,10.17396354675293,True
80,Test/s40/10.pgm,40,40,7.443391799926758,True
100,Test/s1/6.pgm,1,1,11.074939727783203,True
100,Test/s1/7.pgm,1,1,10.928699493408203,True
100,Test/s1/8.pgm,1,1,13.60776138305664,True
100,Test/s1/9.pgm,1,1,11.807913780212402,True
100,Test/s1/10.pgm,1,1,12.224197387695312,True
100,Test/s2/6.pgm,2,2,6.875878810882568,True
100,Test/s2/7.pgm,2,2,6.526996612548828,True
100,Test/s2/8.pgm,2,2,4.217994213104248,True
100,Test/s2/9.pgm,2,2,8.176419258117676,True
100,Test/s2/10.pgm,2,2,6.411071300506592,True
100,Test/s3/6.pgm,3,3,9.744648933410645,True
100,Test/s3/7.pgm,3,3,10.065591812133789,True
100,Test/s3/8.pgm,3,3,10.43168830871582,True
100,Test/s3/9.pgm,3,3,8.087480545043945,True
100,Test/s3/10.pgm,3,3,7.167332172393799,True
100,Test/s4/6.pgm,4,4,10.821889877319336,True
100,Test/s4/7.pgm,4,4,4.813758373260498,True
100,Test/s4/8.pgm,4,4,4.305461883544922,True
100,Test/s4/9.pgm,4,4,5.873114109039307,True
100,Test/s4/10.pgm,4,4,6.602632522583008,True
100,Test/s5/6.pgm,5,5,3.1381218433380127,True
100,Test/s5/7.pgm,5,5,3.1532609462738037,True
100,Test/s5/8.pgm,5,5,9.476564407348633,True
100,Test/s5/9.pgm,5,5,8.445182800292969,True
100,Test/s5/10.pgm,5,40,7.821615695953369,False
100,Test/s6/6.pgm,6,6,5.697080612182617,True
100,Test/s6/7.pgm,6,6,5.106871604919434,True
100,Test/s6/8.pgm,6,6,8.23326301574707,True
100,Test/s6/9.pgm,6,6,8.448430061340332,True
100,Test/s6/10.pgm,6,6,3.668623924255371,True
100,Test/s7/6.pgm,7,7,7.988559246063232,True
100,Test/s7/7.pgm,7,7,5.620185852050781,True
100,Test/s7/8.pgm,7,7,9.726808547973633,True
100,Test/s7/9.pgm,7,7,6.0908522605896,True
100,Test/s7/10.pgm,7,7,9.374361991882324,True
100,Test/s8/6.pgm,8,8,5.340693950653076,True
100,Test/s8/7.pgm,8,8,7.581458568572998,True
100,Test/s8/8.pgm,8,8,4.869318962097168,True
100,Test/s8/9.pgm,8,8,9.333799362182617,True
100,Test/s8/10.pgm,8,8,6.449832916259766,True
100,Test/s9/6.pgm,9,9,9.974245071411133,True
100,Test/s9/7.pgm,9,38,11.26492691040039,False
100,Test/s9/8.pgm,9,9,7.295485496520996,True
100,Test/s9/9.pgm,9,9,6.82408332824707,True
100,Test/s9/10.pgm,9,9,8.1908540725708,True
100,Test/s10/6.pgm,10,10,10.885913848876953,True
100,Test/s10/7.pgm,10,10,8.472860336303711,True
100,Test/s10/8.pgm,10,10,7.042218208312988,True
100,Test/s10/9.pgm,10,10,12.883959770202637,True
100,Test/s10/10.pgm,10,38,12.857219696044922,False
100,Test/s11/6.pgm,11,11,8.672932624816895,True
100,Test/s11/7.pgm,11,11,10.015466690063477,True
100,Test/s11/8.pgm,11,15,13.416460037231445,False
100,Test/s11/9.pgm,11,11,10.210086822509766,True
100,Test/s11/10.pgm,11,11,7.2846293449401855,True
100,Test/s12/6.pgm,12,12,8.634666442871094,True
100,Test/s12/7.pgm,12,12,5.884088516235352,True
100,Test/s12/8.pgm,12,12,7.645414352416992,True
100,Test/s12/9.pgm,12,12,9.810147285461426,True
100,Test/s12/10.pgm,12,12,9.66016674041748,True
100,Test/s13/6.pgm,13,13,9.467657089233398,True
100,Test/s13/7.pgm,13,13,9.828347206115723,True
100,Test/s13/8.pgm,13,13,9.402284622192383,True
100,Test/s13/9.pgm,13,13,8.23144817352295,True
100,Test/s13/10.pgm,13,13,4.066351890563965,True
100,Test/s14/6.pgm,14,14,13.286359786987305,True
100,Test/s14/7.pgm,14,14,11.782820701599121,True
100,Test/s14/8.pgm,14,14,12.109603881835938,True
100,Test/s14/9.pgm,14,22,15.073220252990723,False
100,Test/s14/10.pgm,14,14,13.503165245056152,True
100,Test/s15/6.pgm,15,15,4.531947135925293,True
100,Test/s15/7.pgm,15,15,5.502572536468506,True
100,Test/s15/8.pgm,15,15,9.546188354492188,True
100,Test/s15/9.pgm,15,15,6.45287561416626,True
100,Test/s15/10.pgm,15,15,4.705698490142822,True
100,Test/s16/6.pgm,16,16,12.383115768432617,True
100,Test/s16/7.pgm,16,16,12.003131866455078,True
100,Test/s16/8.pgm,16,1,12.9931001663208,False
100,Test/s16/9.pgm,16,16,12.028908729553223,True
100,Test/s16/10.pgm,16,16,8.32603645324707,True
100,Test/s17/6.pgm,17,36,13.0453462600708,False
100,Test/s17/7.pgm,17,24,13.920904159545898,False
100,Test/s17/8.pgm,17,17,11.63498306274414,True
100,Test/s17/9.pgm,17,17,13.316035270690918,True
100,Test/s17/10.pgm,17,24,14.275972366333008,False
100,Test/s18/6.pgm,18,18,7.717864513397217,True
100,Test/s18/7.pgm,18,18,8.86328411102295,True
100,Test/s18/8.pgm,18,18,5.7920427322387695,True
100,Test/s18/9.pgm,18,18,7.516790390014648,True
100,Test/s18/10.pgm,18,18,8.34981918334961,True
100,Test/s19/6.pgm,19,19,8.152161598205566,True
100,Test/s19/7.pgm,19,19,8.915018081665039,True
100,Test/s19/8.pgm,19,19,8.749406814575195,True
100,Test/s19/9.pgm,19,15,13.199592590332031,False
100,Test/s19/10.pgm,19,19,5.907789707183838,True
100,Test/s20/6.pgm,20,20,3.530160903930664,True
100,Test/s20/7.pgm,20,20,8.219390869140625,True
100,Test/s20/8.pgm,20,38,12.69057846069336,False
100,Test/s20/9.pgm,20,20,11.54627799987793,True
100,Test/s20/10.pgm,20,20,5.0245490074157715,True
100,Test/s21/6.pgm,21,21,7.0818705558776855,True
100,Test/s21/7.pgm,21,21,8.05026626586914,True
100,Test/s21/8.pgm,21,21,7.527244567871094,True
100,Test/s21/9.pgm,21,21,5.536962985992432,True
100,Test/s21/10.pgm,21,21,7.767641544342041,True
100,Test/s22/6.pgm,22,22,8.042068481445312,True
100,Test/s22/7.pgm,22,22,5.396899700164795,True
100,Test/s22/8.pgm,22,22,5.268009185791016,True
100,Test/s22/9.pgm,22,22,5.221527099609375,True
100,Test/s22/10.pgm,22,22,5.620774745941162,True
100,Test/s23/6.pgm,23,23,3.020129919052124,True
100,Test/s23/7.pgm,23,23,7.638217926025391,True
100,Test/s23/8.pgm,23,23,3.4033279418945312,True
100,Test/s23/9.pgm,23,38,8.516295433044434,False
100,Test/s23/10.pgm,23,23,5.4908647537231445,True
100,Test/s24/6.pgm,24,24,5.245082855224609,True
100,Test/s24/7.pgm,24,24,5.707476615905762,True
100,Test/s24/8.pgm,24,24,8.034912109375,True
100,Test/s24/9.pgm,24,24,8.362680435180664,True
100,Test/s24/10.pgm,24,24,8.32787799835205,True
100,Test/s25/6.pgm,25,25,6.222902774810791,True
100,Test/s25/7.pgm,25,25,5.273305892944336,True
100,Test/s25/8.pgm,25,25,7.399313926696777,True
100,Test/s25/9.pgm,25,25,9.178960800170898,True
100,Test/s25/10.pgm,25,25,5.035147190093994,True
100,Test/s26/6.pgm,26,26,7.297451019287109,True
100,Test/s26/7.pgm,26,26,11.082052230834961,True
100,Test/s26/8.pgm,26,26,6.473201751708984,True
100,Test/s26/9.pgm,26,26,9.925554275512695,True
100,Test/s26/10.pgm,26,26,7.152364253997803,True
100,Test/s27/6.pgm,27,17,13.250618934631348,False
100,Test/s27/7.pgm,27,17,13.237586975097656,False
100,Test/s27/8.pgm,27,17,13.159663200378418,False
100,Test/s27/9.pgm,27,27,11.632977485656738,True
100,Test/s27/10.pgm,27,27,7.758203983306885,True
100,Test/s28/6.pgm,28,28,3.919703483581543,True
100,Test/s28/7.pgm,28,28,8.037115097045898,True
100,Test/s28/8.pgm,28,37,11.4013090133667,False
100,Test/s28/9.pgm,28,28,11.524094581604004,True
100,Test/s28/10.pgm,28,28,9.261859893798828,True
100,Test/s29/6.pgm,29,29,4.693902015686035,True
100,Test/s29/7.pgm,29,29,6.122814655303955,True
100,Test/s29/8.pgm,29,29,8.228550910949707,True
100,Test/s29/9.pgm,29,29,8.650360107421875,True
100,Test/s29/10.pgm,29,29,6.7537312507629395,True
100,Test/s30/6.pgm,30,30,6.896625518798828,True
100,Test/s30/7.pgm,30,30,7.035710334777832,True
100,Test/s30/8.pgm,30,30,6.092329978942871,True
100,Test/s30/9.pgm,30,30,9.160733222961426,True
100,Test/s30/10.pgm,30,30,4.882940769195557,True
100,Test/s31/6.pgm,31,31,10.320053100585938,True
100,Test/s31/7.pgm,31,21,10.424369812011719,False
100,Test/s31/8.pgm,31,31,5.2008280754089355,True
100,Test/s31/9.pgm,31,31,7.739855766296387,True
100,Test/s31/10.pgm,31,31,7.210404396057129,True
100,Test/s32/6.pgm,32,32,10.641773223876953,True
100,Test/s32/7.pgm,32,2,13.11390495300293,False
100,Test/s32/8.pgm,32,32,10.55286979675293,True
100,Test/s32/9.pgm,32,32,10.082396507263184,True
100,Test/s32/10.pgm,32,2,12.185123443603516,False
100,Test/s33/6.pgm,33,33,10.548579216003418,True
100,Test/s33/7.pgm,33,33,6.374269962310791,True
100,Test/s33/8.pgm,33,33,10.289628982543945,True
100,Test/s33/9.pgm,33,33,6.423761367797852,True
100,Test/s33/10.pgm,33,33,1.993137001991272,True
100,Test/s34/6.pgm,34,34,6.561765193939209,True
100,Test/s34/7.pgm,34,34,5.9135050773620605,True
100,Test/s34/8.pgm,34,34,8.360939025878906,True
100,Test/s34/9.pgm,34,34,9.599233627319336,True
100,Test/s34/10.pgm,34,34,10.033333778381348,True
100,Test/s35/6.pgm,35,35,10.449799537658691,True
100,Test/s35/7.pgm,35,25,12.453250885009766,False
100,Test/s35/8.pgm,35,35,9.909879684448242,True
100,Test/s35/9.pgm,35,35,9.288500785827637,True
100,Test/s35/10.pgm,35,35,9.579292297363281,True
100,Test/s36/6.pgm,36,24,12.896586418151855,False
100,Test/s36/7.pgm,36,36,11.243012428283691,True
100,Test/s36/8.pgm,36,36,6.761229991912842,True
100,Test/s36/9.pgm,36,36,9.709421157836914,True
100,Test/s36/10.pgm,36,17,12.802911758422852,False
100,Test/s37/6.pgm,37,37,6.668647289276123,True
100,Test/s37/7.pgm,37,37,8.381622314453125,True
100,Test/s37/8.pgm,37,37,8.926908493041992,True
100,Test/s37/9.pgm,37,37,4.062488555908203,True
100,Test/s37/10.pgm,37,37,6.472211837768555,True
100,Test/s38/6.pgm,38,38,5.2015380859375,True
100,Test/s38/7.pgm,38,38,5.362417697906494,True
100,Test/s38/8.pgm,38,38,9.108207702636719,True
100,Test/s38/9.pgm,38,38,7.375924587249756,True
100,Test/s38/10.pgm,38,38,4.8956828117370605,True
100,Test/s39/6.pgm,39,39,9.941187858581543,True
100,Test/s39/7.pgm,39,39,9.999127388000488,True
100,Test/s39/8.pgm,39,39,10.436236381530762,True
100,Test/s39/9.pgm,39,39,6.5851545333862305,True
100,Test/s39/10.pgm,39,29,10.49035930633545,False
100,Test/s40/6.pgm,40,5,9.5952787399292,False
100,Test/s40/7.pgm,40,40,7.9367356300354,True
100,Test/s40/8.pgm,40,40,8.314459800720215,True
100,Test/s40/9.pgm,40,40,10.478837013244629,True
100,Test/s40/10.pgm,40,5,8.189269065856934,False
150,Test/s1/6.pgm,1,1,11.58340835571289,True
150,Test/s1/7.pgm,1,1,11.863065719604492,True
150,Test/s1/8.pgm,1,1,14.147937774658203,True
150,Test/s1/9.pgm,1,1,12.283617973327637,True
150,Test/s1/10.pgm,1,1,12.737007141113281,True
150,Test/s2/6.pgm,2,2,7.3592047691345215,True
150,Test/s2/7.pgm,2,2,7.3907012939453125,True
150,Test/s2/8.pgm,2,2,4.902831077575684,True
150,Test/s2/9.pgm,2,2,8.518342018127441,True
150,Test/s2/10.pgm,2,2,7.402523040771484,True
150,Test/s3/6.pgm,3,3,10.240350723266602,True
150,Test/s3/7.pgm,3,3,10.655475616455078,True
150,Test/s3/8.pgm,3,3,10.934781074523926,True
150,Test/s3/9.pgm,3,3,8.673748016357422,True
150,Test/s3/10.pgm,3,3,7.5001678466796875,True
150,Test/s4/6.pgm,4,4,11.42236328125,True
150,Test/s4/7.pgm,4,4,5.566832542419434,True
150,Test/s4/8.pgm,4,4,5.0999531745910645,True
150,Test/s4/9.pgm,4,4,6.738740921020508,True
150,Test/s4/10.pgm,4,4,7.385213851928711,True
150,Test/s5/6.pgm,5,5,4.100089073181152,True
150,Test/s5/7.pgm,5,5,3.932990550994873,True
150,Test/s5/8.pgm,5,5,10.051711082458496,True
150,Test/s5/9.pgm,5,5,9.135537147521973,True
150,Test/s5/10.pgm,5,40,8.740104675292969,False
150,Test/s6/6.pgm,6,6,6.795689582824707,True
150,Test/s6/7.pgm,6,6,6.297267436981201,True
150,Test/s6/8.pgm,6,6,9.178441047668457,True
150,Test/s6/9.pgm,6,6,9.281414031982422,True
150,Test/s6/10.pgm,6,6,4.310419082641602,True
150,Test/s7/6.pgm,7,7,8.768449783325195,True
150,Test/s7/7.pgm,7,7,6.530632972717285,True
150,Test/s7/8.pgm,7,7,10.41150951385498,True
150,Test/s7/9.pgm,7,7,6.879683494567871,True
150,Test/s7/10.pgm,7,7,9.968287467956543,True
150,Test/s8/6.pgm,8,8,6.08512020111084,True
150,Test/s8/7.pgm,8,8,7.95220422744751,True
150,Test/s8/8.pgm,8,8,5.5306596755981445,True
150,Test/s8/9.pgm,8,8,9.877720832824707,True
150,Test/s8/10.pgm,8,8,7.223527431488037,True
150,Test/s9/6.pgm,9,9,10.427175521850586,True
150,Test/s9/7.pgm,9,9,11.829458236694336,True
150,Test/s9/8.pgm,9,9,7.860630989074707,True
150,Test/s9/9.pgm,9,9,7.34877872467041,True
150,Test/s9/10.pgm,9,9,8.880627632141113,True
150,Test/s10/6.pgm,10,10,11.269782066345215,True
150,Test/s10/7.pgm,10,10,8.86928653717041,True
150,Test/s10/8.pgm,10,10,7.602445602416992,True
150,Test/s10/9.pgm,10,10,13.583979606628418,True
150,Test/s10/10.pgm,10,8,13.598969459533691,False
150,Test/s11/6.pgm,11,11,9.477926254272461,True
150,Test/s11/7.pgm,11,11,10.875396728515625,True
150,Test/s11/8.pgm,11,15,14.178332328796387,False
150,Test/s11/9.pgm,11,11,10.88886833190918,True
150,Test/s11/10.pgm,11,11,8.215476036071777,True
150,Test/s12/6.pgm,12,12,9.29495620727539,True
150,Test/s12/7.pgm,12,12,6.689913749694824,True
150,Test/s12/8.pgm,12,12,8.219538688659668,True
150,Test/s12/9.pgm,12,12,10.60787582397461,True
150,Test/s12/10.pgm,12,12,10.586453437805176,True
150,Test/s13/6.pgm,13,13,10.381370544433594,True
150,Test/s13/7.pgm,13,13,10.564629554748535,True
150,Test/s13/8.pgm,13,13,10.101034164428711,True
150,Test/s13/9.pgm,13,13,9.021428108215332,True
150,Test/s13/10.pgm,13,13,4.889495372772217,True
150,Test/s14/6.pgm,14,14,13.63110065460205,True
150,Test/s14/7.pgm,14,14,12.818994522094727,True
150,Test/s14/8.pgm,14,14,12.888131141662598,True
150,Test/s14/9.pgm,14,22,15.391191482543945,False
150,Test/s14/10.pgm,14,14,13.718781471252441,True
150,Test/s15/6.pgm,15,15,5.379693508148193,True
150,Test/s15/7.pgm,15,15,6.261523723602295,True
150,Test/s15/8.pgm,15,15,10.061517715454102,True
150,Test/s15/9.pgm,15,15,7.198333740234375,True
150,Test/s15/10.pgm,15,15,5.587778091430664,True
150,Test/s16/6.pgm,16,16,12.919670104980469,True
150,Test/s16/7.pgm,16,16,12.606722831726074,True
150,Test/s16/8.pgm,16,1,13.581449508666992,False
150,Test/s16/9.pgm,16,16,12.79079818725586,True
150,Test/s16/10.pgm,16,16,9.038481712341309,True
150,Test/s17/6.pgm,17,36,13.390847206115723,False
150,Test/s17/7.pgm,17,24,14.489716529846191,False
150,Test/s17/8.pgm,17,17,11.890929222106934,True
150,Test/s17/9.pgm,17,17,13.593082427978516,True
150,Test/s17/10.pgm,17,36,14.632988929748535,False
150,Test/s18/6.pgm,18,18,8.477669715881348,True
150,Test/s18/7.pgm,18,18,9.867900848388672,True
150,Test/s18/8.pgm,18,18,6.410119533538818,True
150,Test/s18/9.pgm,18,18,8.212371826171875,True
150,Test/s18/10.pgm,18,18,9.112863540649414,True
150,Test/s19/6.pgm,19,19,9.049765586853027,True
150,Test/s19/7.pgm,19,19,9.179845809936523,True
150,Test/s19/8.pgm,19,19,9.042195320129395,True
150,Test/s19/9.pgm,19,15,13.607210159301758,False
150,Test/s19/10.pgm,19,19,6.241094589233398,True
150,Test/s20/6.pgm,20,20,3.854524612426758,True
150,Test/s20/7.pgm,20,20,8.954337120056152,True
150,Test/s20/8.pgm,20,23,13.336883544921875,False
150,Test/s20/9.pgm,20,20,12.057480812072754,True
150,Test/s20/10.pgm,20,20,6.483073711395264,True
150,Test/s21/6.pgm,21,21,7.527989387512207,True
150,Test/s21/7.pgm,21,21,8.356771469116211,True
150,Test/s21/8.pgm,21,21,8.085148811340332,True
150,Test/s21/9.pgm,21,21,6.2326884269714355,True
150,Test/s21/10.pgm,21,21,8.224873542785645,True
150,Test/s22/6.pgm,22,22,8.648628234863281,True
150,Test/s22/7.pgm,22,22,6.194585800170898,True
150,Test/s22/8.pgm,22,22,6.069178581237793,True
150,Test/s22/9.pgm,22,22,5.606632232666016,True
150,Test/s22/10.pgm,22,22,6.56561279296875,True
150,Test/s23/6.pgm,23,23,3.2964446544647217,True
150,Test/s23/7.pgm,23,23,8.181164741516113,True
150,Test/s23/8.pgm,23,23,3.7562732696533203,True
150,Test/s23/9.pgm,23,23,9.330591201782227,True
150,Test/s23/10.pgm,23,23,6.267702102661133,True
150,Test/s24/6.pgm,24,24,6.025415420532227,True
150,Test/s24/7.pgm,24,24,6.620018482208252,True
150,Test/s24/8.pgm,24,24,8.758946418762207,True
150,Test/s24/9.pgm,24,24,9.115806579589844,True
150,Test/s24/10.pgm,24,24,9.268720626831055,True
150,Test/s25/6.pgm,25,25,6.647748947143555,True
150,Test/s25/7.pgm,25,25,6.055602073669434,True
150,Test/s25/8.pgm,25,25,7.7994208335876465,True
150,Test/s25/9.pgm,25,25,9.82137680053711,True
150,Test/s25/10.pgm,25,25,5.812127113342285,True
150,Test/s26/6.pgm,26,26,7.820333957672119,True
150,Test/s26/7.pgm,26,26,11.660439491271973,True
150,Test/s26/8.pgm,26,26,6.992455959320068,True
150,Test/s26/9.pgm,26,26,10.523354530334473,True
150,Test/s26/10.pgm,26,26,7.860512733459473,True
150,Test/s27/6.pgm,27,17,13.64305591583252,False
150,Test/s27/7.pgm,27,17,13.494054794311523,False
150,Test/s27/8.pgm,27,17,13.470940589904785,False
150,Test/s27/9.pgm,27,27,12.488419532775879,True
150,Test/s27/10.pgm,27,27,9.091068267822266,True
150,Test/s28/6.pgm,28,28,4.499009609222412,True
150,Test/s28/7.pgm,28,28,9.09597110748291,True
150,Test/s28/8.pgm,28,37,12.167903900146484,False
150,Test/s28/9.pgm,28,28,12.515586853027344,True
150,Test/s28/10.pgm,28,28,9.897102355957031,True
150,Test/s29/6.pgm,29,29,5.411505699157715,True
150,Test/s29/7.pgm,29,29,6.706297397613525,True
150,Test/s29/8.pgm,29,29,9.159177780151367,True
150,Test/s29/9.pgm,29,29,9.501664161682129,True
150,Test/s29/10.pgm,29,29,7.539184093475342,True
150,Test/s30/6.pgm,30,30,7.24705696105957,True
150,Test/s30/7.pgm,30,30,7.338670253753662,True
150,Test/s30/8.pgm,30,30,6.569920063018799,True
150,Test/s30/9.pgm,30,30,9.461681365966797,True
150,Test/s30/10.pgm,30,30,5.409873008728027,True
150,Test/s31/6.pgm,31,31,10.855192184448242,True
150,Test/s31/7.pgm,31,30,11.172200202941895,False
150,Test/s31/8.pgm,31,31,5.835678577423096,True
150,Test/s31/9.pgm,31,31,8.735671043395996,True
150,Test/s31/10.pgm,31,31,8.010940551757812,True
150,Test/s32/6.pgm,32,32,11.46907901763916,True
150,Test/s32/7.pgm,32,2,13.588431358337402,False
150,Test/s32/8.pgm,32,32,11.37009334564209,True
150,Test/s32/9.pgm,32,32,10.818338394165039,True
150,Test/s32/10.pgm,32,32,12.84689998626709,True
150,Test/s33/6.pgm,33,33,11.213177680969238,True
150,Test/s33/7.pgm,33,33,7.403789520263672,True
150,Test/s33/8.pgm,33,33,10.89200210571289,True
150,Test/s33/9.pgm,33,33,7.7555718421936035,True
150,Test/s33/10.pgm,33,33,2.264129400253296,True
150,Test/s34/6.pgm,34,34,7.354030132293701,True
150,Test/s34/7.pgm,34,34,6.984475612640381,True
150,Test/s34/8.pgm,34,34,9.159903526306152,True
150,Test/s34/9.pgm,34,34,10.050649642944336,True
150,Test/s34/10.pgm,34,34,10.482680320739746,True
150,Test/s35/6.pgm,35,35,10.995631217956543,True
150,Test/s35/7.pgm,35,35,13.01559066772461,True
150,Test/s35/8.pgm,35,35,10.576292037963867,True
150,Test/s35/9.pgm,35,35,10.238749504089355,True
150,Test/s35/10.pgm,35,35,10.156481742858887,True
150,Test/s36/6.pgm,36,24,13.599029541015625,False
150,Test/s36/7.pgm,36,36,11.663980484008789,True
150,Test/s36/8.pgm,36,36,7.407175064086914,True
150,Test/s36/9.pgm,36,36,10.286683082580566,True
150,Test/s36/10.pgm,36,17,13.40634822845459,False
150,Test/s37/6.pgm,37,37,7.630033016204834,True
150,Test/s37/7.pgm,37,37,9.151079177856445,True
150,Test/s37/8.pgm,37,37,9.664958953857422,True
150,Test/s37/9.pgm,37,37,5.004929065704346,True
150,Test/s37/10.pgm,37,37,7.266303539276123,True
150,Test/s38/6.pgm,38,38,5.810184001922607,True
150,Test/s38/7.pgm,38,38,5.861038684844971,True
150,Test/s38/8.pgm,38,38,9.63695240020752,True
150,Test/s38/9.pgm,38,38,8.331442832946777,True
150,Test/s38/10.pgm,38,38,5.2927422523498535,True
150,Test/s39/6.pgm,39,39,10.421857833862305,True
150,Test/s39/7.pgm,39,39,10.836102485656738,True
150,Test/s39/8.pgm,39,39,11.239603996276855,True
150,Test/s39/9.pgm,39,39,7.213053226470947,True
150,Test/s39/10.pgm,39,29,11.029646873474121,False
150,Test/s40/6.pgm,40,5,10.243659019470215,False
150,Test/s40/7.pgm,40,40,8.87513256072998,True
150,Test/s40/8.pgm,40,40,9.507552146911621,True
150,Test/s40/9.pgm,40,40,11.600370407104492,True
150,Test/s40/10.pgm,40,5,8.713798522949219,False
