threshold,VP,VN,FP,FN,TPR,S,FPR,FNR,TNR,E
-5e-324,1430,0,1560,0,1.0,1.0,1.0,0.0,0.0,0.0
0.0,1430,0,1560,0,1.0,1.0,1.0,0.0,0.0,0.0
0.000561,1430,108,1452,0,1.0,1.0,0.9307692307692308,0.0,0.06923076923076923,0.06923076923076923
0.000568,1430,109,1451,0,1.0,1.0,0.9301282051282052,0.0,0.06987179487179487,0.06987179487179487
0.000571,1430,110,1450,0,1.0,1.0,0.9294871794871795,0.0,0.07051282051282051,0.07051282051282051
0.000573,1430,111,1449,0,1.0,1.0,0.9288461538461539,0.0,0.07115384615384615,0.07115384615384615
0.000575,1430,112,1448,0,1.0,1.0,0.9282051282051282,0.0,0.07179487179487179,0.07179487179487179
0.000577,1430,113,1447,0,1.0,1.0,0.9275641025641026,0.0,0.07243589743589744,0.07243589743589744
0.000578,1430,114,1446,0,1.0,1.0,0.926923076923077,0.0,0.07307692307692308,0.07307692307692308
0.000579,1430,115,1445,0,1.0,1.0,0.9262820512820513,0.0,0.07371794871794872,0.07371794871794872
0.00058,1430,116,1444,0,1.0,1.0,0.9256410256410257,0.0,0.07435897435897436,0.07435897435897436
0.000582,1430,117,1443,0,1.0,1.0,0.925,0.0,0.075,0.075
0.000585,1430,118,1442,0,1.0,1.0,0.9243589743589744,0.0,0.07564102564102564,0.07564102564102564
0.000586,1430,119,1441,0,1.0,1.0,0.9237179487179488,0.0,0.07628205128205129,0.07628205128205129
0.000589,1430,120,1440,0,1.0,1.0,0.9230769230769231,0.0,0.07692307692307693,0.07692307692307693
0.00059,1430,121,1439,0,1.0,1.0,0.9224358974358975,0.0,0.07756410256410257,0.07756410256410257
0.000591,1430,122,1438,0,1.0,1.0,0.9217948717948717,0.0,0.0782051282051282,0.0782051282051282
0.000595,1430,124,1436,0,1.0,1.0,0.9205128205128205,0.0,0.07948717948717948,0.07948717948717948
0.000596,1430,126,1434,0,1.0,1.0,0.9192307692307692,0.0,0.08076923076923077,0.08076923076923077
0.000597,1430,127,1433,0,1.0,1.0,0.9185897435897435,0.0,0.08141025641025641,0.08141025641025641
0.000599,1430,128,1432,0,1.0,1.0,0.9179487179487179,0.0,0.08205128205128205,0.08205128205128205
0.000602,1430,129,1431,0,1.0,1.0,0.9173076923076923,0.0,0.08269230769230769,0.08269230769230769
0.000606,1430,130,1430,0,1.0,1.0,0.9166666666666666,0.0,0.08333333333333333,0.08333333333333333
0.000617,1430,131,1429,0,1.0,1.0,0.916025641025641,0.0,0.08397435897435897,0.08397435897435897
0.000623,1430,132,1428,0,1.0,1.0,0.9153846153846154,0.0,0.08461538461538462,0.08461538461538462
0.000644,1430,133,1427,0,1.0,1.0,0.9147435897435897,0.0,0.08525641025641026,0.08525641025641026
0.000653,1430,134,1426,0,1.0,1.0,0.9141025641025641,0.0,0.0858974358974359,0.0858974358974359
0.000697,1430,135,1425,0,1.0,1.0,0.9134615384615384,0.0,0.08653846153846154,0.08653846153846154
0.000718,1430,136,1424,0,1.0,1.0,0.9128205128205128,0.0,0.08717948717948718,0.08717948717948718
0.000743,1430,137,1423,0,1.0,1.0,0.9121794871794872,0.0,0.08782051282051281,0.08782051282051281
0.000748,1429,137,1423,1,0.9993006993006993,0.9993006993006993,0.9121794871794872,0.0006993006993006993,0.08782051282051281,0.08782051282051281
0.000837,1429,138,1422,1,0.9993006993006993,0.9993006993006993,0.9115384615384615,0.0006993006993006993,0.08846153846153847,0.08846153846153847
0.00113,1429,139,1421,1,0.9993006993006993,0.9993006993006993,0.9108974358974359,0.0006993006993006993,0.0891025641025641,0.0891025641025641
0.001149,1429,140,1420,1,0.9993006993006993,0.9993006993006993,0.9102564102564102,0.0006993006993006993,0.08974358974358974,0.08974358974358974
0.001159,1429,141,1419,1,0.9993006993006993,0.9993006993006993,0.9096153846153846,0.0006993006993006993,0.09038461538461538,0.09038461538461538
0.001164,1429,142,1418,1,0.9993006993006993,0.9993006993006993,0.908974358974359,0.0006993006993006993,0.09102564102564102,0.09102564102564102
0.001172,1429,143,1417,1,0.9993006993006993,0.9993006993006993,0.9083333333333333,0.0006993006993006993,0.09166666666666666,0.09166666666666666
0.001173,1429,144,1416,1,0.9993006993006993,0.9993006993006993,0.9076923076923077,0.0006993006993006993,0.09230769230769231,0.09230769230769231
0.001177,1429,145,1415,1,0.9993006993006993,0.9993006993006993,0.907051282051282,0.0006993006993006993,0.09294871794871795,0.09294871794871795
0.001186,1429,146,1414,1,0.9993006993006993,0.9993006993006993,0.9064102564102564,0.0006993006993006993,0.09358974358974359,0.09358974358974359
0.001188,1429,147,1413,1,0.9993006993006993,0.9993006993006993,0.9057692307692308,0.0006993006993006993,0.09423076923076923,0.09423076923076923
0.001214,1429,148,1412,1,0.9993006993006993,0.9993006993006993,0.9051282051282051,0.0006993006993006993,0.09487179487179487,0.09487179487179487
0.001215,1429,149,1411,1,0.9993006993006993,0.9993006993006993,0.9044871794871795,0.0006993006993006993,0.0955128205128205,0.0955128205128205
0.001223,1429,150,1410,1,0.9993006993006993,0.9993006993006993,0.9038461538461539,0.0006993006993006993,0.09615384615384616,0.09615384615384616
0.001232,1429,152,1408,1,0.9993006993006993,0.9993006993006993,0.9025641025641026,0.0006993006993006993,0.09743589743589744,0.09743589743589744
0.001234,1429,153,1407,1,0.9993006993006993,0.9993006993006993,0.9019230769230769,0.0006993006993006993,0.09807692307692308,0.09807692307692308
0.001249,1429,154,1406,1,0.9993006993006993,0.9993006993006993,0.9012820512820513,0.0006993006993006993,0.09871794871794871,0.09871794871794871
0.001294,1429,155,1405,1,0.9993006993006993,0.9993006993006993,0.9006410256410257,0.0006993006993006993,0.09935897435897435,0.09935897435897435
0.001343,1429,156,1404,1,0.9993006993006993,0.9993006993006993,0.9,0.0006993006993006993,0.1,0.1
0.00146,1429,157,1403,1,0.9993006993006993,0.9993006993006993,0.8993589743589744,0.0006993006993006993,0.10064102564102564,0.10064102564102564
0.001484,1429,158,1402,1,0.9993006993006993,0.9993006993006993,0.8987179487179487,0.0006993006993006993,0.10128205128205128,0.10128205128205128
0.001736,1428,158,1402,2,0.9986013986013986,0.9986013986013986,0.8987179487179487,0.0013986013986013986,0.10128205128205128,0.10128205128205128
0.001761,1428,159,1401,2,0.9986013986013986,0.9986013986013986,0.8980769230769231,0.0013986013986013986,0.10192307692307692,0.10192307692307692
0.001776,1428,161,1399,2,0.9986013986013986,0.9986013986013986,0.8967948717948718,0.0013986013986013986,0.1032051282051282,0.1032051282051282
0.001802,1428,162,1398,2,0.9986013986013986,0.9986013986013986,0.8961538461538462,0.0013986013986013986,0.10384615384615385,0.10384615384615385
0.001808,1428,163,1397,2,0.9986013986013986,0.9986013986013986,0.8955128205128206,0.0013986013986013986,0.10448717948717949,0.10448717948717949
0.00182,1428,164,1396,2,0.9986013986013986,0.9986013986013986,0.8948717948717949,0.0013986013986013986,0.10512820512820513,0.10512820512820513
0.001879,1428,165,1395,2,0.9986013986013986,0.9986013986013986,0.8942307692307693,0.0013986013986013986,0.10576923076923077,0.10576923076923077
0.001881,1428,166,1394,2,0.9986013986013986,0.9986013986013986,0.8935897435897436,0.0013986013986013986,0.1064102564102564,0.1064102564102564
0.0019,1428,167,1393,2,0.9986013986013986,0.9986013986013986,0.892948717948718,0.0013986013986013986,0.10705128205128205,0.10705128205128205
0.001933,1428,169,1391,2,0.9986013986013986,0.9986013986013986,0.8916666666666667,0.0013986013986013986,0.10833333333333334,0.10833333333333334
0.001963,1428,170,1390,2,0.9986013986013986,0.9986013986013986,0.8910256410256411,0.0013986013986013986,0.10897435897435898,0.10897435897435898
0.001975,1428,171,1389,2,0.9986013986013986,0.9986013986013986,0.8903846153846153,0.0013986013986013986,0.10961538461538461,0.10961538461538461
0.002086,1428,172,1388,2,0.9986013986013986,0.9986013986013986,0.8897435897435897,0.0013986013986013986,0.11025641025641025,0.11025641025641025
0.002101,1428,173,1387,2,0.9986013986013986,0.9986013986013986,0.889102564102564,0.0013986013986013986,0.11089743589743589,0.11089743589743589
0.002123,1427,173,1387,3,0.9979020979020979,0.9979020979020979,0.889102564102564,0.002097902097902098,0.11089743589743589,0.11089743589743589
0.002201,1427,174,1386,3,0.9979020979020979,0.9979020979020979,0.8884615384615384,0.002097902097902098,0.11153846153846154,0.11153846153846154
0.002283,1427,175,1385,3,0.9979020979020979,0.9979020979020979,0.8878205128205128,0.002097902097902098,0.11217948717948718,0.11217948717948718
0.002299,1426,175,1385,4,0.9972027972027973,0.9972027972027973,0.8878205128205128,0.002797202797202797,0.11217948717948718,0.11217948717948718
0.002304,1425,175,1385,5,0.9965034965034965,0.9965034965034965,0.8878205128205128,0.0034965034965034965,0.11217948717948718,0.11217948717948718
0.002317,1425,176,1384,5,0.9965034965034965,0.9965034965034965,0.8871794871794871,0.0034965034965034965,0.11282051282051282,0.11282051282051282
0.002322,1425,177,1383,5,0.9965034965034965,0.9965034965034965,0.8865384615384615,0.0034965034965034965,0.11346153846153846,0.11346153846153846
0.002324,1425,178,1382,5,0.9965034965034965,0.9965034965034965,0.8858974358974359,0.0034965034965034965,0.1141025641025641,0.1141025641025641
0.002347,1425,179,1381,5,0.9965034965034965,0.9965034965034965,0.8852564102564102,0.0034965034965034965,0.11474358974358974,0.11474358974358974
0.002353,1425,180,1380,5,0.9965034965034965,0.9965034965034965,0.8846153846153846,0.0034965034965034965,0.11538461538461539,0.11538461538461539
0.00237,1425,181,1379,5,0.9965034965034965,0.9965034965034965,0.8839743589743589,0.0034965034965034965,0.11602564102564103,0.11602564102564103
0.002421,1425,182,1378,5,0.9965034965034965,0.9965034965034965,0.8833333333333333,0.0034965034965034965,0.11666666666666667,0.11666666666666667
0.002457,1425,183,1377,5,0.9965034965034965,0.9965034965034965,0.8826923076923077,0.0034965034965034965,0.11730769230769231,0.11730769230769231
0.002486,1425,184,1376,5,0.9965034965034965,0.9965034965034965,0.882051282051282,0.0034965034965034965,0.11794871794871795,0.11794871794871795
0.002509,1425,185,1375,5,0.9965034965034965,0.9965034965034965,0.8814102564102564,0.0034965034965034965,0.11858974358974358,0.11858974358974358
0.002548,1425,186,1374,5,0.9965034965034965,0.9965034965034965,0.8807692307692307,0.0034965034965034965,0.11923076923076924,0.11923076923076924
0.00263,1425,187,1373,5,0.9965034965034965,0.9965034965034965,0.8801282051282051,0.0034965034965034965,0.11987179487179488,0.11987179487179488
0.002683,1425,188,1372,5,0.9965034965034965,0.9965034965034965,0.8794871794871795,0.0034965034965034965,0.12051282051282051,0.12051282051282051
0.00271,1425,189,1371,5,0.9965034965034965,0.9965034965034965,0.8788461538461538,0.0034965034965034965,0.12115384615384615,0.12115384615384615
0.002801,1425,190,1370,5,0.9965034965034965,0.9965034965034965,0.8782051282051282,0.0034965034965034965,0.12179487179487179,0.12179487179487179
0.002815,1424,190,1370,6,0.9958041958041958,0.9958041958041958,0.8782051282051282,0.004195804195804196,0.12179487179487179,0.12179487179487179
0.002857,1424,191,1369,6,0.9958041958041958,0.9958041958041958,0.8775641025641026,0.004195804195804196,0.12243589743589743,0.12243589743589743
0.002865,1424,192,1368,6,0.9958041958041958,0.9958041958041958,0.8769230769230769,0.004195804195804196,0.12307692307692308,0.12307692307692308
0.002875,1424,193,1367,6,0.9958041958041958,0.9958041958041958,0.8762820512820513,0.004195804195804196,0.12371794871794872,0.12371794871794872
0.002879,1424,194,1366,6,0.9958041958041958,0.9958041958041958,0.8756410256410256,0.004195804195804196,0.12435897435897436,0.12435897435897436
0.0029,1424,195,1365,6,0.9958041958041958,0.9958041958041958,0.875,0.004195804195804196,0.125,0.125
0.002907,1424,196,1364,6,0.9958041958041958,0.9958041958041958,0.8743589743589744,0.004195804195804196,0.12564102564102564,0.12564102564102564
0.002913,1424,197,1363,6,0.9958041958041958,0.9958041958041958,0.8737179487179487,0.004195804195804196,0.12628205128205128,0.12628205128205128
0.002917,1423,197,1363,7,0.9951048951048951,0.9951048951048951,0.8737179487179487,0.0048951048951048955,0.12628205128205128,0.12628205128205128
0.002919,1423,198,1362,7,0.9951048951048951,0.9951048951048951,0.8730769230769231,0.0048951048951048955,0.12692307692307692,0.12692307692307692
0.002921,1423,199,1361,7,0.9951048951048951,0.9951048951048951,0.8724358974358974,0.0048951048951048955,0.12756410256410255,0.12756410256410255
0.002927,1423,200,1360,7,0.9951048951048951,0.9951048951048951,0.8717948717948718,0.0048951048951048955,0.1282051282051282,0.1282051282051282
0.002928,1423,201,1359,7,0.9951048951048951,0.9951048951048951,0.8711538461538462,0.0048951048951048955,0.12884615384615383,0.12884615384615383
0.002987,1423,202,1358,7,0.9951048951048951,0.9951048951048951,0.8705128205128205,0.0048951048951048955,0.1294871794871795,0.1294871794871795
0.002992,1423,203,1357,7,0.9951048951048951,0.9951048951048951,0.8698717948717949,0.0048951048951048955,0.13012820512820514,0.13012820512820514
0.003058,1423,204,1356,7,0.9951048951048951,0.9951048951048951,0.8692307692307693,0.0048951048951048955,0.13076923076923078,0.13076923076923078
0.003083,1423,205,1355,7,0.9951048951048951,0.9951048951048951,0.8685897435897436,0.0048951048951048955,0.13141025641025642,0.13141025641025642
0.003089,1423,206,1354,7,0.9951048951048951,0.9951048951048951,0.867948717948718,0.0048951048951048955,0.13205128205128205,0.13205128205128205
0.003149,1423,207,1353,7,0.9951048951048951,0.9951048951048951,0.8673076923076923,0.0048951048951048955,0.1326923076923077,0.1326923076923077
0.003191,1423,208,1352,7,0.9951048951048951,0.9951048951048951,0.8666666666666667,0.0048951048951048955,0.13333333333333333,0.13333333333333333
0.003203,1423,209,1351,7,0.9951048951048951,0.9951048951048951,0.8660256410256411,0.0048951048951048955,0.13397435897435897,0.13397435897435897
0.003333,1423,210,1350,7,0.9951048951048951,0.9951048951048951,0.8653846153846154,0.0048951048951048955,0.1346153846153846,0.1346153846153846
0.003388,1423,211,1349,7,0.9951048951048951,0.9951048951048951,0.8647435897435898,0.0048951048951048955,0.13525641025641025,0.13525641025641025
0.003398,1423,212,1348,7,0.9951048951048951,0.9951048951048951,0.8641025641025641,0.0048951048951048955,0.1358974358974359,0.1358974358974359
0.003425,1423,213,1347,7,0.9951048951048951,0.9951048951048951,0.8634615384615385,0.0048951048951048955,0.13653846153846153,0.13653846153846153
0.003427,1423,214,1346,7,0.9951048951048951,0.9951048951048951,0.8628205128205129,0.0048951048951048955,0.1371794871794872,0.1371794871794872
0.003478,1423,215,1345,7,0.9951048951048951,0.9951048951048951,0.8621794871794872,0.0048951048951048955,0.13782051282051283,0.13782051282051283
0.003531,1423,216,1344,7,0.9951048951048951,0.9951048951048951,0.8615384615384616,0.0048951048951048955,0.13846153846153847,0.13846153846153847
0.003534,1423,218,1342,7,0.9951048951048951,0.9951048951048951,0.8602564102564103,0.0048951048951048955,0.13974358974358975,0.13974358974358975
0.003541,1423,220,1340,7,0.9951048951048951,0.9951048951048951,0.8589743589743589,0.0048951048951048955,0.14102564102564102,0.14102564102564102
0.003571,1423,221,1339,7,0.9951048951048951,0.9951048951048951,0.8583333333333333,0.0048951048951048955,0.14166666666666666,0.14166666666666666
0.003636,1422,221,1339,8,0.9944055944055944,0.9944055944055944,0.8583333333333333,0.005594405594405594,0.14166666666666666,0.14166666666666666
0.003641,1422,222,1338,8,0.9944055944055944,0.9944055944055944,0.8576923076923076,0.005594405594405594,0.1423076923076923,0.1423076923076923
0.003738,1422,223,1337,8,0.9944055944055944,0.9944055944055944,0.857051282051282,0.005594405594405594,0.14294871794871794,0.14294871794871794
0.003774,1422,224,1336,8,0.9944055944055944,0.9944055944055944,0.8564102564102564,0.005594405594405594,0.14358974358974358,0.14358974358974358
0.003878,1422,225,1335,8,0.9944055944055944,0.9944055944055944,0.8557692307692307,0.005594405594405594,0.14423076923076922,0.14423076923076922
0.003947,1422,226,1334,8,0.9944055944055944,0.9944055944055944,0.8551282051282051,0.005594405594405594,0.14487179487179488,0.14487179487179488
0.003977,1422,227,1333,8,0.9944055944055944,0.9944055944055944,0.8544871794871794,0.005594405594405594,0.14551282051282052,0.14551282051282052
0.004077,1422,228,1332,8,0.9944055944055944,0.9944055944055944,0.8538461538461538,0.005594405594405594,0.14615384615384616,0.14615384615384616
0.004107,1422,229,1331,8,0.9944055944055944,0.9944055944055944,0.8532051282051282,0.005594405594405594,0.1467948717948718,0.1467948717948718
0.004135,1422,230,1330,8,0.9944055944055944,0.9944055944055944,0.8525641025641025,0.005594405594405594,0.14743589743589744,0.14743589743589744
0.004174,1422,231,1329,8,0.9944055944055944,0.9944055944055944,0.8519230769230769,0.005594405594405594,0.14807692307692308,0.14807692307692308
0.004182,1422,232,1328,8,0.9944055944055944,0.9944055944055944,0.8512820512820513,0.005594405594405594,0.14871794871794872,0.14871794871794872
0.004255,1422,233,1327,8,0.9944055944055944,0.9944055944055944,0.8506410256410256,0.005594405594405594,0.14935897435897436,0.14935897435897436
0.0044,1422,234,1326,8,0.9944055944055944,0.9944055944055944,0.85,0.005594405594405594,0.15,0.15
0.00445,1422,235,1325,8,0.9944055944055944,0.9944055944055944,0.8493589743589743,0.005594405594405594,0.15064102564102563,0.15064102564102563
0.004645,1422,236,1324,8,0.9944055944055944,0.9944055944055944,0.8487179487179487,0.005594405594405594,0.15128205128205127,0.15128205128205127
0.004659,1422,237,1323,8,0.9944055944055944,0.9944055944055944,0.8480769230769231,0.005594405594405594,0.1519230769230769,0.1519230769230769
0.004673,1422,238,1322,8,0.9944055944055944,0.9944055944055944,0.8474358974358974,0.005594405594405594,0.15256410256410258,0.15256410256410258
0.004684,1422,239,1321,8,0.9944055944055944,0.9944055944055944,0.8467948717948718,0.005594405594405594,0.15320512820512822,0.15320512820512822
0.004687,1422,240,1320,8,0.9944055944055944,0.9944055944055944,0.8461538461538461,0.005594405594405594,0.15384615384615385,0.15384615384615385
0.004711,1422,241,1319,8,0.9944055944055944,0.9944055944055944,0.8455128205128205,0.005594405594405594,0.1544871794871795,0.1544871794871795
0.004714,1422,242,1318,8,0.9944055944055944,0.9944055944055944,0.8448717948717949,0.005594405594405594,0.15512820512820513,0.15512820512820513
0.004721,1422,243,1317,8,0.9944055944055944,0.9944055944055944,0.8442307692307692,0.005594405594405594,0.15576923076923077,0.15576923076923077
0.004731,1422,244,1316,8,0.9944055944055944,0.9944055944055944,0.8435897435897436,0.005594405594405594,0.1564102564102564,0.1564102564102564
0.004884,1422,245,1315,8,0.9944055944055944,0.9944055944055944,0.842948717948718,0.005594405594405594,0.15705128205128205,0.15705128205128205
0.004917,1422,246,1314,8,0.9944055944055944,0.9944055944055944,0.8423076923076923,0.005594405594405594,0.1576923076923077,0.1576923076923077
0.00494,1422,247,1313,8,0.9944055944055944,0.9944055944055944,0.8416666666666667,0.005594405594405594,0.15833333333333333,0.15833333333333333
0.004965,1421,247,1313,9,0.9937062937062937,0.9937062937062937,0.8416666666666667,0.006293706293706294,0.15833333333333333,0.15833333333333333
0.005073,1421,248,1312,9,0.9937062937062937,0.9937062937062937,0.841025641025641,0.006293706293706294,0.15897435897435896,0.15897435897435896
0.005096,1421,249,1311,9,0.9937062937062937,0.9937062937062937,0.8403846153846154,0.006293706293706294,0.1596153846153846,0.1596153846153846
0.005122,1421,250,1310,9,0.9937062937062937,0.9937062937062937,0.8397435897435898,0.006293706293706294,0.16025641025641027,0.16025641025641027
0.005174,1421,251,1309,9,0.9937062937062937,0.9937062937062937,0.8391025641025641,0.006293706293706294,0.1608974358974359,0.1608974358974359
0.005196,1421,252,1308,9,0.9937062937062937,0.9937062937062937,0.8384615384615385,0.006293706293706294,0.16153846153846155,0.16153846153846155
0.005202,1421,253,1307,9,0.9937062937062937,0.9937062937062937,0.8378205128205128,0.006293706293706294,0.1621794871794872,0.1621794871794872
0.005205,1421,254,1306,9,0.9937062937062937,0.9937062937062937,0.8371794871794872,0.006293706293706294,0.16282051282051282,0.16282051282051282
0.00522,1421,255,1305,9,0.9937062937062937,0.9937062937062937,0.8365384615384616,0.006293706293706294,0.16346153846153846,0.16346153846153846
0.005251,1421,256,1304,9,0.9937062937062937,0.9937062937062937,0.8358974358974359,0.006293706293706294,0.1641025641025641,0.1641025641025641
0.005275,1421,257,1303,9,0.9937062937062937,0.9937062937062937,0.8352564102564103,0.006293706293706294,0.16474358974358974,0.16474358974358974
0.005291,1421,258,1302,9,0.9937062937062937,0.9937062937062937,0.8346153846153846,0.006293706293706294,0.16538461538461538,0.16538461538461538
0.00538,1421,259,1301,9,0.9937062937062937,0.9937062937062937,0.833974358974359,0.006293706293706294,0.16602564102564102,0.16602564102564102
0.005383,1421,260,1300,9,0.9937062937062937,0.9937062937062937,0.8333333333333334,0.006293706293706294,0.16666666666666666,0.16666666666666666
0.005396,1421,261,1299,9,0.9937062937062937,0.9937062937062937,0.8326923076923077,0.006293706293706294,0.1673076923076923,0.1673076923076923
0.005418,1421,262,1298,9,0.9937062937062937,0.9937062937062937,0.8320512820512821,0.006293706293706294,0.16794871794871793,0.16794871794871793
0.005471,1421,263,1297,9,0.9937062937062937,0.9937062937062937,0.8314102564102565,0.006293706293706294,0.1685897435897436,0.1685897435897436
0.005481,1421,264,1296,9,0.9937062937062937,0.9937062937062937,0.8307692307692308,0.006293706293706294,0.16923076923076924,0.16923076923076924
0.005556,1421,265,1295,9,0.9937062937062937,0.9937062937062937,0.8301282051282052,0.006293706293706294,0.16987179487179488,0.16987179487179488
0.005698,1421,266,1294,9,0.9937062937062937,0.9937062937062937,0.8294871794871795,0.006293706293706294,0.17051282051282052,0.17051282051282052
0.005714,1421,267,1293,9,0.9937062937062937,0.9937062937062937,0.8288461538461539,0.006293706293706294,0.17115384615384616,0.17115384615384616
0.005724,1421,268,1292,9,0.9937062937062937,0.9937062937062937,0.8282051282051283,0.006293706293706294,0.1717948717948718,0.1717948717948718
0.005727,1421,269,1291,9,0.9937062937062937,0.9937062937062937,0.8275641025641025,0.006293706293706294,0.17243589743589743,0.17243589743589743
0.005741,1421,270,1290,9,0.9937062937062937,0.9937062937062937,0.8269230769230769,0.006293706293706294,0.17307692307692307,0.17307692307692307
0.005767,1421,271,1289,9,0.9937062937062937,0.9937062937062937,0.8262820512820512,0.006293706293706294,0.1737179487179487,0.1737179487179487
0.005821,1421,272,1288,9,0.9937062937062937,0.9937062937062937,0.8256410256410256,0.006293706293706294,0.17435897435897435,0.17435897435897435
0.005848,1421,273,1287,9,0.9937062937062937,0.9937062937062937,0.825,0.006293706293706294,0.175,0.175
0.005862,1421,274,1286,9,0.9937062937062937,0.9937062937062937,0.8243589743589743,0.006293706293706294,0.17564102564102563,0.17564102564102563
0.005869,1421,275,1285,9,0.9937062937062937,0.9937062937062937,0.8237179487179487,0.006293706293706294,0.1762820512820513,0.1762820512820513
0.005922,1421,276,1284,9,0.9937062937062937,0.9937062937062937,0.823076923076923,0.006293706293706294,0.17692307692307693,0.17692307692307693
0.005952,1421,277,1283,9,0.9937062937062937,0.9937062937062937,0.8224358974358974,0.006293706293706294,0.17756410256410257,0.17756410256410257
0.005975,1420,277,1283,10,0.993006993006993,0.993006993006993,0.8224358974358974,0.006993006993006993,0.17756410256410257,0.17756410256410257
0.006039,1419,277,1283,11,0.9923076923076923,0.9923076923076923,0.8224358974358974,0.007692307692307693,0.17756410256410257,0.17756410256410257
0.006046,1419,278,1282,11,0.9923076923076923,0.9923076923076923,0.8217948717948718,0.007692307692307693,0.1782051282051282,0.1782051282051282
0.006052,1419,279,1281,11,0.9923076923076923,0.9923076923076923,0.8211538461538461,0.007692307692307693,0.17884615384615385,0.17884615384615385
0.006061,1419,280,1280,11,0.9923076923076923,0.9923076923076923,0.8205128205128205,0.007692307692307693,0.1794871794871795,0.1794871794871795
0.00609,1418,280,1280,12,0.9916083916083916,0.9916083916083916,0.8205128205128205,0.008391608391608392,0.1794871794871795,0.1794871794871795
0.006098,1418,281,1279,12,0.9916083916083916,0.9916083916083916,0.8198717948717948,0.008391608391608392,0.18012820512820513,0.18012820512820513
0.006135,1418,282,1278,12,0.9916083916083916,0.9916083916083916,0.8192307692307692,0.008391608391608392,0.18076923076923077,0.18076923076923077
0.006169,1418,283,1277,12,0.9916083916083916,0.9916083916083916,0.8185897435897436,0.008391608391608392,0.1814102564102564,0.1814102564102564
0.006207,1418,284,1276,12,0.9916083916083916,0.9916083916083916,0.8179487179487179,0.008391608391608392,0.18205128205128204,0.18205128205128204
0.00627,1418,285,1275,12,0.9916083916083916,0.9916083916083916,0.8173076923076923,0.008391608391608392,0.18269230769230768,0.18269230769230768
0.006285,1418,286,1274,12,0.9916083916083916,0.9916083916083916,0.8166666666666667,0.008391608391608392,0.18333333333333332,0.18333333333333332
0.006307,1418,287,1273,12,0.9916083916083916,0.9916083916083916,0.816025641025641,0.008391608391608392,0.183974358974359,0.183974358974359
0.006311,1418,288,1272,12,0.9916083916083916,0.9916083916083916,0.8153846153846154,0.008391608391608392,0.18461538461538463,0.18461538461538463
0.006336,1418,289,1271,12,0.9916083916083916,0.9916083916083916,0.8147435897435897,0.008391608391608392,0.18525641025641026,0.18525641025641026
0.00634,1418,290,1270,12,0.9916083916083916,0.9916083916083916,0.8141025641025641,0.008391608391608392,0.1858974358974359,0.1858974358974359
0.00641,1418,291,1269,12,0.9916083916083916,0.9916083916083916,0.8134615384615385,0.008391608391608392,0.18653846153846154,0.18653846153846154
0.006494,1418,293,1267,12,0.9916083916083916,0.9916083916083916,0.8121794871794872,0.008391608391608392,0.18782051282051282,0.18782051282051282
0.00654,1418,294,1266,12,0.9916083916083916,0.9916083916083916,0.8115384615384615,0.008391608391608392,0.18846153846153846,0.18846153846153846
0.006544,1418,295,1265,12,0.9916083916083916,0.9916083916083916,0.8108974358974359,0.008391608391608392,0.1891025641025641,0.1891025641025641
0.006575,1418,296,1264,12,0.9916083916083916,0.9916083916083916,0.8102564102564103,0.008391608391608392,0.18974358974358974,0.18974358974358974
0.006619,1418,297,1263,12,0.9916083916083916,0.9916083916083916,0.8096153846153846,0.008391608391608392,0.19038461538461537,0.19038461538461537
0.006631,1418,298,1262,12,0.9916083916083916,0.9916083916083916,0.808974358974359,0.008391608391608392,0.191025641025641,0.191025641025641
0.006647,1418,299,1261,12,0.9916083916083916,0.9916083916083916,0.8083333333333333,0.008391608391608392,0.19166666666666668,0.19166666666666668
0.006653,1418,301,1259,12,0.9916083916083916,0.9916083916083916,0.8070512820512821,0.008391608391608392,0.19294871794871796,0.19294871794871796
0.006662,1418,302,1258,12,0.9916083916083916,0.9916083916083916,0.8064102564102564,0.008391608391608392,0.1935897435897436,0.1935897435897436
0.006667,1417,302,1258,13,0.990909090909091,0.990909090909091,0.8064102564102564,0.00909090909090909,0.1935897435897436,0.1935897435897436
0.006683,1417,303,1257,13,0.990909090909091,0.990909090909091,0.8057692307692308,0.00909090909090909,0.19423076923076923,0.19423076923076923
0.006918,1417,304,1256,13,0.990909090909091,0.990909090909091,0.8051282051282052,0.00909090909090909,0.19487179487179487,0.19487179487179487
0.00692,1417,305,1255,13,0.990909090909091,0.990909090909091,0.8044871794871795,0.00909090909090909,0.1955128205128205,0.1955128205128205
0.006927,1417,306,1254,13,0.990909090909091,0.990909090909091,0.8038461538461539,0.00909090909090909,0.19615384615384615,0.19615384615384615
0.006957,1417,307,1253,13,0.990909090909091,0.990909090909091,0.8032051282051282,0.00909090909090909,0.1967948717948718,0.1967948717948718
0.006997,1417,308,1252,13,0.990909090909091,0.990909090909091,0.8025641025641026,0.00909090909090909,0.19743589743589743,0.19743589743589743
0.007051,1417,309,1251,13,0.990909090909091,0.990909090909091,0.801923076923077,0.00909090909090909,0.19807692307692307,0.19807692307692307
0.007056,1417,310,1250,13,0.990909090909091,0.990909090909091,0.8012820512820513,0.00909090909090909,0.1987179487179487,0.1987179487179487
0.007084,1416,310,1250,14,0.9902097902097902,0.9902097902097902,0.8012820512820513,0.009790209790209791,0.1987179487179487,0.1987179487179487
0.007113,1416,311,1249,14,0.9902097902097902,0.9902097902097902,0.8006410256410257,0.009790209790209791,0.19935897435897437,0.19935897435897437
0.007157,1416,312,1248,14,0.9902097902097902,0.9902097902097902,0.8,0.009790209790209791,0.2,0.2
0.007164,1416,313,1247,14,0.9902097902097902,0.9902097902097902,0.7993589743589744,0.009790209790209791,0.20064102564102565,0.20064102564102565
0.007179,1416,314,1246,14,0.9902097902097902,0.9902097902097902,0.7987179487179488,0.009790209790209791,0.2012820512820513,0.2012820512820513
0.007199,1416,315,1245,14,0.9902097902097902,0.9902097902097902,0.7980769230769231,0.009790209790209791,0.20192307692307693,0.20192307692307693
0.007299,1415,315,1245,15,0.9895104895104895,0.9895104895104895,0.7980769230769231,0.01048951048951049,0.20192307692307693,0.20192307692307693
0.00732,1415,316,1244,15,0.9895104895104895,0.9895104895104895,0.7974358974358975,0.01048951048951049,0.20256410256410257,0.20256410256410257
0.007328,1415,317,1243,15,0.9895104895104895,0.9895104895104895,0.7967948717948717,0.01048951048951049,0.2032051282051282,0.2032051282051282
0.007365,1415,318,1242,15,0.9895104895104895,0.9895104895104895,0.7961538461538461,0.01048951048951049,0.20384615384615384,0.20384615384615384
0.007426,1415,319,1241,15,0.9895104895104895,0.9895104895104895,0.7955128205128205,0.01048951048951049,0.20448717948717948,0.20448717948717948
0.007429,1415,320,1240,15,0.9895104895104895,0.9895104895104895,0.7948717948717948,0.01048951048951049,0.20512820512820512,0.20512820512820512
0.00745,1415,321,1239,15,0.9895104895104895,0.9895104895104895,0.7942307692307692,0.01048951048951049,0.20576923076923076,0.20576923076923076
0.007468,1415,322,1238,15,0.9895104895104895,0.9895104895104895,0.7935897435897435,0.01048951048951049,0.2064102564102564,0.2064102564102564
0.007539,1415,323,1237,15,0.9895104895104895,0.9895104895104895,0.7929487179487179,0.01048951048951049,0.20705128205128207,0.20705128205128207
0.007554,1415,324,1236,15,0.9895104895104895,0.9895104895104895,0.7923076923076923,0.01048951048951049,0.2076923076923077,0.2076923076923077
0.007558,1415,325,1235,15,0.9895104895104895,0.9895104895104895,0.7916666666666666,0.01048951048951049,0.20833333333333334,0.20833333333333334
0.007598,1415,326,1234,15,0.9895104895104895,0.9895104895104895,0.791025641025641,0.01048951048951049,0.20897435897435898,0.20897435897435898
0.007628,1415,327,1233,15,0.9895104895104895,0.9895104895104895,0.7903846153846154,0.01048951048951049,0.20961538461538462,0.20961538461538462
0.007644,1415,328,1232,15,0.9895104895104895,0.9895104895104895,0.7897435897435897,0.01048951048951049,0.21025641025641026,0.21025641025641026
0.007683,1415,329,1231,15,0.9895104895104895,0.9895104895104895,0.7891025641025641,0.01048951048951049,0.2108974358974359,0.2108974358974359
0.007733,1415,330,1230,15,0.9895104895104895,0.9895104895104895,0.7884615384615384,0.01048951048951049,0.21153846153846154,0.21153846153846154
0.007742,1415,331,1229,15,0.9895104895104895,0.9895104895104895,0.7878205128205128,0.01048951048951049,0.21217948717948718,0.21217948717948718
0.007776,1415,332,1228,15,0.9895104895104895,0.9895104895104895,0.7871794871794872,0.01048951048951049,0.2128205128205128,0.2128205128205128
0.007818,1415,333,1227,15,0.9895104895104895,0.9895104895104895,0.7865384615384615,0.01048951048951049,0.21346153846153845,0.21346153846153845
0.007903,1415,334,1226,15,0.9895104895104895,0.9895104895104895,0.7858974358974359,0.01048951048951049,0.2141025641025641,0.2141025641025641
0.007925,1415,335,1225,15,0.9895104895104895,0.9895104895104895,0.7852564102564102,0.01048951048951049,0.21474358974358973,0.21474358974358973
0.007937,1415,336,1224,15,0.9895104895104895,0.9895104895104895,0.7846153846153846,0.01048951048951049,0.2153846153846154,0.2153846153846154
0.007954,1415,337,1223,15,0.9895104895104895,0.9895104895104895,0.783974358974359,0.01048951048951049,0.21602564102564104,0.21602564102564104
0.007956,1414,337,1223,16,0.9888111888111888,0.9888111888111888,0.783974358974359,0.011188811188811189,0.21602564102564104,0.21602564102564104
0.007966,1413,337,1223,17,0.9881118881118881,0.9881118881118881,0.783974358974359,0.011888111888111888,0.21602564102564104,0.21602564102564104
0.007971,1413,338,1222,17,0.9881118881118881,0.9881118881118881,0.7833333333333333,0.011888111888111888,0.21666666666666667,0.21666666666666667
0.008023,1412,338,1222,18,0.9874125874125874,0.9874125874125874,0.7833333333333333,0.012587412587412588,0.21666666666666667,0.21666666666666667
0.008051,1411,338,1222,19,0.9867132867132867,0.9867132867132867,0.7833333333333333,0.013286713286713287,0.21666666666666667,0.21666666666666667
0.008065,1411,339,1221,19,0.9867132867132867,0.9867132867132867,0.7826923076923077,0.013286713286713287,0.2173076923076923,0.2173076923076923
0.008102,1411,340,1220,19,0.9867132867132867,0.9867132867132867,0.782051282051282,0.013286713286713287,0.21794871794871795,0.21794871794871795
0.008112,1411,341,1219,19,0.9867132867132867,0.9867132867132867,0.7814102564102564,0.013286713286713287,0.2185897435897436,0.2185897435897436
0.00812,1411,342,1218,19,0.9867132867132867,0.9867132867132867,0.7807692307692308,0.013286713286713287,0.21923076923076923,0.21923076923076923
0.008154,1411,343,1217,19,0.9867132867132867,0.9867132867132867,0.7801282051282051,0.013286713286713287,0.21987179487179487,0.21987179487179487
0.008226,1411,344,1216,19,0.9867132867132867,0.9867132867132867,0.7794871794871795,0.013286713286713287,0.2205128205128205,0.2205128205128205
0.00827,1411,345,1215,19,0.9867132867132867,0.9867132867132867,0.7788461538461539,0.013286713286713287,0.22115384615384615,0.22115384615384615
0.008324,1411,346,1214,19,0.9867132867132867,0.9867132867132867,0.7782051282051282,0.013286713286713287,0.22179487179487178,0.22179487179487178
0.008373,1411,347,1213,19,0.9867132867132867,0.9867132867132867,0.7775641025641026,0.013286713286713287,0.22243589743589742,0.22243589743589742
0.008374,1411,348,1212,19,0.9867132867132867,0.9867132867132867,0.7769230769230769,0.013286713286713287,0.2230769230769231,0.2230769230769231
0.008388,1410,348,1212,20,0.986013986013986,0.986013986013986,0.7769230769230769,0.013986013986013986,0.2230769230769231,0.2230769230769231
0.008432,1410,349,1211,20,0.986013986013986,0.986013986013986,0.7762820512820513,0.013986013986013986,0.22371794871794873,0.22371794871794873
0.008441,1410,350,1210,20,0.986013986013986,0.986013986013986,0.7756410256410257,0.013986013986013986,0.22435897435897437,0.22435897435897437
0.008484,1410,351,1209,20,0.986013986013986,0.986013986013986,0.775,0.013986013986013986,0.225,0.225
0.00853,1410,352,1208,20,0.986013986013986,0.986013986013986,0.7743589743589744,0.013986013986013986,0.22564102564102564,0.22564102564102564
0.008547,1410,353,1207,20,0.986013986013986,0.986013986013986,0.7737179487179487,0.013986013986013986,0.22628205128205128,0.22628205128205128
0.008601,1410,354,1206,20,0.986013986013986,0.986013986013986,0.7730769230769231,0.013986013986013986,0.22692307692307692,0.22692307692307692
0.008606,1410,355,1205,20,0.986013986013986,0.986013986013986,0.7724358974358975,0.013986013986013986,0.22756410256410256,0.22756410256410256
0.008621,1410,356,1204,20,0.986013986013986,0.986013986013986,0.7717948717948718,0.013986013986013986,0.2282051282051282,0.2282051282051282
0.008626,1410,357,1203,20,0.986013986013986,0.986013986013986,0.7711538461538462,0.013986013986013986,0.22884615384615384,0.22884615384615384
0.008636,1410,358,1202,20,0.986013986013986,0.986013986013986,0.7705128205128206,0.013986013986013986,0.22948717948717948,0.22948717948717948
0.008642,1410,359,1201,20,0.986013986013986,0.986013986013986,0.7698717948717949,0.013986013986013986,0.23012820512820512,0.23012820512820512
0.008677,1410,360,1200,20,0.986013986013986,0.986013986013986,0.7692307692307693,0.013986013986013986,0.23076923076923078,0.23076923076923078
0.008706,1409,360,1200,21,0.9853146853146854,0.9853146853146854,0.7692307692307693,0.014685314685314685,0.23076923076923078,0.23076923076923078
0.008736,1409,361,1199,21,0.9853146853146854,0.9853146853146854,0.7685897435897436,0.014685314685314685,0.23141025641025642,0.23141025641025642
0.008844,1409,362,1198,21,0.9853146853146854,0.9853146853146854,0.767948717948718,0.014685314685314685,0.23205128205128206,0.23205128205128206
0.008942,1409,363,1197,21,0.9853146853146854,0.9853146853146854,0.7673076923076924,0.014685314685314685,0.2326923076923077,0.2326923076923077
0.008966,1408,363,1197,22,0.9846153846153847,0.9846153846153847,0.7673076923076924,0.015384615384615385,0.2326923076923077,0.2326923076923077
0.008972,1408,364,1196,22,0.9846153846153847,0.9846153846153847,0.7666666666666667,0.015384615384615385,0.23333333333333334,0.23333333333333334
0.00898,1407,364,1196,23,0.9839160839160839,0.9839160839160839,0.7666666666666667,0.016083916083916083,0.23333333333333334,0.23333333333333334
0.009004,1407,365,1195,23,0.9839160839160839,0.9839160839160839,0.7660256410256411,0.016083916083916083,0.23397435897435898,0.23397435897435898
0.009028,1407,366,1194,23,0.9839160839160839,0.9839160839160839,0.7653846153846153,0.016083916083916083,0.23461538461538461,0.23461538461538461
0.009056,1407,367,1193,23,0.9839160839160839,0.9839160839160839,0.7647435897435897,0.016083916083916083,0.23525641025641025,0.23525641025641025
0.009169,1407,368,1192,23,0.9839160839160839,0.9839160839160839,0.764102564102564,0.016083916083916083,0.2358974358974359,0.2358974358974359
0.009195,1407,369,1191,23,0.9839160839160839,0.9839160839160839,0.7634615384615384,0.016083916083916083,0.23653846153846153,0.23653846153846153
0.009201,1407,370,1190,23,0.9839160839160839,0.9839160839160839,0.7628205128205128,0.016083916083916083,0.23717948717948717,0.23717948717948717
0.009235,1407,371,1189,23,0.9839160839160839,0.9839160839160839,0.7621794871794871,0.016083916083916083,0.2378205128205128,0.2378205128205128
0.009259,1407,372,1188,23,0.9839160839160839,0.9839160839160839,0.7615384615384615,0.016083916083916083,0.23846153846153847,0.23846153846153847
0.009324,1407,374,1186,23,0.9839160839160839,0.9839160839160839,0.7602564102564102,0.016083916083916083,0.23974358974358975,0.23974358974358975
0.009384,1407,375,1185,23,0.9839160839160839,0.9839160839160839,0.7596153846153846,0.016083916083916083,0.2403846153846154,0.2403846153846154
0.009434,1407,376,1184,23,0.9839160839160839,0.9839160839160839,0.7589743589743589,0.016083916083916083,0.24102564102564103,0.24102564102564103
0.009445,1407,377,1183,23,0.9839160839160839,0.9839160839160839,0.7583333333333333,0.016083916083916083,0.24166666666666667,0.24166666666666667
0.009484,1407,378,1182,23,0.9839160839160839,0.9839160839160839,0.7576923076923077,0.016083916083916083,0.2423076923076923,0.2423076923076923
0.009535,1407,379,1181,23,0.9839160839160839,0.9839160839160839,0.757051282051282,0.016083916083916083,0.24294871794871795,0.24294871794871795
0.009566,1407,380,1180,23,0.9839160839160839,0.9839160839160839,0.7564102564102564,0.016083916083916083,0.24358974358974358,0.24358974358974358
0.009589,1407,381,1179,23,0.9839160839160839,0.9839160839160839,0.7557692307692307,0.016083916083916083,0.24423076923076922,0.24423076923076922
0.009609,1407,382,1178,23,0.9839160839160839,0.9839160839160839,0.7551282051282051,0.016083916083916083,0.24487179487179486,0.24487179487179486
0.009658,1407,383,1177,23,0.9839160839160839,0.9839160839160839,0.7544871794871795,0.016083916083916083,0.2455128205128205,0.2455128205128205
0.009687,1407,384,1176,23,0.9839160839160839,0.9839160839160839,0.7538461538461538,0.016083916083916083,0.24615384615384617,0.24615384615384617
0.009731,1407,385,1175,23,0.9839160839160839,0.9839160839160839,0.7532051282051282,0.016083916083916083,0.2467948717948718,0.2467948717948718
0.009742,1407,386,1174,23,0.9839160839160839,0.9839160839160839,0.7525641025641026,0.016083916083916083,0.24743589743589745,0.24743589743589745
0.009749,1407,387,1173,23,0.9839160839160839,0.9839160839160839,0.7519230769230769,0.016083916083916083,0.24807692307692308,0.24807692307692308
0.009785,1407,388,1172,23,0.9839160839160839,0.9839160839160839,0.7512820512820513,0.016083916083916083,0.24871794871794872,0.24871794871794872
0.009815,1407,389,1171,23,0.9839160839160839,0.9839160839160839,0.7506410256410256,0.016083916083916083,0.24935897435897436,0.24935897435897436
0.009852,1407,390,1170,23,0.9839160839160839,0.9839160839160839,0.75,0.016083916083916083,0.25,0.25
0.009886,1407,391,1169,23,0.9839160839160839,0.9839160839160839,0.7493589743589744,0.016083916083916083,0.25064102564102564,0.25064102564102564
0.00996,1407,392,1168,23,0.9839160839160839,0.9839160839160839,0.7487179487179487,0.016083916083916083,0.2512820512820513,0.2512820512820513
0.009992,1407,393,1167,23,0.9839160839160839,0.9839160839160839,0.7480769230769231,0.016083916083916083,0.2519230769230769,0.2519230769230769
0.010007,1407,394,1166,23,0.9839160839160839,0.9839160839160839,0.7474358974358974,0.016083916083916083,0.25256410256410255,0.25256410256410255
0.010014,1406,394,1166,24,0.9832167832167832,0.9832167832167832,0.7474358974358974,0.016783216783216783,0.25256410256410255,0.25256410256410255
0.010057,1406,395,1165,24,0.9832167832167832,0.9832167832167832,0.7467948717948718,0.016783216783216783,0.2532051282051282,0.2532051282051282
0.010089,1406,396,1164,24,0.9832167832167832,0.9832167832167832,0.7461538461538462,0.016783216783216783,0.25384615384615383,0.25384615384615383
0.010107,1406,397,1163,24,0.9832167832167832,0.9832167832167832,0.7455128205128205,0.016783216783216783,0.25448717948717947,0.25448717948717947
0.010137,1406,398,1162,24,0.9832167832167832,0.9832167832167832,0.7448717948717949,0.016783216783216783,0.2551282051282051,0.2551282051282051
0.010164,1406,399,1161,24,0.9832167832167832,0.9832167832167832,0.7442307692307693,0.016783216783216783,0.25576923076923075,0.25576923076923075
0.010175,1406,400,1160,24,0.9832167832167832,0.9832167832167832,0.7435897435897436,0.016783216783216783,0.2564102564102564,0.2564102564102564
0.010212,1406,401,1159,24,0.9832167832167832,0.9832167832167832,0.742948717948718,0.016783216783216783,0.257051282051282,0.257051282051282
0.010263,1406,402,1158,24,0.9832167832167832,0.9832167832167832,0.7423076923076923,0.016783216783216783,0.25769230769230766,0.25769230769230766
0.010276,1406,403,1157,24,0.9832167832167832,0.9832167832167832,0.7416666666666667,0.016783216783216783,0.25833333333333336,0.25833333333333336
0.010303,1406,404,1156,24,0.9832167832167832,0.9832167832167832,0.7410256410256411,0.016783216783216783,0.258974358974359,0.258974358974359
0.010345,1406,405,1155,24,0.9832167832167832,0.9832167832167832,0.7403846153846154,0.016783216783216783,0.25961538461538464,0.25961538461538464
0.010349,1406,406,1154,24,0.9832167832167832,0.9832167832167832,0.7397435897435898,0.016783216783216783,0.2602564102564103,0.2602564102564103
0.010352,1406,407,1153,24,0.9832167832167832,0.9832167832167832,0.7391025641025641,0.016783216783216783,0.2608974358974359,0.2608974358974359
0.010496,1406,408,1152,24,0.9832167832167832,0.9832167832167832,0.7384615384615385,0.016783216783216783,0.26153846153846155,0.26153846153846155
0.010518,1406,409,1151,24,0.9832167832167832,0.9832167832167832,0.7378205128205129,0.016783216783216783,0.2621794871794872,0.2621794871794872
0.010526,1406,410,1150,24,0.9832167832167832,0.9832167832167832,0.7371794871794872,0.016783216783216783,0.26282051282051283,0.26282051282051283
0.010573,1406,411,1149,24,0.9832167832167832,0.9832167832167832,0.7365384615384616,0.016783216783216783,0.26346153846153847,0.26346153846153847
0.010596,1406,412,1148,24,0.9832167832167832,0.9832167832167832,0.735897435897436,0.016783216783216783,0.2641025641025641,0.2641025641025641
0.010626,1405,412,1148,25,0.9825174825174825,0.9825174825174825,0.735897435897436,0.017482517482517484,0.2641025641025641,0.2641025641025641
0.010652,1405,413,1147,25,0.9825174825174825,0.9825174825174825,0.7352564102564103,0.017482517482517484,0.26474358974358975,0.26474358974358975
0.010653,1405,414,1146,25,0.9825174825174825,0.9825174825174825,0.7346153846153847,0.017482517482517484,0.2653846153846154,0.2653846153846154
0.010656,1405,415,1145,25,0.9825174825174825,0.9825174825174825,0.7339743589743589,0.017482517482517484,0.266025641025641,0.266025641025641
0.010682,1405,416,1144,25,0.9825174825174825,0.9825174825174825,0.7333333333333333,0.017482517482517484,0.26666666666666666,0.26666666666666666
0.010702,1405,417,1143,25,0.9825174825174825,0.9825174825174825,0.7326923076923076,0.017482517482517484,0.2673076923076923,0.2673076923076923
0.010705,1405,418,1142,25,0.9825174825174825,0.9825174825174825,0.732051282051282,0.017482517482517484,0.26794871794871794,0.26794871794871794
0.010842,1405,419,1141,25,0.9825174825174825,0.9825174825174825,0.7314102564102564,0.017482517482517484,0.2685897435897436,0.2685897435897436
0.010863,1405,420,1140,25,0.9825174825174825,0.9825174825174825,0.7307692307692307,0.017482517482517484,0.2692307692307692,0.2692307692307692
0.010909,1405,421,1139,25,0.9825174825174825,0.9825174825174825,0.7301282051282051,0.017482517482517484,0.26987179487179486,0.26987179487179486
0.010922,1405,422,1138,25,0.9825174825174825,0.9825174825174825,0.7294871794871794,0.017482517482517484,0.2705128205128205,0.2705128205128205
0.010997,1405,424,1136,25,0.9825174825174825,0.9825174825174825,0.7282051282051282,0.017482517482517484,0.2717948717948718,0.2717948717948718
0.011013,1405,425,1135,25,0.9825174825174825,0.9825174825174825,0.7275641025641025,0.017482517482517484,0.2724358974358974,0.2724358974358974
0.011036,1405,426,1134,25,0.9825174825174825,0.9825174825174825,0.7269230769230769,0.017482517482517484,0.27307692307692305,0.27307692307692305
0.011097,1405,428,1132,25,0.9825174825174825,0.9825174825174825,0.7256410256410256,0.017482517482517484,0.2743589743589744,0.2743589743589744
0.011183,1405,429,1131,25,0.9825174825174825,0.9825174825174825,0.725,0.017482517482517484,0.275,0.275
0.011263,1405,430,1130,25,0.9825174825174825,0.9825174825174825,0.7243589743589743,0.017482517482517484,0.27564102564102566,0.27564102564102566
0.01127,1405,431,1129,25,0.9825174825174825,0.9825174825174825,0.7237179487179487,0.017482517482517484,0.2762820512820513,0.2762820512820513
0.011343,1405,432,1128,25,0.9825174825174825,0.9825174825174825,0.7230769230769231,0.017482517482517484,0.27692307692307694,0.27692307692307694
0.01139,1405,433,1127,25,0.9825174825174825,0.9825174825174825,0.7224358974358974,0.017482517482517484,0.2775641025641026,0.2775641025641026
0.011391,1405,434,1126,25,0.9825174825174825,0.9825174825174825,0.7217948717948718,0.017482517482517484,0.2782051282051282,0.2782051282051282
0.0114,1405,435,1125,25,0.9825174825174825,0.9825174825174825,0.7211538461538461,0.017482517482517484,0.27884615384615385,0.27884615384615385
0.011416,1404,435,1125,26,0.9818181818181818,0.9818181818181818,0.7211538461538461,0.01818181818181818,0.27884615384615385,0.27884615384615385
0.011429,1403,435,1125,27,0.9811188811188811,0.9811188811188811,0.7211538461538461,0.01888111888111888,0.27884615384615385,0.27884615384615385
0.011432,1403,436,1124,27,0.9811188811188811,0.9811188811188811,0.7205128205128205,0.01888111888111888,0.2794871794871795,0.2794871794871795
0.011515,1403,437,1123,27,0.9811188811188811,0.9811188811188811,0.7198717948717949,0.01888111888111888,0.28012820512820513,0.28012820512820513
0.011521,1403,438,1122,27,0.9811188811188811,0.9811188811188811,0.7192307692307692,0.01888111888111888,0.28076923076923077,0.28076923076923077
0.011534,1403,439,1121,27,0.9811188811188811,0.9811188811188811,0.7185897435897436,0.01888111888111888,0.2814102564102564,0.2814102564102564
0.011585,1403,440,1120,27,0.9811188811188811,0.9811188811188811,0.717948717948718,0.01888111888111888,0.28205128205128205,0.28205128205128205
0.011641,1403,441,1119,27,0.9811188811188811,0.9811188811188811,0.7173076923076923,0.01888111888111888,0.2826923076923077,0.2826923076923077
0.011696,1403,442,1118,27,0.9811188811188811,0.9811188811188811,0.7166666666666667,0.01888111888111888,0.2833333333333333,0.2833333333333333
0.011756,1403,443,1117,27,0.9811188811188811,0.9811188811188811,0.716025641025641,0.01888111888111888,0.28397435897435896,0.28397435897435896
0.011765,1402,443,1117,28,0.9804195804195804,0.9804195804195804,0.716025641025641,0.019580419580419582,0.28397435897435896,0.28397435897435896
0.011794,1402,445,1115,28,0.9804195804195804,0.9804195804195804,0.7147435897435898,0.019580419580419582,0.28525641025641024,0.28525641025641024
0.011796,1402,446,1114,28,0.9804195804195804,0.9804195804195804,0.7141025641025641,0.019580419580419582,0.2858974358974359,0.2858974358974359
0.011873,1402,447,1113,28,0.9804195804195804,0.9804195804195804,0.7134615384615385,0.019580419580419582,0.2865384615384615,0.2865384615384615
0.011912,1402,448,1112,28,0.9804195804195804,0.9804195804195804,0.7128205128205128,0.019580419580419582,0.28717948717948716,0.28717948717948716
0.011936,1402,449,1111,28,0.9804195804195804,0.9804195804195804,0.7121794871794872,0.019580419580419582,0.2878205128205128,0.2878205128205128
0.011939,1402,450,1110,28,0.9804195804195804,0.9804195804195804,0.7115384615384616,0.019580419580419582,0.28846153846153844,0.28846153846153844
0.01194,1402,451,1109,28,0.9804195804195804,0.9804195804195804,0.7108974358974359,0.019580419580419582,0.28910256410256413,0.28910256410256413
0.012021,1402,452,1108,28,0.9804195804195804,0.9804195804195804,0.7102564102564103,0.019580419580419582,0.28974358974358977,0.28974358974358977
0.012104,1402,453,1107,28,0.9804195804195804,0.9804195804195804,0.7096153846153846,0.019580419580419582,0.2903846153846154,0.2903846153846154
0.012118,1402,454,1106,28,0.9804195804195804,0.9804195804195804,0.708974358974359,0.019580419580419582,0.29102564102564105,0.29102564102564105
0.012148,1402,455,1105,28,0.9804195804195804,0.9804195804195804,0.7083333333333334,0.019580419580419582,0.2916666666666667,0.2916666666666667
0.012167,1402,456,1104,28,0.9804195804195804,0.9804195804195804,0.7076923076923077,0.019580419580419582,0.2923076923076923,0.2923076923076923
0.012204,1401,456,1104,29,0.9797202797202798,0.9797202797202798,0.7076923076923077,0.02027972027972028,0.2923076923076923,0.2923076923076923
0.012231,1401,457,1103,29,0.9797202797202798,0.9797202797202798,0.7070512820512821,0.02027972027972028,0.29294871794871796,0.29294871794871796
0.012255,1401,458,1102,29,0.9797202797202798,0.9797202797202798,0.7064102564102565,0.02027972027972028,0.2935897435897436,0.2935897435897436
0.012274,1400,458,1102,30,0.9790209790209791,0.9790209790209791,0.7064102564102565,0.02097902097902098,0.2935897435897436,0.2935897435897436
0.012287,1400,459,1101,30,0.9790209790209791,0.9790209790209791,0.7057692307692308,0.02097902097902098,0.29423076923076924,0.29423076923076924
0.012288,1399,459,1101,31,0.9783216783216783,0.9783216783216783,0.7057692307692308,0.021678321678321677,0.29423076923076924,0.29423076923076924
0.012353,1399,460,1100,31,0.9783216783216783,0.9783216783216783,0.7051282051282052,0.021678321678321677,0.2948717948717949,0.2948717948717949
0.012387,1399,461,1099,31,0.9783216783216783,0.9783216783216783,0.7044871794871795,0.021678321678321677,0.2955128205128205,0.2955128205128205
0.012414,1399,462,1098,31,0.9783216783216783,0.9783216783216783,0.7038461538461539,0.021678321678321677,0.29615384615384616,0.29615384615384616
0.012419,1399,463,1097,31,0.9783216783216783,0.9783216783216783,0.7032051282051283,0.021678321678321677,0.2967948717948718,0.2967948717948718
0.012436,1399,464,1096,31,0.9783216783216783,0.9783216783216783,0.7025641025641025,0.021678321678321677,0.29743589743589743,0.29743589743589743
0.012442,1399,465,1095,31,0.9783216783216783,0.9783216783216783,0.7019230769230769,0.021678321678321677,0.2980769230769231,0.2980769230769231
0.012446,1398,465,1095,32,0.9776223776223776,0.9776223776223776,0.7019230769230769,0.022377622377622378,0.2980769230769231,0.2980769230769231
0.012453,1398,466,1094,32,0.9776223776223776,0.9776223776223776,0.7012820512820512,0.022377622377622378,0.2987179487179487,0.2987179487179487
0.012541,1398,467,1093,32,0.9776223776223776,0.9776223776223776,0.7006410256410256,0.022377622377622378,0.29935897435897435,0.29935897435897435
0.012547,1398,468,1092,32,0.9776223776223776,0.9776223776223776,0.7,0.022377622377622378,0.3,0.3
0.012615,1397,468,1092,33,0.9769230769230769,0.9769230769230769,0.7,0.023076923076923078,0.3,0.3
0.012706,1397,469,1091,33,0.9769230769230769,0.9769230769230769,0.6993589743589743,0.023076923076923078,0.3006410256410256,0.3006410256410256
0.012813,1396,469,1091,34,0.9762237762237762,0.9762237762237762,0.6993589743589743,0.023776223776223775,0.3006410256410256,0.3006410256410256
0.012929,1396,470,1090,34,0.9762237762237762,0.9762237762237762,0.6987179487179487,0.023776223776223775,0.30128205128205127,0.30128205128205127
0.012936,1396,471,1089,34,0.9762237762237762,0.9762237762237762,0.698076923076923,0.023776223776223775,0.3019230769230769,0.3019230769230769
0.012967,1396,472,1088,34,0.9762237762237762,0.9762237762237762,0.6974358974358974,0.023776223776223775,0.30256410256410254,0.30256410256410254
0.012978,1396,473,1087,34,0.9762237762237762,0.9762237762237762,0.6967948717948718,0.023776223776223775,0.3032051282051282,0.3032051282051282
0.013025,1396,474,1086,34,0.9762237762237762,0.9762237762237762,0.6961538461538461,0.023776223776223775,0.3038461538461538,0.3038461538461538
0.013053,1396,475,1085,34,0.9762237762237762,0.9762237762237762,0.6955128205128205,0.023776223776223775,0.30448717948717946,0.30448717948717946
0.013109,1396,476,1084,34,0.9762237762237762,0.9762237762237762,0.6948717948717948,0.023776223776223775,0.30512820512820515,0.30512820512820515
0.013111,1396,477,1083,34,0.9762237762237762,0.9762237762237762,0.6942307692307692,0.023776223776223775,0.3057692307692308,0.3057692307692308
0.013119,1396,478,1082,34,0.9762237762237762,0.9762237762237762,0.6935897435897436,0.023776223776223775,0.30641025641025643,0.30641025641025643
0.013123,1395,478,1082,35,0.9755244755244755,0.9755244755244755,0.6935897435897436,0.024475524475524476,0.30641025641025643,0.30641025641025643
0.013236,1395,479,1081,35,0.9755244755244755,0.9755244755244755,0.6929487179487179,0.024475524475524476,0.30705128205128207,0.30705128205128207
0.013241,1395,480,1080,35,0.9755244755244755,0.9755244755244755,0.6923076923076923,0.024475524475524476,0.3076923076923077,0.3076923076923077
0.013317,1395,481,1079,35,0.9755244755244755,0.9755244755244755,0.6916666666666667,0.024475524475524476,0.30833333333333335,0.30833333333333335
0.013333,1395,482,1078,35,0.9755244755244755,0.9755244755244755,0.691025641025641,0.024475524475524476,0.308974358974359,0.308974358974359
0.013352,1395,483,1077,35,0.9755244755244755,0.9755244755244755,0.6903846153846154,0.024475524475524476,0.3096153846153846,0.3096153846153846
0.013372,1394,483,1077,36,0.9748251748251748,0.9748251748251748,0.6903846153846154,0.025174825174825177,0.3096153846153846,0.3096153846153846
0.013376,1394,484,1076,36,0.9748251748251748,0.9748251748251748,0.6897435897435897,0.025174825174825177,0.31025641025641026,0.31025641025641026
0.013396,1394,485,1075,36,0.9748251748251748,0.9748251748251748,0.6891025641025641,0.025174825174825177,0.3108974358974359,0.3108974358974359
0.013405,1393,485,1075,37,0.9741258741258741,0.9741258741258741,0.6891025641025641,0.025874125874125874,0.3108974358974359,0.3108974358974359
0.01341,1392,485,1075,38,0.9734265734265735,0.9734265734265735,0.6891025641025641,0.026573426573426574,0.3108974358974359,0.3108974358974359
0.013423,1392,486,1074,38,0.9734265734265735,0.9734265734265735,0.6884615384615385,0.026573426573426574,0.31153846153846154,0.31153846153846154
0.013487,1392,487,1073,38,0.9734265734265735,0.9734265734265735,0.6878205128205128,0.026573426573426574,0.3121794871794872,0.3121794871794872
0.013521,1391,488,1072,39,0.9727272727272728,0.9727272727272728,0.6871794871794872,0.02727272727272727,0.3128205128205128,0.3128205128205128
0.013552,1391,489,1071,39,0.9727272727272728,0.9727272727272728,0.6865384615384615,0.02727272727272727,0.31346153846153846,0.31346153846153846
0.013553,1391,490,1070,39,0.9727272727272728,0.9727272727272728,0.6858974358974359,0.02727272727272727,0.3141025641025641,0.3141025641025641
0.013631,1391,491,1069,39,0.9727272727272728,0.9727272727272728,0.6852564102564103,0.02727272727272727,0.31474358974358974,0.31474358974358974
0.013793,1390,491,1069,40,0.972027972027972,0.972027972027972,0.6852564102564103,0.027972027972027972,0.31474358974358974,0.31474358974358974
0.013846,1390,492,1068,40,0.972027972027972,0.972027972027972,0.6846153846153846,0.027972027972027972,0.3153846153846154,0.3153846153846154
0.01391,1389,492,1068,41,0.9713286713286713,0.9713286713286713,0.6846153846153846,0.028671328671328673,0.3153846153846154,0.3153846153846154
0.013996,1389,493,1067,41,0.9713286713286713,0.9713286713286713,0.683974358974359,0.028671328671328673,0.316025641025641,0.316025641025641
0.014019,1389,494,1066,41,0.9713286713286713,0.9713286713286713,0.6833333333333333,0.028671328671328673,0.31666666666666665,0.31666666666666665
0.014021,1389,495,1065,41,0.9713286713286713,0.9713286713286713,0.6826923076923077,0.028671328671328673,0.3173076923076923,0.3173076923076923
0.014058,1389,496,1064,41,0.9713286713286713,0.9713286713286713,0.6820512820512821,0.028671328671328673,0.31794871794871793,0.31794871794871793
0.014113,1389,497,1063,41,0.9713286713286713,0.9713286713286713,0.6814102564102564,0.028671328671328673,0.31858974358974357,0.31858974358974357
0.014126,1389,498,1062,41,0.9713286713286713,0.9713286713286713,0.6807692307692308,0.028671328671328673,0.3192307692307692,0.3192307692307692
0.01418,1389,499,1061,41,0.9713286713286713,0.9713286713286713,0.6801282051282052,0.028671328671328673,0.31987179487179485,0.31987179487179485
0.014198,1389,500,1060,41,0.9713286713286713,0.9713286713286713,0.6794871794871795,0.028671328671328673,0.32051282051282054,0.32051282051282054
0.014205,1389,501,1059,41,0.9713286713286713,0.9713286713286713,0.6788461538461539,0.028671328671328673,0.3211538461538462,0.3211538461538462
0.01421,1389,502,1058,41,0.9713286713286713,0.9713286713286713,0.6782051282051282,0.028671328671328673,0.3217948717948718,0.3217948717948718
0.014253,1389,503,1057,41,0.9713286713286713,0.9713286713286713,0.6775641025641026,0.028671328671328673,0.32243589743589746,0.32243589743589746
0.014294,1389,504,1056,41,0.9713286713286713,0.9713286713286713,0.676923076923077,0.028671328671328673,0.3230769230769231,0.3230769230769231
0.014332,1389,505,1055,41,0.9713286713286713,0.9713286713286713,0.6762820512820513,0.028671328671328673,0.32371794871794873,0.32371794871794873
0.014407,1389,506,1054,41,0.9713286713286713,0.9713286713286713,0.6756410256410257,0.028671328671328673,0.3243589743589744,0.3243589743589744
0.014444,1389,507,1053,41,0.9713286713286713,0.9713286713286713,0.675,0.028671328671328673,0.325,0.325
0.014447,1389,508,1052,41,0.9713286713286713,0.9713286713286713,0.6743589743589744,0.028671328671328673,0.32564102564102565,0.32564102564102565
0.014483,1389,509,1051,41,0.9713286713286713,0.9713286713286713,0.6737179487179488,0.028671328671328673,0.3262820512820513,0.3262820512820513
0.01451,1389,510,1050,41,0.9713286713286713,0.9713286713286713,0.6730769230769231,0.028671328671328673,0.3269230769230769,0.3269230769230769
0.014714,1389,511,1049,41,0.9713286713286713,0.9713286713286713,0.6724358974358975,0.028671328671328673,0.32756410256410257,0.32756410256410257
0.014735,1389,512,1048,41,0.9713286713286713,0.9713286713286713,0.6717948717948717,0.028671328671328673,0.3282051282051282,0.3282051282051282
0.014738,1389,513,1047,41,0.9713286713286713,0.9713286713286713,0.6711538461538461,0.028671328671328673,0.32884615384615384,0.32884615384615384
0.014741,1389,514,1046,41,0.9713286713286713,0.9713286713286713,0.6705128205128205,0.028671328671328673,0.3294871794871795,0.3294871794871795
0.014764,1389,515,1045,41,0.9713286713286713,0.9713286713286713,0.6698717948717948,0.028671328671328673,0.3301282051282051,0.3301282051282051
0.014841,1389,516,1044,41,0.9713286713286713,0.9713286713286713,0.6692307692307692,0.028671328671328673,0.33076923076923076,0.33076923076923076
0.014854,1389,517,1043,41,0.9713286713286713,0.9713286713286713,0.6685897435897435,0.028671328671328673,0.3314102564102564,0.3314102564102564
0.014879,1389,518,1042,41,0.9713286713286713,0.9713286713286713,0.6679487179487179,0.028671328671328673,0.33205128205128204,0.33205128205128204
0.014905,1388,518,1042,42,0.9706293706293706,0.9706293706293706,0.6679487179487179,0.02937062937062937,0.33205128205128204,0.33205128205128204
0.015072,1388,519,1041,42,0.9706293706293706,0.9706293706293706,0.6673076923076923,0.02937062937062937,0.3326923076923077,0.3326923076923077
0.015164,1388,520,1040,42,0.9706293706293706,0.9706293706293706,0.6666666666666666,0.02937062937062937,0.3333333333333333,0.3333333333333333
0.015183,1388,521,1039,42,0.9706293706293706,0.9706293706293706,0.666025641025641,0.02937062937062937,0.33397435897435895,0.33397435897435895
0.015186,1387,521,1039,43,0.9699300699300699,0.9699300699300699,0.666025641025641,0.03006993006993007,0.33397435897435895,0.33397435897435895
0.015205,1387,522,1038,43,0.9699300699300699,0.9699300699300699,0.6653846153846154,0.03006993006993007,0.3346153846153846,0.3346153846153846
0.015242,1387,523,1037,43,0.9699300699300699,0.9699300699300699,0.6647435897435897,0.03006993006993007,0.33525641025641023,0.33525641025641023
0.015267,1387,524,1036,43,0.9699300699300699,0.9699300699300699,0.6641025641025641,0.03006993006993007,0.33589743589743587,0.33589743589743587
0.015272,1387,525,1035,43,0.9699300699300699,0.9699300699300699,0.6634615384615384,0.03006993006993007,0.33653846153846156,0.33653846153846156
0.015291,1387,526,1034,43,0.9699300699300699,0.9699300699300699,0.6628205128205128,0.03006993006993007,0.3371794871794872,0.3371794871794872
0.015297,1387,527,1033,43,0.9699300699300699,0.9699300699300699,0.6621794871794872,0.03006993006993007,0.33782051282051284,0.33782051282051284
0.015303,1387,528,1032,43,0.9699300699300699,0.9699300699300699,0.6615384615384615,0.03006993006993007,0.3384615384615385,0.3384615384615385
0.015333,1387,529,1031,43,0.9699300699300699,0.9699300699300699,0.6608974358974359,0.03006993006993007,0.3391025641025641,0.3391025641025641
0.015367,1386,529,1031,44,0.9692307692307692,0.9692307692307692,0.6608974358974359,0.03076923076923077,0.3391025641025641,0.3391025641025641
0.015403,1386,530,1030,44,0.9692307692307692,0.9692307692307692,0.6602564102564102,0.03076923076923077,0.33974358974358976,0.33974358974358976
0.015411,1386,531,1029,44,0.9692307692307692,0.9692307692307692,0.6596153846153846,0.03076923076923077,0.3403846153846154,0.3403846153846154
0.015454,1386,532,1028,44,0.9692307692307692,0.9692307692307692,0.658974358974359,0.03076923076923077,0.34102564102564104,0.34102564102564104
0.015475,1386,533,1027,44,0.9692307692307692,0.9692307692307692,0.6583333333333333,0.03076923076923077,0.3416666666666667,0.3416666666666667
0.01548,1386,534,1026,44,0.9692307692307692,0.9692307692307692,0.6576923076923077,0.03076923076923077,0.3423076923076923,0.3423076923076923
0.015498,1385,534,1026,45,0.9685314685314685,0.9685314685314685,0.6576923076923077,0.03146853146853147,0.3423076923076923,0.3423076923076923
0.015499,1385,535,1025,45,0.9685314685314685,0.9685314685314685,0.657051282051282,0.03146853146853147,0.34294871794871795,0.34294871794871795
0.015513,1385,536,1024,45,0.9685314685314685,0.9685314685314685,0.6564102564102564,0.03146853146853147,0.3435897435897436,0.3435897435897436
0.015536,1385,537,1023,45,0.9685314685314685,0.9685314685314685,0.6557692307692308,0.03146853146853147,0.34423076923076923,0.34423076923076923
0.015616,1385,538,1022,45,0.9685314685314685,0.9685314685314685,0.6551282051282051,0.03146853146853147,0.34487179487179487,0.34487179487179487
0.015635,1385,539,1021,45,0.9685314685314685,0.9685314685314685,0.6544871794871795,0.03146853146853147,0.3455128205128205,0.3455128205128205
0.015651,1385,540,1020,45,0.9685314685314685,0.9685314685314685,0.6538461538461539,0.03146853146853147,0.34615384615384615,0.34615384615384615
0.015679,1385,541,1019,45,0.9685314685314685,0.9685314685314685,0.6532051282051282,0.03146853146853147,0.3467948717948718,0.3467948717948718
0.015707,1385,542,1018,45,0.9685314685314685,0.9685314685314685,0.6525641025641026,0.03146853146853147,0.3474358974358974,0.3474358974358974
0.015727,1385,543,1017,45,0.9685314685314685,0.9685314685314685,0.6519230769230769,0.03146853146853147,0.34807692307692306,0.34807692307692306
0.015823,1384,543,1017,46,0.9678321678321679,0.9678321678321679,0.6519230769230769,0.032167832167832165,0.34807692307692306,0.34807692307692306
0.015873,1383,543,1017,47,0.9671328671328672,0.9671328671328672,0.6519230769230769,0.032867132867132866,0.34807692307692306,0.34807692307692306
0.01599,1383,544,1016,47,0.9671328671328672,0.9671328671328672,0.6512820512820513,0.032867132867132866,0.3487179487179487,0.3487179487179487
0.015994,1383,545,1015,47,0.9671328671328672,0.9671328671328672,0.6506410256410257,0.032867132867132866,0.34935897435897434,0.34935897435897434
0.016024,1383,546,1014,47,0.9671328671328672,0.9671328671328672,0.65,0.032867132867132866,0.35,0.35
0.016083,1383,547,1013,47,0.9671328671328672,0.9671328671328672,0.6493589743589744,0.032867132867132866,0.3506410256410256,0.3506410256410256
0.016095,1383,548,1012,47,0.9671328671328672,0.9671328671328672,0.6487179487179487,0.032867132867132866,0.35128205128205126,0.35128205128205126
0.016118,1383,549,1011,47,0.9671328671328672,0.9671328671328672,0.6480769230769231,0.032867132867132866,0.35192307692307695,0.35192307692307695
0.016129,1382,549,1011,48,0.9664335664335665,0.9664335664335665,0.6480769230769231,0.033566433566433566,0.35192307692307695,0.35192307692307695
0.016183,1382,550,1010,48,0.9664335664335665,0.9664335664335665,0.6474358974358975,0.033566433566433566,0.3525641025641026,0.3525641025641026
0.016222,1381,550,1010,49,0.9657342657342657,0.9657342657342657,0.6474358974358975,0.03426573426573427,0.3525641025641026,0.3525641025641026
0.01625,1381,551,1009,49,0.9657342657342657,0.9657342657342657,0.6467948717948718,0.03426573426573427,0.3532051282051282,0.3532051282051282
0.01626,1380,551,1009,50,0.965034965034965,0.965034965034965,0.6467948717948718,0.03496503496503497,0.3532051282051282,0.3532051282051282
0.016275,1380,552,1008,50,0.965034965034965,0.965034965034965,0.6461538461538462,0.03496503496503497,0.35384615384615387,0.35384615384615387
0.016297,1380,553,1007,50,0.965034965034965,0.965034965034965,0.6455128205128206,0.03496503496503497,0.3544871794871795,0.3544871794871795
0.016319,1380,554,1006,50,0.965034965034965,0.965034965034965,0.6448717948717949,0.03496503496503497,0.35512820512820514,0.35512820512820514
0.016342,1380,555,1005,50,0.965034965034965,0.965034965034965,0.6442307692307693,0.03496503496503497,0.3557692307692308,0.3557692307692308
0.016393,1380,556,1004,50,0.965034965034965,0.965034965034965,0.6435897435897436,0.03496503496503497,0.3564102564102564,0.3564102564102564
0.016403,1380,557,1003,50,0.965034965034965,0.965034965034965,0.642948717948718,0.03496503496503497,0.35705128205128206,0.35705128205128206
0.016451,1380,559,1001,50,0.965034965034965,0.965034965034965,0.6416666666666667,0.03496503496503497,0.35833333333333334,0.35833333333333334
0.016456,1380,560,1000,50,0.965034965034965,0.965034965034965,0.6410256410256411,0.03496503496503497,0.358974358974359,0.358974358974359
0.01659,1379,560,1000,51,0.9643356643356643,0.9643356643356643,0.6410256410256411,0.03566433566433566,0.358974358974359,0.358974358974359
0.016667,1379,561,999,51,0.9643356643356643,0.9643356643356643,0.6403846153846153,0.03566433566433566,0.3596153846153846,0.3596153846153846
0.016773,1379,562,998,51,0.9643356643356643,0.9643356643356643,0.6397435897435897,0.03566433566433566,0.36025641025641025,0.36025641025641025
0.016821,1379,563,997,51,0.9643356643356643,0.9643356643356643,0.639102564102564,0.03566433566433566,0.3608974358974359,0.3608974358974359
0.016833,1379,564,996,51,0.9643356643356643,0.9643356643356643,0.6384615384615384,0.03566433566433566,0.36153846153846153,0.36153846153846153
0.016841,1378,564,996,52,0.9636363636363636,0.9636363636363636,0.6384615384615384,0.03636363636363636,0.36153846153846153,0.36153846153846153
0.016882,1378,565,995,52,0.9636363636363636,0.9636363636363636,0.6378205128205128,0.03636363636363636,0.36217948717948717,0.36217948717948717
0.016884,1378,566,994,52,0.9636363636363636,0.9636363636363636,0.6371794871794871,0.03636363636363636,0.3628205128205128,0.3628205128205128
0.016886,1377,566,994,53,0.9629370629370629,0.9629370629370629,0.6371794871794871,0.03706293706293706,0.3628205128205128,0.3628205128205128
0.01689,1375,566,994,55,0.9615384615384616,0.9615384615384616,0.6371794871794871,0.038461538461538464,0.3628205128205128,0.3628205128205128
0.01691,1375,567,993,55,0.9615384615384616,0.9615384615384616,0.6365384615384615,0.038461538461538464,0.36346153846153845,0.36346153846153845
0.01694,1375,568,992,55,0.9615384615384616,0.9615384615384616,0.6358974358974359,0.038461538461538464,0.3641025641025641,0.3641025641025641
0.01696,1375,569,991,55,0.9615384615384616,0.9615384615384616,0.6352564102564102,0.038461538461538464,0.3647435897435897,0.3647435897435897
0.01698,1375,570,990,55,0.9615384615384616,0.9615384615384616,0.6346153846153846,0.038461538461538464,0.36538461538461536,0.36538461538461536
0.016989,1375,571,989,55,0.9615384615384616,0.9615384615384616,0.6339743589743589,0.038461538461538464,0.366025641025641,0.366025641025641
0.017079,1375,572,988,55,0.9615384615384616,0.9615384615384616,0.6333333333333333,0.038461538461538464,0.36666666666666664,0.36666666666666664
0.017088,1375,573,987,55,0.9615384615384616,0.9615384615384616,0.6326923076923077,0.038461538461538464,0.36730769230769234,0.36730769230769234
0.017231,1375,574,986,55,0.9615384615384616,0.9615384615384616,0.632051282051282,0.038461538461538464,0.367948717948718,0.367948717948718
0.017311,1375,575,985,55,0.9615384615384616,0.9615384615384616,0.6314102564102564,0.038461538461538464,0.3685897435897436,0.3685897435897436
0.017318,1375,576,984,55,0.9615384615384616,0.9615384615384616,0.6307692307692307,0.038461538461538464,0.36923076923076925,0.36923076923076925
0.017332,1375,577,983,55,0.9615384615384616,0.9615384615384616,0.6301282051282051,0.038461538461538464,0.3698717948717949,0.3698717948717949
0.017351,1374,577,983,56,0.9608391608391609,0.9608391608391609,0.6301282051282051,0.039160839160839164,0.3698717948717949,0.3698717948717949
0.017381,1374,578,982,56,0.9608391608391609,0.9608391608391609,0.6294871794871795,0.039160839160839164,0.37051282051282053,0.37051282051282053
0.017397,1374,579,981,56,0.9608391608391609,0.9608391608391609,0.6288461538461538,0.039160839160839164,0.37115384615384617,0.37115384615384617
0.017403,1374,580,980,56,0.9608391608391609,0.9608391608391609,0.6282051282051282,0.039160839160839164,0.3717948717948718,0.3717948717948718
0.017415,1373,580,980,57,0.9601398601398602,0.9601398601398602,0.6282051282051282,0.03986013986013986,0.3717948717948718,0.3717948717948718
0.017438,1373,581,979,57,0.9601398601398602,0.9601398601398602,0.6275641025641026,0.03986013986013986,0.37243589743589745,0.37243589743589745
0.017461,1373,582,978,57,0.9601398601398602,0.9601398601398602,0.6269230769230769,0.03986013986013986,0.3730769230769231,0.3730769230769231
0.01748,1373,583,977,57,0.9601398601398602,0.9601398601398602,0.6262820512820513,0.03986013986013986,0.3737179487179487,0.3737179487179487
0.01761,1373,584,976,57,0.9601398601398602,0.9601398601398602,0.6256410256410256,0.03986013986013986,0.37435897435897436,0.37435897435897436
0.017715,1373,585,975,57,0.9601398601398602,0.9601398601398602,0.625,0.03986013986013986,0.375,0.375
0.017772,1373,586,974,57,0.9601398601398602,0.9601398601398602,0.6243589743589744,0.03986013986013986,0.37564102564102564,0.37564102564102564
0.017837,1373,587,973,57,0.9601398601398602,0.9601398601398602,0.6237179487179487,0.03986013986013986,0.3762820512820513,0.3762820512820513
0.017919,1373,588,972,57,0.9601398601398602,0.9601398601398602,0.6230769230769231,0.03986013986013986,0.3769230769230769,0.3769230769230769
0.017943,1373,589,971,57,0.9601398601398602,0.9601398601398602,0.6224358974358974,0.03986013986013986,0.37756410256410255,0.37756410256410255
0.017976,1373,590,970,57,0.9601398601398602,0.9601398601398602,0.6217948717948718,0.03986013986013986,0.3782051282051282,0.3782051282051282
0.017988,1372,590,970,58,0.9594405594405594,0.9594405594405594,0.6217948717948718,0.04055944055944056,0.3782051282051282,0.3782051282051282
0.018006,1372,591,969,58,0.9594405594405594,0.9594405594405594,0.6211538461538462,0.04055944055944056,0.37884615384615383,0.37884615384615383
0.01803,1371,591,969,59,0.9587412587412587,0.9587412587412587,0.6211538461538462,0.04125874125874126,0.37884615384615383,0.37884615384615383
0.018032,1371,592,968,59,0.9587412587412587,0.9587412587412587,0.6205128205128205,0.04125874125874126,0.37948717948717947,0.37948717948717947
0.018044,1371,593,967,59,0.9587412587412587,0.9587412587412587,0.6198717948717949,0.04125874125874126,0.3801282051282051,0.3801282051282051
0.018069,1371,594,966,59,0.9587412587412587,0.9587412587412587,0.6192307692307693,0.04125874125874126,0.38076923076923075,0.38076923076923075
0.018076,1371,595,965,59,0.9587412587412587,0.9587412587412587,0.6185897435897436,0.04125874125874126,0.3814102564102564,0.3814102564102564
0.018084,1370,595,965,60,0.958041958041958,0.958041958041958,0.6185897435897436,0.04195804195804196,0.3814102564102564,0.3814102564102564
0.0181,1370,596,964,60,0.958041958041958,0.958041958041958,0.617948717948718,0.04195804195804196,0.382051282051282,0.382051282051282
0.018125,1370,597,963,60,0.958041958041958,0.958041958041958,0.6173076923076923,0.04195804195804196,0.38269230769230766,0.38269230769230766
0.018131,1370,598,962,60,0.958041958041958,0.958041958041958,0.6166666666666667,0.04195804195804196,0.38333333333333336,0.38333333333333336
0.018141,1370,599,961,60,0.958041958041958,0.958041958041958,0.6160256410256411,0.04195804195804196,0.383974358974359,0.383974358974359
0.018148,1370,600,960,60,0.958041958041958,0.958041958041958,0.6153846153846154,0.04195804195804196,0.38461538461538464,0.38461538461538464
0.018158,1369,600,960,61,0.9573426573426573,0.9573426573426573,0.6153846153846154,0.04265734265734266,0.38461538461538464,0.38461538461538464
0.018161,1369,601,959,61,0.9573426573426573,0.9573426573426573,0.6147435897435898,0.04265734265734266,0.3852564102564103,0.3852564102564103
0.018193,1369,602,958,61,0.9573426573426573,0.9573426573426573,0.6141025641025641,0.04265734265734266,0.3858974358974359,0.3858974358974359
0.018296,1369,603,957,61,0.9573426573426573,0.9573426573426573,0.6134615384615385,0.04265734265734266,0.38653846153846155,0.38653846153846155
0.018313,1369,605,955,61,0.9573426573426573,0.9573426573426573,0.6121794871794872,0.04265734265734266,0.38782051282051283,0.38782051282051283
0.018327,1369,606,954,61,0.9573426573426573,0.9573426573426573,0.6115384615384616,0.04265734265734266,0.38846153846153847,0.38846153846153847
0.018354,1369,607,953,61,0.9573426573426573,0.9573426573426573,0.610897435897436,0.04265734265734266,0.3891025641025641,0.3891025641025641
0.018397,1369,608,952,61,0.9573426573426573,0.9573426573426573,0.6102564102564103,0.04265734265734266,0.38974358974358975,0.38974358974358975
0.018433,1369,609,951,61,0.9573426573426573,0.9573426573426573,0.6096153846153847,0.04265734265734266,0.3903846153846154,0.3903846153846154
0.018483,1368,609,951,62,0.9566433566433566,0.9566433566433566,0.6096153846153847,0.043356643356643354,0.3903846153846154,0.3903846153846154
0.018508,1368,610,950,62,0.9566433566433566,0.9566433566433566,0.6089743589743589,0.043356643356643354,0.391025641025641,0.391025641025641
0.018532,1368,611,949,62,0.9566433566433566,0.9566433566433566,0.6083333333333333,0.043356643356643354,0.39166666666666666,0.39166666666666666
0.018571,1368,612,948,62,0.9566433566433566,0.9566433566433566,0.6076923076923076,0.043356643356643354,0.3923076923076923,0.3923076923076923
0.01863,1368,613,947,62,0.9566433566433566,0.9566433566433566,0.607051282051282,0.043356643356643354,0.39294871794871794,0.39294871794871794
0.018638,1368,614,946,62,0.9566433566433566,0.9566433566433566,0.6064102564102564,0.043356643356643354,0.3935897435897436,0.3935897435897436
0.018643,1368,615,945,62,0.9566433566433566,0.9566433566433566,0.6057692307692307,0.043356643356643354,0.3942307692307692,0.3942307692307692
0.018681,1368,616,944,62,0.9566433566433566,0.9566433566433566,0.6051282051282051,0.043356643356643354,0.39487179487179486,0.39487179487179486
0.018686,1368,617,943,62,0.9566433566433566,0.9566433566433566,0.6044871794871794,0.043356643356643354,0.3955128205128205,0.3955128205128205
0.018729,1368,618,942,62,0.9566433566433566,0.9566433566433566,0.6038461538461538,0.043356643356643354,0.39615384615384613,0.39615384615384613
0.018801,1368,619,941,62,0.9566433566433566,0.9566433566433566,0.6032051282051282,0.043356643356643354,0.3967948717948718,0.3967948717948718
0.018825,1368,620,940,62,0.9566433566433566,0.9566433566433566,0.6025641025641025,0.043356643356643354,0.3974358974358974,0.3974358974358974
0.018911,1367,620,940,63,0.955944055944056,0.955944055944056,0.6025641025641025,0.044055944055944055,0.3974358974358974,0.3974358974358974
0.01903,1367,621,939,63,0.955944055944056,0.955944055944056,0.6019230769230769,0.044055944055944055,0.39807692307692305,0.39807692307692305
0.019042,1366,621,939,64,0.9552447552447553,0.9552447552447553,0.6019230769230769,0.044755244755244755,0.39807692307692305,0.39807692307692305
0.019053,1366,622,938,64,0.9552447552447553,0.9552447552447553,0.6012820512820513,0.044755244755244755,0.39871794871794874,0.39871794871794874
0.019112,1366,623,937,64,0.9552447552447553,0.9552447552447553,0.6006410256410256,0.044755244755244755,0.3993589743589744,0.3993589743589744
0.019153,1366,624,936,64,0.9552447552447553,0.9552447552447553,0.6,0.044755244755244755,0.4,0.4
0.019169,1366,625,935,64,0.9552447552447553,0.9552447552447553,0.5993589743589743,0.044755244755244755,0.40064102564102566,0.40064102564102566
0.019197,1366,626,934,64,0.9552447552447553,0.9552447552447553,0.5987179487179487,0.044755244755244755,0.4012820512820513,0.4012820512820513
0.019231,1366,627,933,64,0.9552447552447553,0.9552447552447553,0.5980769230769231,0.044755244755244755,0.40192307692307694,0.40192307692307694
0.019258,1366,628,932,64,0.9552447552447553,0.9552447552447553,0.5974358974358974,0.044755244755244755,0.4025641025641026,0.4025641025641026
0.019287,1366,629,931,64,0.9552447552447553,0.9552447552447553,0.5967948717948718,0.044755244755244755,0.4032051282051282,0.4032051282051282
0.019293,1366,630,930,64,0.9552447552447553,0.9552447552447553,0.5961538461538461,0.044755244755244755,0.40384615384615385,0.40384615384615385
0.01932,1366,631,929,64,0.9552447552447553,0.9552447552447553,0.5955128205128205,0.044755244755244755,0.4044871794871795,0.4044871794871795
0.019332,1366,632,928,64,0.9552447552447553,0.9552447552447553,0.5948717948717949,0.044755244755244755,0.40512820512820513,0.40512820512820513
0.019355,1366,633,927,64,0.9552447552447553,0.9552447552447553,0.5942307692307692,0.044755244755244755,0.40576923076923077,0.40576923076923077
0.01938,1366,634,926,64,0.9552447552447553,0.9552447552447553,0.5935897435897436,0.044755244755244755,0.4064102564102564,0.4064102564102564
0.019406,1365,634,926,65,0.9545454545454546,0.9545454545454546,0.5935897435897436,0.045454545454545456,0.4064102564102564,0.4064102564102564
0.019424,1364,634,926,66,0.9538461538461539,0.9538461538461539,0.5935897435897436,0.046153846153846156,0.4064102564102564,0.4064102564102564
0.019453,1364,635,925,66,0.9538461538461539,0.9538461538461539,0.592948717948718,0.046153846153846156,0.40705128205128205,0.40705128205128205
0.019465,1364,636,924,66,0.9538461538461539,0.9538461538461539,0.5923076923076923,0.046153846153846156,0.4076923076923077,0.4076923076923077
0.019492,1364,637,923,66,0.9538461538461539,0.9538461538461539,0.5916666666666667,0.046153846153846156,0.4083333333333333,0.4083333333333333
0.019529,1364,638,922,66,0.9538461538461539,0.9538461538461539,0.591025641025641,0.046153846153846156,0.40897435897435896,0.40897435897435896
0.019548,1363,638,922,67,0.9531468531468531,0.9531468531468531,0.591025641025641,0.04685314685314685,0.40897435897435896,0.40897435897435896
0.019553,1363,639,921,67,0.9531468531468531,0.9531468531468531,0.5903846153846154,0.04685314685314685,0.4096153846153846,0.4096153846153846
0.01958,1363,640,920,67,0.9531468531468531,0.9531468531468531,0.5897435897435898,0.04685314685314685,0.41025641025641024,0.41025641025641024
0.019608,1363,641,919,67,0.9531468531468531,0.9531468531468531,0.5891025641025641,0.04685314685314685,0.4108974358974359,0.4108974358974359
0.019634,1362,641,919,68,0.9524475524475524,0.9524475524475524,0.5891025641025641,0.04755244755244755,0.4108974358974359,0.4108974358974359
0.019665,1362,642,918,68,0.9524475524475524,0.9524475524475524,0.5884615384615385,0.04755244755244755,0.4115384615384615,0.4115384615384615
0.01972,1362,643,917,68,0.9524475524475524,0.9524475524475524,0.5878205128205128,0.04755244755244755,0.41217948717948716,0.41217948717948716
0.019722,1362,644,916,68,0.9524475524475524,0.9524475524475524,0.5871794871794872,0.04755244755244755,0.4128205128205128,0.4128205128205128
0.019737,1362,645,915,68,0.9524475524475524,0.9524475524475524,0.5865384615384616,0.04755244755244755,0.41346153846153844,0.41346153846153844
0.019752,1361,645,915,69,0.9517482517482517,0.9517482517482517,0.5865384615384616,0.04825174825174825,0.41346153846153844,0.41346153846153844
0.019767,1360,645,915,70,0.951048951048951,0.951048951048951,0.5865384615384616,0.04895104895104895,0.41346153846153844,0.41346153846153844
0.019783,1360,646,914,70,0.951048951048951,0.951048951048951,0.5858974358974359,0.04895104895104895,0.41410256410256413,0.41410256410256413
0.019788,1360,647,913,70,0.951048951048951,0.951048951048951,0.5852564102564103,0.04895104895104895,0.41474358974358977,0.41474358974358977
0.019828,1360,648,912,70,0.951048951048951,0.951048951048951,0.5846153846153846,0.04895104895104895,0.4153846153846154,0.4153846153846154
0.01983,1360,649,911,70,0.951048951048951,0.951048951048951,0.583974358974359,0.04895104895104895,0.41602564102564105,0.41602564102564105
0.019846,1360,650,910,70,0.951048951048951,0.951048951048951,0.5833333333333334,0.04895104895104895,0.4166666666666667,0.4166666666666667
0.019863,1360,651,909,70,0.951048951048951,0.951048951048951,0.5826923076923077,0.04895104895104895,0.4173076923076923,0.4173076923076923
0.019898,1360,652,908,70,0.951048951048951,0.951048951048951,0.5820512820512821,0.04895104895104895,0.41794871794871796,0.41794871794871796
0.019918,1360,653,907,70,0.951048951048951,0.951048951048951,0.5814102564102565,0.04895104895104895,0.4185897435897436,0.4185897435897436
0.019925,1360,654,906,70,0.951048951048951,0.951048951048951,0.5807692307692308,0.04895104895104895,0.41923076923076924,0.41923076923076924
0.019945,1360,655,905,70,0.951048951048951,0.951048951048951,0.5801282051282052,0.04895104895104895,0.4198717948717949,0.4198717948717949
0.019974,1360,656,904,70,0.951048951048951,0.951048951048951,0.5794871794871795,0.04895104895104895,0.4205128205128205,0.4205128205128205
0.019987,1360,657,903,70,0.951048951048951,0.951048951048951,0.5788461538461539,0.04895104895104895,0.42115384615384616,0.42115384615384616
0.019988,1360,658,902,70,0.951048951048951,0.951048951048951,0.5782051282051283,0.04895104895104895,0.4217948717948718,0.4217948717948718
0.020041,1360,659,901,70,0.951048951048951,0.951048951048951,0.5775641025641025,0.04895104895104895,0.42243589743589743,0.42243589743589743
0.020059,1360,660,900,70,0.951048951048951,0.951048951048951,0.5769230769230769,0.04895104895104895,0.4230769230769231,0.4230769230769231
0.020153,1360,661,899,70,0.951048951048951,0.951048951048951,0.5762820512820512,0.04895104895104895,0.4237179487179487,0.4237179487179487
0.020161,1360,662,898,70,0.951048951048951,0.951048951048951,0.5756410256410256,0.04895104895104895,0.42435897435897435,0.42435897435897435
0.020178,1359,662,898,71,0.9503496503496504,0.9503496503496504,0.5756410256410256,0.04965034965034965,0.42435897435897435,0.42435897435897435
0.020179,1359,663,897,71,0.9503496503496504,0.9503496503496504,0.575,0.04965034965034965,0.425,0.425
0.020283,1359,664,896,71,0.9503496503496504,0.9503496503496504,0.5743589743589743,0.04965034965034965,0.4256410256410256,0.4256410256410256
0.020284,1359,665,895,71,0.9503496503496504,0.9503496503496504,0.5737179487179487,0.04965034965034965,0.42628205128205127,0.42628205128205127
0.020288,1358,665,895,72,0.9496503496503497,0.9496503496503497,0.5737179487179487,0.05034965034965035,0.42628205128205127,0.42628205128205127
0.02029,1358,666,894,72,0.9496503496503497,0.9496503496503497,0.573076923076923,0.05034965034965035,0.4269230769230769,0.4269230769230769
0.020293,1358,667,893,72,0.9496503496503497,0.9496503496503497,0.5724358974358974,0.05034965034965035,0.42756410256410254,0.42756410256410254
0.020361,1358,668,892,72,0.9496503496503497,0.9496503496503497,0.5717948717948718,0.05034965034965035,0.4282051282051282,0.4282051282051282
0.020371,1358,669,891,72,0.9496503496503497,0.9496503496503497,0.5711538461538461,0.05034965034965035,0.4288461538461538,0.4288461538461538
0.020373,1358,670,890,72,0.9496503496503497,0.9496503496503497,0.5705128205128205,0.05034965034965035,0.42948717948717946,0.42948717948717946
0.020384,1358,671,889,72,0.9496503496503497,0.9496503496503497,0.5698717948717948,0.05034965034965035,0.43012820512820515,0.43012820512820515
0.020468,1358,672,888,72,0.9496503496503497,0.9496503496503497,0.5692307692307692,0.05034965034965035,0.4307692307692308,0.4307692307692308
0.020606,1358,673,887,72,0.9496503496503497,0.9496503496503497,0.5685897435897436,0.05034965034965035,0.43141025641025643,0.43141025641025643
0.020744,1358,674,886,72,0.9496503496503497,0.9496503496503497,0.5679487179487179,0.05034965034965035,0.43205128205128207,0.43205128205128207
0.020766,1357,675,885,73,0.948951048951049,0.948951048951049,0.5673076923076923,0.05104895104895105,0.4326923076923077,0.4326923076923077
0.020779,1357,676,884,73,0.948951048951049,0.948951048951049,0.5666666666666667,0.05104895104895105,0.43333333333333335,0.43333333333333335
0.020797,1357,677,883,73,0.948951048951049,0.948951048951049,0.566025641025641,0.05104895104895105,0.433974358974359,0.433974358974359
0.020858,1357,678,882,73,0.948951048951049,0.948951048951049,0.5653846153846154,0.05104895104895105,0.4346153846153846,0.4346153846153846
0.020874,1356,678,882,74,0.9482517482517483,0.9482517482517483,0.5653846153846154,0.05174825174825175,0.4346153846153846,0.4346153846153846
0.020882,1356,679,881,74,0.9482517482517483,0.9482517482517483,0.5647435897435897,0.05174825174825175,0.43525641025641026,0.43525641025641026
0.020939,1356,680,880,74,0.9482517482517483,0.9482517482517483,0.5641025641025641,0.05174825174825175,0.4358974358974359,0.4358974358974359
0.02095,1356,681,879,74,0.9482517482517483,0.9482517482517483,0.5634615384615385,0.05174825174825175,0.43653846153846154,0.43653846153846154
0.021045,1356,682,878,74,0.9482517482517483,0.9482517482517483,0.5628205128205128,0.05174825174825175,0.4371794871794872,0.4371794871794872
0.021047,1356,683,877,74,0.9482517482517483,0.9482517482517483,0.5621794871794872,0.05174825174825175,0.4378205128205128,0.4378205128205128
0.021072,1356,684,876,74,0.9482517482517483,0.9482517482517483,0.5615384615384615,0.05174825174825175,0.43846153846153846,0.43846153846153846
0.021119,1356,685,875,74,0.9482517482517483,0.9482517482517483,0.5608974358974359,0.05174825174825175,0.4391025641025641,0.4391025641025641
0.021191,1356,686,874,74,0.9482517482517483,0.9482517482517483,0.5602564102564103,0.05174825174825175,0.43974358974358974,0.43974358974358974
0.021214,1355,686,874,75,0.9475524475524476,0.9475524475524476,0.5602564102564103,0.05244755244755245,0.43974358974358974,0.43974358974358974
0.021239,1355,687,873,75,0.9475524475524476,0.9475524475524476,0.5596153846153846,0.05244755244755245,0.4403846153846154,0.4403846153846154
0.021289,1355,688,872,75,0.9475524475524476,0.9475524475524476,0.558974358974359,0.05244755244755245,0.441025641025641,0.441025641025641
0.021327,1355,689,871,75,0.9475524475524476,0.9475524475524476,0.5583333333333333,0.05244755244755245,0.44166666666666665,0.44166666666666665
0.021332,1355,690,870,75,0.9475524475524476,0.9475524475524476,0.5576923076923077,0.05244755244755245,0.4423076923076923,0.4423076923076923
0.021336,1354,690,870,76,0.9468531468531468,0.9468531468531468,0.5576923076923077,0.05314685314685315,0.4423076923076923,0.4423076923076923
0.021348,1354,691,869,76,0.9468531468531468,0.9468531468531468,0.5570512820512821,0.05314685314685315,0.44294871794871793,0.44294871794871793
0.02135,1354,692,868,76,0.9468531468531468,0.9468531468531468,0.5564102564102564,0.05314685314685315,0.44358974358974357,0.44358974358974357
0.021403,1354,693,867,76,0.9468531468531468,0.9468531468531468,0.5557692307692308,0.05314685314685315,0.4442307692307692,0.4442307692307692
0.021412,1353,693,867,77,0.9461538461538461,0.9461538461538461,0.5557692307692308,0.05384615384615385,0.4442307692307692,0.4442307692307692
0.021438,1353,694,866,77,0.9461538461538461,0.9461538461538461,0.5551282051282052,0.05384615384615385,0.44487179487179485,0.44487179487179485
0.021481,1353,695,865,77,0.9461538461538461,0.9461538461538461,0.5544871794871795,0.05384615384615385,0.44551282051282054,0.44551282051282054
0.021512,1353,696,864,77,0.9461538461538461,0.9461538461538461,0.5538461538461539,0.05384615384615385,0.4461538461538462,0.4461538461538462
0.02152,1352,696,864,78,0.9454545454545454,0.9454545454545454,0.5538461538461539,0.05454545454545454,0.4461538461538462,0.4461538461538462
0.021561,1351,696,864,79,0.9447552447552447,0.9447552447552447,0.5538461538461539,0.05524475524475524,0.4461538461538462,0.4461538461538462
0.021591,1351,697,863,79,0.9447552447552447,0.9447552447552447,0.5532051282051282,0.05524475524475524,0.4467948717948718,0.4467948717948718
0.021674,1350,697,863,80,0.9440559440559441,0.9440559440559441,0.5532051282051282,0.055944055944055944,0.4467948717948718,0.4467948717948718
0.021675,1350,698,862,80,0.9440559440559441,0.9440559440559441,0.5525641025641026,0.055944055944055944,0.44743589743589746,0.44743589743589746
0.02169,1350,699,861,80,0.9440559440559441,0.9440559440559441,0.551923076923077,0.055944055944055944,0.4480769230769231,0.4480769230769231
0.021801,1350,700,860,80,0.9440559440559441,0.9440559440559441,0.5512820512820513,0.055944055944055944,0.44871794871794873,0.44871794871794873
0.021834,1350,701,859,80,0.9440559440559441,0.9440559440559441,0.5506410256410257,0.055944055944055944,0.4493589743589744,0.4493589743589744
0.021848,1350,702,858,80,0.9440559440559441,0.9440559440559441,0.55,0.055944055944055944,0.45,0.45
0.021852,1349,702,858,81,0.9433566433566434,0.9433566433566434,0.55,0.056643356643356645,0.45,0.45
0.021911,1349,703,857,81,0.9433566433566434,0.9433566433566434,0.5493589743589744,0.056643356643356645,0.45064102564102565,0.45064102564102565
0.02193,1348,703,857,82,0.9426573426573427,0.9426573426573427,0.5493589743589744,0.057342657342657345,0.45064102564102565,0.45064102564102565
0.021991,1348,704,856,82,0.9426573426573427,0.9426573426573427,0.5487179487179488,0.057342657342657345,0.4512820512820513,0.4512820512820513
0.02205,1348,705,855,82,0.9426573426573427,0.9426573426573427,0.5480769230769231,0.057342657342657345,0.4519230769230769,0.4519230769230769
0.022096,1348,706,854,82,0.9426573426573427,0.9426573426573427,0.5474358974358975,0.057342657342657345,0.45256410256410257,0.45256410256410257
0.022099,1347,706,854,83,0.941958041958042,0.941958041958042,0.5474358974358975,0.05804195804195804,0.45256410256410257,0.45256410256410257
0.022119,1346,706,854,84,0.9412587412587412,0.9412587412587412,0.5474358974358975,0.05874125874125874,0.45256410256410257,0.45256410256410257
0.022124,1346,707,853,84,0.9412587412587412,0.9412587412587412,0.5467948717948717,0.05874125874125874,0.4532051282051282,0.4532051282051282
0.022134,1345,707,853,85,0.9405594405594405,0.9405594405594405,0.5467948717948717,0.05944055944055944,0.4532051282051282,0.4532051282051282
0.022159,1345,708,852,85,0.9405594405594405,0.9405594405594405,0.5461538461538461,0.05944055944055944,0.45384615384615384,0.45384615384615384
0.022209,1345,709,851,85,0.9405594405594405,0.9405594405594405,0.5455128205128205,0.05944055944055944,0.4544871794871795,0.4544871794871795
0.022274,1345,710,850,85,0.9405594405594405,0.9405594405594405,0.5448717948717948,0.05944055944055944,0.4551282051282051,0.4551282051282051
0.022303,1345,711,849,85,0.9405594405594405,0.9405594405594405,0.5442307692307692,0.05944055944055944,0.45576923076923076,0.45576923076923076
0.022324,1345,712,848,85,0.9405594405594405,0.9405594405594405,0.5435897435897435,0.05944055944055944,0.4564102564102564,0.4564102564102564
0.022334,1345,713,847,85,0.9405594405594405,0.9405594405594405,0.5429487179487179,0.05944055944055944,0.45705128205128204,0.45705128205128204
0.022383,1345,714,846,85,0.9405594405594405,0.9405594405594405,0.5423076923076923,0.05944055944055944,0.4576923076923077,0.4576923076923077
0.022384,1345,715,845,85,0.9405594405594405,0.9405594405594405,0.5416666666666666,0.05944055944055944,0.4583333333333333,0.4583333333333333
0.022402,1345,716,844,85,0.9405594405594405,0.9405594405594405,0.541025641025641,0.05944055944055944,0.45897435897435895,0.45897435897435895
0.022405,1344,716,844,86,0.9398601398601398,0.9398601398601398,0.541025641025641,0.06013986013986014,0.45897435897435895,0.45897435897435895
0.022438,1344,717,843,86,0.9398601398601398,0.9398601398601398,0.5403846153846154,0.06013986013986014,0.4596153846153846,0.4596153846153846
0.022456,1344,718,842,86,0.9398601398601398,0.9398601398601398,0.5397435897435897,0.06013986013986014,0.46025641025641023,0.46025641025641023
0.022478,1344,719,841,86,0.9398601398601398,0.9398601398601398,0.5391025641025641,0.06013986013986014,0.46089743589743587,0.46089743589743587
0.02249,1344,720,840,86,0.9398601398601398,0.9398601398601398,0.5384615384615384,0.06013986013986014,0.46153846153846156,0.46153846153846156
0.022611,1344,721,839,86,0.9398601398601398,0.9398601398601398,0.5378205128205128,0.06013986013986014,0.4621794871794872,0.4621794871794872
0.022642,1343,721,839,87,0.9391608391608391,0.9391608391608391,0.5378205128205128,0.06083916083916084,0.4621794871794872,0.4621794871794872
0.02265,1343,722,838,87,0.9391608391608391,0.9391608391608391,0.5371794871794872,0.06083916083916084,0.46282051282051284,0.46282051282051284
0.022652,1343,723,837,87,0.9391608391608391,0.9391608391608391,0.5365384615384615,0.06083916083916084,0.4634615384615385,0.4634615384615385
0.022656,1342,723,837,88,0.9384615384615385,0.9384615384615385,0.5365384615384615,0.06153846153846154,0.4634615384615385,0.4634615384615385
0.02267,1342,724,836,88,0.9384615384615385,0.9384615384615385,0.5358974358974359,0.06153846153846154,0.4641025641025641,0.4641025641025641
0.022685,1342,725,835,88,0.9384615384615385,0.9384615384615385,0.5352564102564102,0.06153846153846154,0.46474358974358976,0.46474358974358976
0.022689,1341,725,835,89,0.9377622377622378,0.9377622377622378,0.5352564102564102,0.062237762237762236,0.46474358974358976,0.46474358974358976
0.022701,1341,726,834,89,0.9377622377622378,0.9377622377622378,0.5346153846153846,0.062237762237762236,0.4653846153846154,0.4653846153846154
0.022709,1341,727,833,89,0.9377622377622378,0.9377622377622378,0.533974358974359,0.062237762237762236,0.46602564102564104,0.46602564102564104
0.022727,1341,728,832,89,0.9377622377622378,0.9377622377622378,0.5333333333333333,0.062237762237762236,0.4666666666666667,0.4666666666666667
0.022756,1341,729,831,89,0.9377622377622378,0.9377622377622378,0.5326923076923077,0.062237762237762236,0.4673076923076923,0.4673076923076923
0.022773,1341,731,829,89,0.9377622377622378,0.9377622377622378,0.5314102564102564,0.062237762237762236,0.4685897435897436,0.4685897435897436
0.022785,1341,732,828,89,0.9377622377622378,0.9377622377622378,0.5307692307692308,0.062237762237762236,0.46923076923076923,0.46923076923076923
0.022838,1340,732,828,90,0.9370629370629371,0.9370629370629371,0.5307692307692308,0.06293706293706294,0.46923076923076923,0.46923076923076923
0.022857,1340,733,827,90,0.9370629370629371,0.9370629370629371,0.5301282051282051,0.06293706293706294,0.46987179487179487,0.46987179487179487
0.022866,1340,734,826,90,0.9370629370629371,0.9370629370629371,0.5294871794871795,0.06293706293706294,0.4705128205128205,0.4705128205128205
0.022974,1340,735,825,90,0.9370629370629371,0.9370629370629371,0.5288461538461539,0.06293706293706294,0.47115384615384615,0.47115384615384615
0.023028,1340,736,824,90,0.9370629370629371,0.9370629370629371,0.5282051282051282,0.06293706293706294,0.4717948717948718,0.4717948717948718
0.023105,1340,737,823,90,0.9370629370629371,0.9370629370629371,0.5275641025641026,0.06293706293706294,0.4724358974358974,0.4724358974358974
0.023121,1340,738,822,90,0.9370629370629371,0.9370629370629371,0.5269230769230769,0.06293706293706294,0.47307692307692306,0.47307692307692306
0.023143,1340,739,821,90,0.9370629370629371,0.9370629370629371,0.5262820512820513,0.06293706293706294,0.4737179487179487,0.4737179487179487
0.023145,1340,740,820,90,0.9370629370629371,0.9370629370629371,0.5256410256410257,0.06293706293706294,0.47435897435897434,0.47435897435897434
0.023151,1340,741,819,90,0.9370629370629371,0.9370629370629371,0.525,0.06293706293706294,0.475,0.475
0.023184,1340,742,818,90,0.9370629370629371,0.9370629370629371,0.5243589743589744,0.06293706293706294,0.4756410256410256,0.4756410256410256
0.023269,1340,743,817,90,0.9370629370629371,0.9370629370629371,0.5237179487179487,0.06293706293706294,0.47628205128205126,0.47628205128205126
0.023282,1340,744,816,90,0.9370629370629371,0.9370629370629371,0.5230769230769231,0.06293706293706294,0.47692307692307695,0.47692307692307695
0.023341,1340,745,815,90,0.9370629370629371,0.9370629370629371,0.5224358974358975,0.06293706293706294,0.4775641025641026,0.4775641025641026
0.023344,1340,746,814,90,0.9370629370629371,0.9370629370629371,0.5217948717948718,0.06293706293706294,0.4782051282051282,0.4782051282051282
0.023392,1340,747,813,90,0.9370629370629371,0.9370629370629371,0.5211538461538462,0.06293706293706294,0.47884615384615387,0.47884615384615387
0.023443,1340,749,811,90,0.9370629370629371,0.9370629370629371,0.5198717948717949,0.06293706293706294,0.48012820512820514,0.48012820512820514
0.023458,1340,751,809,90,0.9370629370629371,0.9370629370629371,0.5185897435897436,0.06293706293706294,0.4814102564102564,0.4814102564102564
0.023464,1340,752,808,90,0.9370629370629371,0.9370629370629371,0.517948717948718,0.06293706293706294,0.48205128205128206,0.48205128205128206
0.023488,1340,753,807,90,0.9370629370629371,0.9370629370629371,0.5173076923076924,0.06293706293706294,0.4826923076923077,0.4826923076923077
0.023529,1340,754,806,90,0.9370629370629371,0.9370629370629371,0.5166666666666667,0.06293706293706294,0.48333333333333334,0.48333333333333334
0.023569,1340,755,805,90,0.9370629370629371,0.9370629370629371,0.5160256410256411,0.06293706293706294,0.483974358974359,0.483974358974359
0.023571,1340,756,804,90,0.9370629370629371,0.9370629370629371,0.5153846153846153,0.06293706293706294,0.4846153846153846,0.4846153846153846
0.023576,1340,757,803,90,0.9370629370629371,0.9370629370629371,0.5147435897435897,0.06293706293706294,0.48525641025641025,0.48525641025641025
0.023665,1339,757,803,91,0.9363636363636364,0.9363636363636364,0.5147435897435897,0.06363636363636363,0.48525641025641025,0.48525641025641025
0.023796,1338,757,803,92,0.9356643356643357,0.9356643356643357,0.5147435897435897,0.06433566433566433,0.48525641025641025,0.48525641025641025
0.02381,1338,758,802,92,0.9356643356643357,0.9356643356643357,0.514102564102564,0.06433566433566433,0.4858974358974359,0.4858974358974359
0.023839,1338,759,801,92,0.9356643356643357,0.9356643356643357,0.5134615384615384,0.06433566433566433,0.48653846153846153,0.48653846153846153
0.023926,1338,760,800,92,0.9356643356643357,0.9356643356643357,0.5128205128205128,0.06433566433566433,0.48717948717948717,0.48717948717948717
0.024005,1338,761,799,92,0.9356643356643357,0.9356643356643357,0.5121794871794871,0.06433566433566433,0.4878205128205128,0.4878205128205128
0.024053,1338,762,798,92,0.9356643356643357,0.9356643356643357,0.5115384615384615,0.06433566433566433,0.48846153846153845,0.48846153846153845
0.024081,1338,763,797,92,0.9356643356643357,0.9356643356643357,0.5108974358974359,0.06433566433566433,0.4891025641025641,0.4891025641025641
0.024103,1338,764,796,92,0.9356643356643357,0.9356643356643357,0.5102564102564102,0.06433566433566433,0.4897435897435897,0.4897435897435897
0.024104,1338,765,795,92,0.9356643356643357,0.9356643356643357,0.5096153846153846,0.06433566433566433,0.49038461538461536,0.49038461538461536
0.024117,1337,765,795,93,0.9349650349650349,0.9349650349650349,0.5096153846153846,0.06503496503496503,0.49038461538461536,0.49038461538461536
0.024151,1337,766,794,93,0.9349650349650349,0.9349650349650349,0.5089743589743589,0.06503496503496503,0.491025641025641,0.491025641025641
0.024166,1337,767,793,93,0.9349650349650349,0.9349650349650349,0.5083333333333333,0.06503496503496503,0.49166666666666664,0.49166666666666664
0.024176,1337,768,792,93,0.9349650349650349,0.9349650349650349,0.5076923076923077,0.06503496503496503,0.49230769230769234,0.49230769230769234
0.024183,1337,769,791,93,0.9349650349650349,0.9349650349650349,0.507051282051282,0.06503496503496503,0.492948717948718,0.492948717948718
0.024225,1337,770,790,93,0.9349650349650349,0.9349650349650349,0.5064102564102564,0.06503496503496503,0.4935897435897436,0.4935897435897436
0.02428,1336,770,790,94,0.9342657342657342,0.9342657342657342,0.5064102564102564,0.06573426573426573,0.4935897435897436,0.4935897435897436
0.024301,1336,771,789,94,0.9342657342657342,0.9342657342657342,0.5057692307692307,0.06573426573426573,0.49423076923076925,0.49423076923076925
0.024334,1336,772,788,94,0.9342657342657342,0.9342657342657342,0.5051282051282051,0.06573426573426573,0.4948717948717949,0.4948717948717949
0.024359,1336,773,787,94,0.9342657342657342,0.9342657342657342,0.5044871794871795,0.06573426573426573,0.49551282051282053,0.49551282051282053
0.024362,1336,774,786,94,0.9342657342657342,0.9342657342657342,0.5038461538461538,0.06573426573426573,0.49615384615384617,0.49615384615384617
0.024421,1335,774,786,95,0.9335664335664335,0.9335664335664335,0.5038461538461538,0.06643356643356643,0.49615384615384617,0.49615384615384617
0.024435,1335,775,785,95,0.9335664335664335,0.9335664335664335,0.5032051282051282,0.06643356643356643,0.4967948717948718,0.4967948717948718
0.024503,1335,776,784,95,0.9335664335664335,0.9335664335664335,0.5025641025641026,0.06643356643356643,0.49743589743589745,0.49743589743589745
0.024615,1335,777,783,95,0.9335664335664335,0.9335664335664335,0.5019230769230769,0.06643356643356643,0.4980769230769231,0.4980769230769231
0.024622,1335,778,782,95,0.9335664335664335,0.9335664335664335,0.5012820512820513,0.06643356643356643,0.4987179487179487,0.4987179487179487
0.024662,1334,778,782,96,0.9328671328671329,0.9328671328671329,0.5012820512820513,0.06713286713286713,0.4987179487179487,0.4987179487179487
0.024677,1333,778,782,97,0.9321678321678322,0.9321678321678322,0.5012820512820513,0.06783216783216783,0.4987179487179487,0.4987179487179487
0.024678,1333,779,781,97,0.9321678321678322,0.9321678321678322,0.5006410256410256,0.06783216783216783,0.49935897435897436,0.49935897435897436
0.024698,1333,780,780,97,0.9321678321678322,0.9321678321678322,0.5,0.06783216783216783,0.5,0.5
0.02477,1333,781,779,97,0.9321678321678322,0.9321678321678322,0.49935897435897436,0.06783216783216783,0.5006410256410256,0.5006410256410256
0.024799,1333,782,778,97,0.9321678321678322,0.9321678321678322,0.4987179487179487,0.06783216783216783,0.5012820512820513,0.5012820512820513
0.024803,1333,783,777,97,0.9321678321678322,0.9321678321678322,0.4980769230769231,0.06783216783216783,0.5019230769230769,0.5019230769230769
0.024831,1333,784,776,97,0.9321678321678322,0.9321678321678322,0.49743589743589745,0.06783216783216783,0.5025641025641026,0.5025641025641026
0.024941,1332,784,776,98,0.9314685314685315,0.9314685314685315,0.49743589743589745,0.06853146853146853,0.5025641025641026,0.5025641025641026
0.025,1331,784,776,99,0.9307692307692308,0.9307692307692308,0.49743589743589745,0.06923076923076923,0.5025641025641026,0.5025641025641026
0.025094,1330,784,776,100,0.9300699300699301,0.9300699300699301,0.49743589743589745,0.06993006993006994,0.5025641025641026,0.5025641025641026
0.025129,1330,785,775,100,0.9300699300699301,0.9300699300699301,0.4967948717948718,0.06993006993006994,0.5032051282051282,0.5032051282051282
0.025146,1329,785,775,101,0.9293706293706294,0.9293706293706294,0.4967948717948718,0.07062937062937064,0.5032051282051282,0.5032051282051282
0.025157,1329,786,774,101,0.9293706293706294,0.9293706293706294,0.49615384615384617,0.07062937062937064,0.5038461538461538,0.5038461538461538
0.025182,1329,788,772,101,0.9293706293706294,0.9293706293706294,0.4948717948717949,0.07062937062937064,0.5051282051282051,0.5051282051282051
0.025267,1328,788,772,102,0.9286713286713286,0.9286713286713286,0.4948717948717949,0.07132867132867132,0.5051282051282051,0.5051282051282051
0.025365,1328,789,771,102,0.9286713286713286,0.9286713286713286,0.49423076923076925,0.07132867132867132,0.5057692307692307,0.5057692307692307
0.025401,1328,790,770,102,0.9286713286713286,0.9286713286713286,0.4935897435897436,0.07132867132867132,0.5064102564102564,0.5064102564102564
0.025413,1328,791,769,102,0.9286713286713286,0.9286713286713286,0.492948717948718,0.07132867132867132,0.507051282051282,0.507051282051282
0.025504,1328,792,768,102,0.9286713286713286,0.9286713286713286,0.49230769230769234,0.07132867132867132,0.5076923076923077,0.5076923076923077
0.025524,1328,793,767,102,0.9286713286713286,0.9286713286713286,0.49166666666666664,0.07132867132867132,0.5083333333333333,0.5083333333333333
0.025552,1328,794,766,102,0.9286713286713286,0.9286713286713286,0.491025641025641,0.07132867132867132,0.5089743589743589,0.5089743589743589
0.025554,1327,794,766,103,0.9279720279720279,0.9279720279720279,0.491025641025641,0.07202797202797202,0.5089743589743589,0.5089743589743589
0.025565,1327,795,765,103,0.9279720279720279,0.9279720279720279,0.49038461538461536,0.07202797202797202,0.5096153846153846,0.5096153846153846
0.025583,1327,796,764,103,0.9279720279720279,0.9279720279720279,0.4897435897435897,0.07202797202797202,0.5102564102564102,0.5102564102564102
0.025622,1327,797,763,103,0.9279720279720279,0.9279720279720279,0.4891025641025641,0.07202797202797202,0.5108974358974359,0.5108974358974359
0.025626,1327,798,762,103,0.9279720279720279,0.9279720279720279,0.48846153846153845,0.07202797202797202,0.5115384615384615,0.5115384615384615
0.025641,1326,798,762,104,0.9272727272727272,0.9272727272727272,0.48846153846153845,0.07272727272727272,0.5115384615384615,0.5115384615384615
0.025674,1326,800,760,104,0.9272727272727272,0.9272727272727272,0.48717948717948717,0.07272727272727272,0.5128205128205128,0.5128205128205128
0.025729,1325,800,760,105,0.9265734265734266,0.9265734265734266,0.48717948717948717,0.07342657342657342,0.5128205128205128,0.5128205128205128
0.025754,1325,801,759,105,0.9265734265734266,0.9265734265734266,0.48653846153846153,0.07342657342657342,0.5134615384615384,0.5134615384615384
0.025757,1325,802,758,105,0.9265734265734266,0.9265734265734266,0.4858974358974359,0.07342657342657342,0.514102564102564,0.514102564102564
0.025761,1325,803,757,105,0.9265734265734266,0.9265734265734266,0.48525641025641025,0.07342657342657342,0.5147435897435897,0.5147435897435897
0.02577,1324,803,757,106,0.9258741258741259,0.9258741258741259,0.48525641025641025,0.07412587412587412,0.5147435897435897,0.5147435897435897
0.025819,1324,804,756,106,0.9258741258741259,0.9258741258741259,0.4846153846153846,0.07412587412587412,0.5153846153846153,0.5153846153846153
0.025828,1324,805,755,106,0.9258741258741259,0.9258741258741259,0.483974358974359,0.07412587412587412,0.5160256410256411,0.5160256410256411
0.025862,1324,806,754,106,0.9258741258741259,0.9258741258741259,0.48333333333333334,0.07412587412587412,0.5166666666666667,0.5166666666666667
0.025907,1323,806,754,107,0.9251748251748252,0.9251748251748252,0.48333333333333334,0.07482517482517483,0.5166666666666667,0.5166666666666667
0.025929,1322,806,754,108,0.9244755244755245,0.9244755244755245,0.48333333333333334,0.07552447552447553,0.5166666666666667,0.5166666666666667
0.025949,1322,807,753,108,0.9244755244755245,0.9244755244755245,0.4826923076923077,0.07552447552447553,0.5173076923076924,0.5173076923076924
0.025958,1322,808,752,108,0.9244755244755245,0.9244755244755245,0.48205128205128206,0.07552447552447553,0.517948717948718,0.517948717948718
0.025974,1321,808,752,109,0.9237762237762238,0.9237762237762238,0.48205128205128206,0.07622377622377623,0.517948717948718,0.517948717948718
0.025982,1321,809,751,109,0.9237762237762238,0.9237762237762238,0.4814102564102564,0.07622377622377623,0.5185897435897436,0.5185897435897436
0.025989,1321,810,750,109,0.9237762237762238,0.9237762237762238,0.4807692307692308,0.07622377622377623,0.5192307692307693,0.5192307692307693
0.026102,1320,810,750,110,0.9230769230769231,0.9230769230769231,0.4807692307692308,0.07692307692307693,0.5192307692307693,0.5192307692307693
0.026104,1319,810,750,111,0.9223776223776223,0.9223776223776223,0.4807692307692308,0.07762237762237763,0.5192307692307693,0.5192307692307693
0.026132,1319,811,749,111,0.9223776223776223,0.9223776223776223,0.48012820512820514,0.07762237762237763,0.5198717948717949,0.5198717948717949
0.026161,1319,812,748,111,0.9223776223776223,0.9223776223776223,0.4794871794871795,0.07762237762237763,0.5205128205128206,0.5205128205128206
0.02619,1318,813,747,112,0.9216783216783216,0.9216783216783216,0.47884615384615387,0.07832167832167833,0.5211538461538462,0.5211538461538462
0.026196,1318,814,746,112,0.9216783216783216,0.9216783216783216,0.4782051282051282,0.07832167832167833,0.5217948717948718,0.5217948717948718
0.026212,1318,815,745,112,0.9216783216783216,0.9216783216783216,0.4775641025641026,0.07832167832167833,0.5224358974358975,0.5224358974358975
0.026222,1318,816,744,112,0.9216783216783216,0.9216783216783216,0.47692307692307695,0.07832167832167833,0.5230769230769231,0.5230769230769231
0.026247,1318,817,743,112,0.9216783216783216,0.9216783216783216,0.47628205128205126,0.07832167832167833,0.5237179487179487,0.5237179487179487
0.026272,1317,817,743,113,0.920979020979021,0.920979020979021,0.47628205128205126,0.07902097902097902,0.5237179487179487,0.5237179487179487
0.026331,1317,818,742,113,0.920979020979021,0.920979020979021,0.4756410256410256,0.07902097902097902,0.5243589743589744,0.5243589743589744
0.026332,1316,818,742,114,0.9202797202797203,0.9202797202797203,0.4756410256410256,0.07972027972027972,0.5243589743589744,0.5243589743589744
0.026471,1315,819,741,115,0.9195804195804196,0.9195804195804196,0.475,0.08041958041958042,0.525,0.525
0.02648,1315,820,740,115,0.9195804195804196,0.9195804195804196,0.47435897435897434,0.08041958041958042,0.5256410256410257,0.5256410256410257
0.026554,1315,821,739,115,0.9195804195804196,0.9195804195804196,0.4737179487179487,0.08041958041958042,0.5262820512820513,0.5262820512820513
0.026649,1315,822,738,115,0.9195804195804196,0.9195804195804196,0.47307692307692306,0.08041958041958042,0.5269230769230769,0.5269230769230769
0.026674,1314,822,738,116,0.9188811188811189,0.9188811188811189,0.47307692307692306,0.08111888111888112,0.5269230769230769,0.5269230769230769
0.026696,1313,822,738,117,0.9181818181818182,0.9181818181818182,0.47307692307692306,0.08181818181818182,0.5269230769230769,0.5269230769230769
0.026701,1313,823,737,117,0.9181818181818182,0.9181818181818182,0.4724358974358974,0.08181818181818182,0.5275641025641026,0.5275641025641026
0.026708,1313,824,736,117,0.9181818181818182,0.9181818181818182,0.4717948717948718,0.08181818181818182,0.5282051282051282,0.5282051282051282
0.026725,1312,824,736,118,0.9174825174825175,0.9174825174825175,0.4717948717948718,0.08251748251748252,0.5282051282051282,0.5282051282051282
0.02676,1312,825,735,118,0.9174825174825175,0.9174825174825175,0.47115384615384615,0.08251748251748252,0.5288461538461539,0.5288461538461539
0.026764,1312,826,734,118,0.9174825174825175,0.9174825174825175,0.4705128205128205,0.08251748251748252,0.5294871794871795,0.5294871794871795
0.026906,1312,827,733,118,0.9174825174825175,0.9174825174825175,0.46987179487179487,0.08251748251748252,0.5301282051282051,0.5301282051282051
0.026916,1312,828,732,118,0.9174825174825175,0.9174825174825175,0.46923076923076923,0.08251748251748252,0.5307692307692308,0.5307692307692308
0.026934,1312,830,730,118,0.9174825174825175,0.9174825174825175,0.46794871794871795,0.08251748251748252,0.532051282051282,0.532051282051282
0.026975,1312,831,729,118,0.9174825174825175,0.9174825174825175,0.4673076923076923,0.08251748251748252,0.5326923076923077,0.5326923076923077
0.026997,1312,832,728,118,0.9174825174825175,0.9174825174825175,0.4666666666666667,0.08251748251748252,0.5333333333333333,0.5333333333333333
0.027027,1311,832,728,119,0.9167832167832168,0.9167832167832168,0.4666666666666667,0.08321678321678322,0.5333333333333333,0.5333333333333333
0.027045,1310,832,728,120,0.916083916083916,0.916083916083916,0.4666666666666667,0.08391608391608392,0.5333333333333333,0.5333333333333333
0.02709,1310,833,727,120,0.916083916083916,0.916083916083916,0.46602564102564104,0.08391608391608392,0.533974358974359,0.533974358974359
0.027103,1310,834,726,120,0.916083916083916,0.916083916083916,0.4653846153846154,0.08391608391608392,0.5346153846153846,0.5346153846153846
0.027127,1310,835,725,120,0.916083916083916,0.916083916083916,0.46474358974358976,0.08391608391608392,0.5352564102564102,0.5352564102564102
0.027201,1310,836,724,120,0.916083916083916,0.916083916083916,0.4641025641025641,0.08391608391608392,0.5358974358974359,0.5358974358974359
0.027389,1310,837,723,120,0.916083916083916,0.916083916083916,0.4634615384615385,0.08391608391608392,0.5365384615384615,0.5365384615384615
0.027428,1310,838,722,120,0.916083916083916,0.916083916083916,0.46282051282051284,0.08391608391608392,0.5371794871794872,0.5371794871794872
0.02746,1310,839,721,120,0.916083916083916,0.916083916083916,0.4621794871794872,0.08391608391608392,0.5378205128205128,0.5378205128205128
0.027476,1310,840,720,120,0.916083916083916,0.916083916083916,0.46153846153846156,0.08391608391608392,0.5384615384615384,0.5384615384615384
0.027517,1309,840,720,121,0.9153846153846154,0.9153846153846154,0.46153846153846156,0.08461538461538462,0.5384615384615384,0.5384615384615384
0.027528,1309,841,719,121,0.9153846153846154,0.9153846153846154,0.46089743589743587,0.08461538461538462,0.5391025641025641,0.5391025641025641
0.027539,1308,841,719,122,0.9146853146853147,0.9146853146853147,0.46089743589743587,0.08531468531468532,0.5391025641025641,0.5391025641025641
0.02755,1308,842,718,122,0.9146853146853147,0.9146853146853147,0.46025641025641023,0.08531468531468532,0.5397435897435897,0.5397435897435897
0.027552,1307,842,718,123,0.913986013986014,0.913986013986014,0.46025641025641023,0.08601398601398601,0.5397435897435897,0.5397435897435897
0.027554,1307,843,717,123,0.913986013986014,0.913986013986014,0.4596153846153846,0.08601398601398601,0.5403846153846154,0.5403846153846154
0.027615,1307,844,716,123,0.913986013986014,0.913986013986014,0.45897435897435895,0.08601398601398601,0.541025641025641,0.541025641025641
0.02769,1307,845,715,123,0.913986013986014,0.913986013986014,0.4583333333333333,0.08601398601398601,0.5416666666666666,0.5416666666666666
0.027692,1307,846,714,123,0.913986013986014,0.913986013986014,0.4576923076923077,0.08601398601398601,0.5423076923076923,0.5423076923076923
0.027728,1307,847,713,123,0.913986013986014,0.913986013986014,0.45705128205128204,0.08601398601398601,0.5429487179487179,0.5429487179487179
0.027742,1307,848,712,123,0.913986013986014,0.913986013986014,0.4564102564102564,0.08601398601398601,0.5435897435897435,0.5435897435897435
0.027778,1307,849,711,123,0.913986013986014,0.913986013986014,0.45576923076923076,0.08601398601398601,0.5442307692307692,0.5442307692307692
0.027795,1307,850,710,123,0.913986013986014,0.913986013986014,0.4551282051282051,0.08601398601398601,0.5448717948717948,0.5448717948717948
0.027946,1307,851,709,123,0.913986013986014,0.913986013986014,0.4544871794871795,0.08601398601398601,0.5455128205128205,0.5455128205128205
0.027984,1307,852,708,123,0.913986013986014,0.913986013986014,0.45384615384615384,0.08601398601398601,0.5461538461538461,0.5461538461538461
0.028008,1307,853,707,123,0.913986013986014,0.913986013986014,0.4532051282051282,0.08601398601398601,0.5467948717948717,0.5467948717948717
0.028016,1307,854,706,123,0.913986013986014,0.913986013986014,0.45256410256410257,0.08601398601398601,0.5474358974358975,0.5474358974358975
0.028098,1306,854,706,124,0.9132867132867133,0.9132867132867133,0.45256410256410257,0.08671328671328671,0.5474358974358975,0.5474358974358975
0.028112,1306,855,705,124,0.9132867132867133,0.9132867132867133,0.4519230769230769,0.08671328671328671,0.5480769230769231,0.5480769230769231
0.028125,1306,856,704,124,0.9132867132867133,0.9132867132867133,0.4512820512820513,0.08671328671328671,0.5487179487179488,0.5487179487179488
0.028136,1306,857,703,124,0.9132867132867133,0.9132867132867133,0.45064102564102565,0.08671328671328671,0.5493589743589744,0.5493589743589744
0.028258,1306,858,702,124,0.9132867132867133,0.9132867132867133,0.45,0.08671328671328671,0.55,0.55
0.028273,1306,859,701,124,0.9132867132867133,0.9132867132867133,0.4493589743589744,0.08671328671328671,0.5506410256410257,0.5506410256410257
0.028302,1306,860,700,124,0.9132867132867133,0.9132867132867133,0.44871794871794873,0.08671328671328671,0.5512820512820513,0.5512820512820513
0.02832,1306,861,699,124,0.9132867132867133,0.9132867132867133,0.4480769230769231,0.08671328671328671,0.551923076923077,0.551923076923077
0.028358,1306,862,698,124,0.9132867132867133,0.9132867132867133,0.44743589743589746,0.08671328671328671,0.5525641025641026,0.5525641025641026
0.02836,1306,863,697,124,0.9132867132867133,0.9132867132867133,0.4467948717948718,0.08671328671328671,0.5532051282051282,0.5532051282051282
0.028406,1306,864,696,124,0.9132867132867133,0.9132867132867133,0.4461538461538462,0.08671328671328671,0.5538461538461539,0.5538461538461539
0.028458,1306,865,695,124,0.9132867132867133,0.9132867132867133,0.44551282051282054,0.08671328671328671,0.5544871794871795,0.5544871794871795
0.028472,1306,866,694,124,0.9132867132867133,0.9132867132867133,0.44487179487179485,0.08671328671328671,0.5551282051282052,0.5551282051282052
0.028487,1306,867,693,124,0.9132867132867133,0.9132867132867133,0.4442307692307692,0.08671328671328671,0.5557692307692308,0.5557692307692308
0.028488,1305,867,693,125,0.9125874125874126,0.9125874125874126,0.4442307692307692,0.08741258741258741,0.5557692307692308,0.5557692307692308
0.028502,1305,868,692,125,0.9125874125874126,0.9125874125874126,0.44358974358974357,0.08741258741258741,0.5564102564102564,0.5564102564102564
0.028571,1305,869,691,125,0.9125874125874126,0.9125874125874126,0.44294871794871793,0.08741258741258741,0.5570512820512821,0.5570512820512821
0.028609,1304,869,691,126,0.9118881118881119,0.9118881118881119,0.44294871794871793,0.08811188811188811,0.5570512820512821,0.5570512820512821
0.02861,1304,870,690,126,0.9118881118881119,0.9118881118881119,0.4423076923076923,0.08811188811188811,0.5576923076923077,0.5576923076923077
0.028644,1304,871,689,126,0.9118881118881119,0.9118881118881119,0.44166666666666665,0.08811188811188811,0.5583333333333333,0.5583333333333333
0.028657,1304,872,688,126,0.9118881118881119,0.9118881118881119,0.441025641025641,0.08811188811188811,0.558974358974359,0.558974358974359
0.028689,1304,873,687,126,0.9118881118881119,0.9118881118881119,0.4403846153846154,0.08811188811188811,0.5596153846153846,0.5596153846153846
0.028712,1304,874,686,126,0.9118881118881119,0.9118881118881119,0.43974358974358974,0.08811188811188811,0.5602564102564103,0.5602564102564103
0.028797,1304,875,685,126,0.9118881118881119,0.9118881118881119,0.4391025641025641,0.08811188811188811,0.5608974358974359,0.5608974358974359
0.028818,1304,876,684,126,0.9118881118881119,0.9118881118881119,0.43846153846153846,0.08811188811188811,0.5615384615384615,0.5615384615384615
0.028829,1304,877,683,126,0.9118881118881119,0.9118881118881119,0.4378205128205128,0.08811188811188811,0.5621794871794872,0.5621794871794872
0.02886,1304,878,682,126,0.9118881118881119,0.9118881118881119,0.4371794871794872,0.08811188811188811,0.5628205128205128,0.5628205128205128
0.028909,1304,879,681,126,0.9118881118881119,0.9118881118881119,0.43653846153846154,0.08811188811188811,0.5634615384615385,0.5634615384615385
0.028916,1304,880,680,126,0.9118881118881119,0.9118881118881119,0.4358974358974359,0.08811188811188811,0.5641025641025641,0.5641025641025641
0.028977,1304,881,679,126,0.9118881118881119,0.9118881118881119,0.43525641025641026,0.08811188811188811,0.5647435897435897,0.5647435897435897
0.028997,1304,882,678,126,0.9118881118881119,0.9118881118881119,0.4346153846153846,0.08811188811188811,0.5653846153846154,0.5653846153846154
0.029024,1304,883,677,126,0.9118881118881119,0.9118881118881119,0.433974358974359,0.08811188811188811,0.566025641025641,0.566025641025641
0.029066,1304,884,676,126,0.9118881118881119,0.9118881118881119,0.43333333333333335,0.08811188811188811,0.5666666666666667,0.5666666666666667
0.029077,1304,885,675,126,0.9118881118881119,0.9118881118881119,0.4326923076923077,0.08811188811188811,0.5673076923076923,0.5673076923076923
0.029099,1303,885,675,127,0.9111888111888112,0.9111888111888112,0.4326923076923077,0.08881118881118881,0.5673076923076923,0.5673076923076923
0.029121,1303,886,674,127,0.9111888111888112,0.9111888111888112,0.43205128205128207,0.08881118881118881,0.5679487179487179,0.5679487179487179
0.029132,1302,886,674,128,0.9104895104895104,0.9104895104895104,0.43205128205128207,0.08951048951048951,0.5679487179487179,0.5679487179487179
0.029262,1301,886,674,129,0.9097902097902097,0.9097902097902097,0.43205128205128207,0.09020979020979021,0.5679487179487179,0.5679487179487179
0.029265,1301,887,673,129,0.9097902097902097,0.9097902097902097,0.43141025641025643,0.09020979020979021,0.5685897435897436,0.5685897435897436
0.029299,1300,887,673,130,0.9090909090909091,0.9090909090909091,0.43141025641025643,0.09090909090909091,0.5685897435897436,0.5685897435897436
0.029429,1300,888,672,130,0.9090909090909091,0.9090909090909091,0.4307692307692308,0.09090909090909091,0.5692307692307692,0.5692307692307692
0.029484,1299,889,671,131,0.9083916083916084,0.9083916083916084,0.43012820512820515,0.09160839160839161,0.5698717948717948,0.5698717948717948
0.029499,1298,889,671,132,0.9076923076923077,0.9076923076923077,0.43012820512820515,0.09230769230769231,0.5698717948717948,0.5698717948717948
0.029518,1298,890,670,132,0.9076923076923077,0.9076923076923077,0.42948717948717946,0.09230769230769231,0.5705128205128205,0.5705128205128205
0.029525,1298,891,669,132,0.9076923076923077,0.9076923076923077,0.4288461538461538,0.09230769230769231,0.5711538461538461,0.5711538461538461
0.029545,1298,892,668,132,0.9076923076923077,0.9076923076923077,0.4282051282051282,0.09230769230769231,0.5717948717948718,0.5717948717948718
0.029589,1298,893,667,132,0.9076923076923077,0.9076923076923077,0.42756410256410254,0.09230769230769231,0.5724358974358974,0.5724358974358974
0.029596,1298,894,666,132,0.9076923076923077,0.9076923076923077,0.4269230769230769,0.09230769230769231,0.573076923076923,0.573076923076923
0.029616,1298,895,665,132,0.9076923076923077,0.9076923076923077,0.42628205128205127,0.09230769230769231,0.5737179487179487,0.5737179487179487
0.029651,1298,896,664,132,0.9076923076923077,0.9076923076923077,0.4256410256410256,0.09230769230769231,0.5743589743589743,0.5743589743589743
0.029686,1297,896,664,133,0.906993006993007,0.906993006993007,0.4256410256410256,0.09300699300699301,0.5743589743589743,0.5743589743589743
0.029709,1297,897,663,133,0.906993006993007,0.906993006993007,0.425,0.09300699300699301,0.575,0.575
0.029725,1297,898,662,133,0.906993006993007,0.906993006993007,0.42435897435897435,0.09300699300699301,0.5756410256410256,0.5756410256410256
0.029726,1297,899,661,133,0.906993006993007,0.906993006993007,0.4237179487179487,0.09300699300699301,0.5762820512820512,0.5762820512820512
0.029748,1297,900,660,133,0.906993006993007,0.906993006993007,0.4230769230769231,0.09300699300699301,0.5769230769230769,0.5769230769230769
0.029777,1297,901,659,133,0.906993006993007,0.906993006993007,0.42243589743589743,0.09300699300699301,0.5775641025641025,0.5775641025641025
0.029842,1297,902,658,133,0.906993006993007,0.906993006993007,0.4217948717948718,0.09300699300699301,0.5782051282051283,0.5782051282051283
0.029933,1297,903,657,133,0.906993006993007,0.906993006993007,0.42115384615384616,0.09300699300699301,0.5788461538461539,0.5788461538461539
0.03004,1296,903,657,134,0.9062937062937063,0.9062937062937063,0.42115384615384616,0.0937062937062937,0.5788461538461539,0.5788461538461539
0.030058,1295,903,657,135,0.9055944055944056,0.9055944055944056,0.42115384615384616,0.0944055944055944,0.5788461538461539,0.5788461538461539
0.03009,1295,904,656,135,0.9055944055944056,0.9055944055944056,0.4205128205128205,0.0944055944055944,0.5794871794871795,0.5794871794871795
0.030097,1295,905,655,135,0.9055944055944056,0.9055944055944056,0.4198717948717949,0.0944055944055944,0.5801282051282052,0.5801282051282052
0.030132,1294,905,655,136,0.9048951048951049,0.9048951048951049,0.4198717948717949,0.0951048951048951,0.5801282051282052,0.5801282051282052
0.030135,1294,906,654,136,0.9048951048951049,0.9048951048951049,0.41923076923076924,0.0951048951048951,0.5807692307692308,0.5807692307692308
0.030165,1293,906,654,137,0.9041958041958041,0.9041958041958041,0.41923076923076924,0.0958041958041958,0.5807692307692308,0.5807692307692308
0.030182,1293,907,653,137,0.9041958041958041,0.9041958041958041,0.4185897435897436,0.0958041958041958,0.5814102564102565,0.5814102564102565
0.030197,1293,908,652,137,0.9041958041958041,0.9041958041958041,0.41794871794871796,0.0958041958041958,0.5820512820512821,0.5820512820512821
0.030266,1293,909,651,137,0.9041958041958041,0.9041958041958041,0.4173076923076923,0.0958041958041958,0.5826923076923077,0.5826923076923077
0.030303,1293,910,650,137,0.9041958041958041,0.9041958041958041,0.4166666666666667,0.0958041958041958,0.5833333333333334,0.5833333333333334
0.030405,1293,912,648,137,0.9041958041958041,0.9041958041958041,0.4153846153846154,0.0958041958041958,0.5846153846153846,0.5846153846153846
0.030454,1292,912,648,138,0.9034965034965035,0.9034965034965035,0.4153846153846154,0.0965034965034965,0.5846153846153846,0.5846153846153846
0.030571,1292,913,647,138,0.9034965034965035,0.9034965034965035,0.41474358974358977,0.0965034965034965,0.5852564102564103,0.5852564102564103
0.030625,1292,914,646,138,0.9034965034965035,0.9034965034965035,0.41410256410256413,0.0965034965034965,0.5858974358974359,0.5858974358974359
0.030642,1292,915,645,138,0.9034965034965035,0.9034965034965035,0.41346153846153844,0.0965034965034965,0.5865384615384616,0.5865384615384616
0.030654,1291,915,645,139,0.9027972027972028,0.9027972027972028,0.41346153846153844,0.0972027972027972,0.5865384615384616,0.5865384615384616
0.030656,1291,916,644,139,0.9027972027972028,0.9027972027972028,0.4128205128205128,0.0972027972027972,0.5871794871794872,0.5871794871794872
0.030864,1291,917,643,139,0.9027972027972028,0.9027972027972028,0.41217948717948716,0.0972027972027972,0.5878205128205128,0.5878205128205128
0.030895,1291,918,642,139,0.9027972027972028,0.9027972027972028,0.4115384615384615,0.0972027972027972,0.5884615384615385,0.5884615384615385
0.030928,1291,919,641,139,0.9027972027972028,0.9027972027972028,0.4108974358974359,0.0972027972027972,0.5891025641025641,0.5891025641025641
0.031037,1291,920,640,139,0.9027972027972028,0.9027972027972028,0.41025641025641024,0.0972027972027972,0.5897435897435898,0.5897435897435898
0.031068,1291,921,639,139,0.9027972027972028,0.9027972027972028,0.4096153846153846,0.0972027972027972,0.5903846153846154,0.5903846153846154
0.031106,1291,922,638,139,0.9027972027972028,0.9027972027972028,0.40897435897435896,0.0972027972027972,0.591025641025641,0.591025641025641
0.031126,1291,923,637,139,0.9027972027972028,0.9027972027972028,0.4083333333333333,0.0972027972027972,0.5916666666666667,0.5916666666666667
0.031138,1290,923,637,140,0.9020979020979021,0.9020979020979021,0.4083333333333333,0.0979020979020979,0.5916666666666667,0.5916666666666667
0.03117,1290,924,636,140,0.9020979020979021,0.9020979020979021,0.4076923076923077,0.0979020979020979,0.5923076923076923,0.5923076923076923
0.03123,1290,925,635,140,0.9020979020979021,0.9020979020979021,0.40705128205128205,0.0979020979020979,0.592948717948718,0.592948717948718
0.03125,1290,926,634,140,0.9020979020979021,0.9020979020979021,0.4064102564102564,0.0979020979020979,0.5935897435897436,0.5935897435897436
0.031289,1289,926,634,141,0.9013986013986014,0.9013986013986014,0.4064102564102564,0.0986013986013986,0.5935897435897436,0.5935897435897436
0.031306,1289,927,633,141,0.9013986013986014,0.9013986013986014,0.40576923076923077,0.0986013986013986,0.5942307692307692,0.5942307692307692
0.031311,1289,928,632,141,0.9013986013986014,0.9013986013986014,0.40512820512820513,0.0986013986013986,0.5948717948717949,0.5948717948717949
0.031344,1289,929,631,141,0.9013986013986014,0.9013986013986014,0.4044871794871795,0.0986013986013986,0.5955128205128205,0.5955128205128205
0.031408,1289,930,630,141,0.9013986013986014,0.9013986013986014,0.40384615384615385,0.0986013986013986,0.5961538461538461,0.5961538461538461
0.031433,1288,930,630,142,0.9006993006993007,0.9006993006993007,0.40384615384615385,0.0993006993006993,0.5961538461538461,0.5961538461538461
0.031511,1288,931,629,142,0.9006993006993007,0.9006993006993007,0.4032051282051282,0.0993006993006993,0.5967948717948718,0.5967948717948718
0.031555,1287,931,629,143,0.9,0.9,0.4032051282051282,0.1,0.5967948717948718,0.5967948717948718
0.031591,1286,931,629,144,0.8993006993006993,0.8993006993006993,0.4032051282051282,0.1006993006993007,0.5967948717948718,0.5967948717948718
0.031746,1285,932,628,145,0.8986013986013986,0.8986013986013986,0.4025641025641026,0.10139860139860139,0.5974358974358974,0.5974358974358974
0.031767,1284,932,628,146,0.8979020979020979,0.8979020979020979,0.4025641025641026,0.1020979020979021,0.5974358974358974,0.5974358974358974
0.031792,1284,933,627,146,0.8979020979020979,0.8979020979020979,0.40192307692307694,0.1020979020979021,0.5980769230769231,0.5980769230769231
0.031851,1284,934,626,146,0.8979020979020979,0.8979020979020979,0.4012820512820513,0.1020979020979021,0.5987179487179487,0.5987179487179487
0.031854,1283,934,626,147,0.8972027972027972,0.8972027972027972,0.4012820512820513,0.1027972027972028,0.5987179487179487,0.5987179487179487
0.031877,1283,935,625,147,0.8972027972027972,0.8972027972027972,0.40064102564102566,0.1027972027972028,0.5993589743589743,0.5993589743589743
0.03188,1282,936,624,148,0.8965034965034965,0.8965034965034965,0.4,0.1034965034965035,0.6,0.6
0.031891,1282,937,623,148,0.8965034965034965,0.8965034965034965,0.3993589743589744,0.1034965034965035,0.6006410256410256,0.6006410256410256
0.031929,1282,938,622,148,0.8965034965034965,0.8965034965034965,0.39871794871794874,0.1034965034965035,0.6012820512820513,0.6012820512820513
0.031933,1282,939,621,148,0.8965034965034965,0.8965034965034965,0.39807692307692305,0.1034965034965035,0.6019230769230769,0.6019230769230769
0.031975,1282,940,620,148,0.8965034965034965,0.8965034965034965,0.3974358974358974,0.1034965034965035,0.6025641025641025,0.6025641025641025
0.032082,1282,941,619,148,0.8965034965034965,0.8965034965034965,0.3967948717948718,0.1034965034965035,0.6032051282051282,0.6032051282051282
0.032145,1282,942,618,148,0.8965034965034965,0.8965034965034965,0.39615384615384613,0.1034965034965035,0.6038461538461538,0.6038461538461538
0.03222,1282,943,617,148,0.8965034965034965,0.8965034965034965,0.3955128205128205,0.1034965034965035,0.6044871794871794,0.6044871794871794
0.032295,1282,944,616,148,0.8965034965034965,0.8965034965034965,0.39487179487179486,0.1034965034965035,0.6051282051282051,0.6051282051282051
0.032302,1281,944,616,149,0.8958041958041958,0.8958041958041958,0.39487179487179486,0.1041958041958042,0.6051282051282051,0.6051282051282051
0.032334,1280,944,616,150,0.8951048951048951,0.8951048951048951,0.39487179487179486,0.1048951048951049,0.6051282051282051,0.6051282051282051
0.032343,1279,944,616,151,0.8944055944055944,0.8944055944055944,0.39487179487179486,0.1055944055944056,0.6051282051282051,0.6051282051282051
0.032357,1279,945,615,151,0.8944055944055944,0.8944055944055944,0.3942307692307692,0.1055944055944056,0.6057692307692307,0.6057692307692307
0.032402,1278,945,615,152,0.8937062937062937,0.8937062937062937,0.3942307692307692,0.1062937062937063,0.6057692307692307,0.6057692307692307
0.032472,1278,946,614,152,0.8937062937062937,0.8937062937062937,0.3935897435897436,0.1062937062937063,0.6064102564102564,0.6064102564102564
0.032477,1278,947,613,152,0.8937062937062937,0.8937062937062937,0.39294871794871794,0.1062937062937063,0.607051282051282,0.607051282051282
0.032491,1278,948,612,152,0.8937062937062937,0.8937062937062937,0.3923076923076923,0.1062937062937063,0.6076923076923076,0.6076923076923076
0.032511,1277,948,612,153,0.893006993006993,0.893006993006993,0.3923076923076923,0.106993006993007,0.6076923076923076,0.6076923076923076
0.032548,1276,948,612,154,0.8923076923076924,0.8923076923076924,0.3923076923076923,0.1076923076923077,0.6076923076923076,0.6076923076923076
0.032601,1276,949,611,154,0.8923076923076924,0.8923076923076924,0.39166666666666666,0.1076923076923077,0.6083333333333333,0.6083333333333333
0.032615,1276,950,610,154,0.8923076923076924,0.8923076923076924,0.391025641025641,0.1076923076923077,0.6089743589743589,0.6089743589743589
0.032634,1276,951,609,154,0.8923076923076924,0.8923076923076924,0.3903846153846154,0.1076923076923077,0.6096153846153847,0.6096153846153847
0.032768,1275,952,608,155,0.8916083916083916,0.8916083916083916,0.38974358974358975,0.10839160839160839,0.6102564102564103,0.6102564102564103
0.032806,1275,953,607,155,0.8916083916083916,0.8916083916083916,0.3891025641025641,0.10839160839160839,0.610897435897436,0.610897435897436
0.032867,1274,953,607,156,0.8909090909090909,0.8909090909090909,0.3891025641025641,0.10909090909090909,0.610897435897436,0.610897435897436
0.032877,1274,954,606,156,0.8909090909090909,0.8909090909090909,0.38846153846153847,0.10909090909090909,0.6115384615384616,0.6115384615384616
0.032904,1274,955,605,156,0.8909090909090909,0.8909090909090909,0.38782051282051283,0.10909090909090909,0.6121794871794872,0.6121794871794872
0.03298,1274,956,604,156,0.8909090909090909,0.8909090909090909,0.3871794871794872,0.10909090909090909,0.6128205128205129,0.6128205128205129
0.033101,1274,957,603,156,0.8909090909090909,0.8909090909090909,0.38653846153846155,0.10909090909090909,0.6134615384615385,0.6134615384615385
0.0332,1274,958,602,156,0.8909090909090909,0.8909090909090909,0.3858974358974359,0.10909090909090909,0.6141025641025641,0.6141025641025641
0.033259,1274,959,601,156,0.8909090909090909,0.8909090909090909,0.3852564102564103,0.10909090909090909,0.6147435897435898,0.6147435897435898
0.033265,1274,960,600,156,0.8909090909090909,0.8909090909090909,0.38461538461538464,0.10909090909090909,0.6153846153846154,0.6153846153846154
0.033271,1274,961,599,156,0.8909090909090909,0.8909090909090909,0.383974358974359,0.10909090909090909,0.6160256410256411,0.6160256410256411
0.033333,1274,962,598,156,0.8909090909090909,0.8909090909090909,0.38333333333333336,0.10909090909090909,0.6166666666666667,0.6166666666666667
0.033395,1274,963,597,156,0.8909090909090909,0.8909090909090909,0.38269230769230766,0.10909090909090909,0.6173076923076923,0.6173076923076923
0.033431,1274,964,596,156,0.8909090909090909,0.8909090909090909,0.382051282051282,0.10909090909090909,0.617948717948718,0.617948717948718
0.033445,1274,965,595,156,0.8909090909090909,0.8909090909090909,0.3814102564102564,0.10909090909090909,0.6185897435897436,0.6185897435897436
0.033485,1274,966,594,156,0.8909090909090909,0.8909090909090909,0.38076923076923075,0.10909090909090909,0.6192307692307693,0.6192307692307693
0.033487,1274,967,593,156,0.8909090909090909,0.8909090909090909,0.3801282051282051,0.10909090909090909,0.6198717948717949,0.6198717948717949
0.033507,1273,967,593,157,0.8902097902097902,0.8902097902097902,0.3801282051282051,0.10979020979020979,0.6198717948717949,0.6198717948717949
0.033603,1273,968,592,157,0.8902097902097902,0.8902097902097902,0.37948717948717947,0.10979020979020979,0.6205128205128205,0.6205128205128205
0.033647,1273,969,591,157,0.8902097902097902,0.8902097902097902,0.37884615384615383,0.10979020979020979,0.6211538461538462,0.6211538461538462
0.03366,1273,970,590,157,0.8902097902097902,0.8902097902097902,0.3782051282051282,0.10979020979020979,0.6217948717948718,0.6217948717948718
0.033695,1272,970,590,158,0.8895104895104895,0.8895104895104895,0.3782051282051282,0.11048951048951049,0.6217948717948718,0.6217948717948718
0.03376,1271,970,590,159,0.8888111888111888,0.8888111888111888,0.3782051282051282,0.11118881118881119,0.6217948717948718,0.6217948717948718
0.033784,1271,971,589,159,0.8888111888111888,0.8888111888111888,0.37756410256410255,0.11118881118881119,0.6224358974358974,0.6224358974358974
0.033819,1270,971,589,160,0.8881118881118881,0.8881118881118881,0.37756410256410255,0.11188811188811189,0.6224358974358974,0.6224358974358974
0.03383,1269,971,589,161,0.8874125874125874,0.8874125874125874,0.37756410256410255,0.11258741258741259,0.6224358974358974,0.6224358974358974
0.033839,1269,972,588,161,0.8874125874125874,0.8874125874125874,0.3769230769230769,0.11258741258741259,0.6230769230769231,0.6230769230769231
0.033908,1268,972,588,162,0.8867132867132868,0.8867132867132868,0.3769230769230769,0.11328671328671329,0.6230769230769231,0.6230769230769231
0.033909,1268,973,587,162,0.8867132867132868,0.8867132867132868,0.3762820512820513,0.11328671328671329,0.6237179487179487,0.6237179487179487
0.03391,1267,973,587,163,0.8860139860139861,0.8860139860139861,0.3762820512820513,0.11398601398601399,0.6237179487179487,0.6237179487179487
0.033919,1266,973,587,164,0.8853146853146853,0.8853146853146853,0.3762820512820513,0.11468531468531469,0.6237179487179487,0.6237179487179487
0.034018,1266,974,586,164,0.8853146853146853,0.8853146853146853,0.37564102564102564,0.11468531468531469,0.6243589743589744,0.6243589743589744
0.034054,1266,975,585,164,0.8853146853146853,0.8853146853146853,0.375,0.11468531468531469,0.625,0.625
0.034071,1265,975,585,165,0.8846153846153846,0.8846153846153846,0.375,0.11538461538461539,0.625,0.625
0.034112,1265,976,584,165,0.8846153846153846,0.8846153846153846,0.37435897435897436,0.11538461538461539,0.6256410256410256,0.6256410256410256
0.03414,1265,977,583,165,0.8846153846153846,0.8846153846153846,0.3737179487179487,0.11538461538461539,0.6262820512820513,0.6262820512820513
0.034211,1264,977,583,166,0.8839160839160839,0.8839160839160839,0.3737179487179487,0.11608391608391608,0.6262820512820513,0.6262820512820513
0.034243,1264,978,582,166,0.8839160839160839,0.8839160839160839,0.3730769230769231,0.11608391608391608,0.6269230769230769,0.6269230769230769
0.034282,1264,979,581,166,0.8839160839160839,0.8839160839160839,0.37243589743589745,0.11608391608391608,0.6275641025641026,0.6275641025641026
0.034351,1264,981,579,166,0.8839160839160839,0.8839160839160839,0.37115384615384617,0.11608391608391608,0.6288461538461538,0.6288461538461538
0.03446,1263,981,579,167,0.8832167832167832,0.8832167832167832,0.37115384615384617,0.11678321678321678,0.6288461538461538,0.6288461538461538
0.034483,1262,981,579,168,0.8825174825174825,0.8825174825174825,0.37115384615384617,0.11748251748251748,0.6288461538461538,0.6288461538461538
0.034503,1262,982,578,168,0.8825174825174825,0.8825174825174825,0.37051282051282053,0.11748251748251748,0.6294871794871795,0.6294871794871795
0.034509,1262,983,577,168,0.8825174825174825,0.8825174825174825,0.3698717948717949,0.11748251748251748,0.6301282051282051,0.6301282051282051
0.034521,1262,984,576,168,0.8825174825174825,0.8825174825174825,0.36923076923076925,0.11748251748251748,0.6307692307692307,0.6307692307692307
0.034525,1262,985,575,168,0.8825174825174825,0.8825174825174825,0.3685897435897436,0.11748251748251748,0.6314102564102564,0.6314102564102564
0.034526,1262,986,574,168,0.8825174825174825,0.8825174825174825,0.367948717948718,0.11748251748251748,0.632051282051282,0.632051282051282
0.034561,1261,986,574,169,0.8818181818181818,0.8818181818181818,0.367948717948718,0.11818181818181818,0.632051282051282,0.632051282051282
0.03466,1260,986,574,170,0.8811188811188811,0.8811188811188811,0.367948717948718,0.11888111888111888,0.632051282051282,0.632051282051282
0.034726,1259,986,574,171,0.8804195804195805,0.8804195804195805,0.367948717948718,0.11958041958041958,0.632051282051282,0.632051282051282
0.034758,1259,987,573,171,0.8804195804195805,0.8804195804195805,0.36730769230769234,0.11958041958041958,0.6326923076923077,0.6326923076923077
0.034864,1259,988,572,171,0.8804195804195805,0.8804195804195805,0.36666666666666664,0.11958041958041958,0.6333333333333333,0.6333333333333333
0.034877,1259,989,571,171,0.8804195804195805,0.8804195804195805,0.366025641025641,0.11958041958041958,0.6339743589743589,0.6339743589743589
0.034891,1259,990,570,171,0.8804195804195805,0.8804195804195805,0.36538461538461536,0.11958041958041958,0.6346153846153846,0.6346153846153846
0.034899,1259,992,568,171,0.8804195804195805,0.8804195804195805,0.3641025641025641,0.11958041958041958,0.6358974358974359,0.6358974358974359
0.034926,1258,992,568,172,0.8797202797202798,0.8797202797202798,0.3641025641025641,0.12027972027972028,0.6358974358974359,0.6358974358974359
0.034978,1258,993,567,172,0.8797202797202798,0.8797202797202798,0.36346153846153845,0.12027972027972028,0.6365384615384615,0.6365384615384615
0.035037,1258,994,566,172,0.8797202797202798,0.8797202797202798,0.3628205128205128,0.12027972027972028,0.6371794871794871,0.6371794871794871
0.035119,1257,994,566,173,0.879020979020979,0.879020979020979,0.3628205128205128,0.12097902097902098,0.6371794871794871,0.6371794871794871
0.035193,1257,995,565,173,0.879020979020979,0.879020979020979,0.36217948717948717,0.12097902097902098,0.6378205128205128,0.6378205128205128
0.035201,1257,996,564,173,0.879020979020979,0.879020979020979,0.36153846153846153,0.12097902097902098,0.6384615384615384,0.6384615384615384
0.035207,1257,997,563,173,0.879020979020979,0.879020979020979,0.3608974358974359,0.12097902097902098,0.639102564102564,0.639102564102564
0.035342,1257,998,562,173,0.879020979020979,0.879020979020979,0.36025641025641025,0.12097902097902098,0.6397435897435897,0.6397435897435897
0.035368,1257,999,561,173,0.879020979020979,0.879020979020979,0.3596153846153846,0.12097902097902098,0.6403846153846153,0.6403846153846153
0.035387,1257,1000,560,173,0.879020979020979,0.879020979020979,0.358974358974359,0.12097902097902098,0.6410256410256411,0.6410256410256411
0.035398,1256,1000,560,174,0.8783216783216783,0.8783216783216783,0.358974358974359,0.12167832167832168,0.6410256410256411,0.6410256410256411
0.035431,1256,1001,559,174,0.8783216783216783,0.8783216783216783,0.35833333333333334,0.12167832167832168,0.6416666666666667,0.6416666666666667
0.035503,1256,1002,558,174,0.8783216783216783,0.8783216783216783,0.3576923076923077,0.12167832167832168,0.6423076923076924,0.6423076923076924
0.035506,1255,1002,558,175,0.8776223776223776,0.8776223776223776,0.3576923076923077,0.12237762237762238,0.6423076923076924,0.6423076923076924
0.035513,1255,1003,557,175,0.8776223776223776,0.8776223776223776,0.35705128205128206,0.12237762237762238,0.642948717948718,0.642948717948718
0.035561,1255,1004,556,175,0.8776223776223776,0.8776223776223776,0.3564102564102564,0.12237762237762238,0.6435897435897436,0.6435897435897436
0.035605,1255,1005,555,175,0.8776223776223776,0.8776223776223776,0.3557692307692308,0.12237762237762238,0.6442307692307693,0.6442307692307693
0.035627,1254,1005,555,176,0.8769230769230769,0.8769230769230769,0.3557692307692308,0.12307692307692308,0.6442307692307693,0.6442307692307693
0.035775,1254,1007,553,176,0.8769230769230769,0.8769230769230769,0.3544871794871795,0.12307692307692308,0.6455128205128206,0.6455128205128206
0.035807,1254,1008,552,176,0.8769230769230769,0.8769230769230769,0.35384615384615387,0.12307692307692308,0.6461538461538462,0.6461538461538462
0.035877,1254,1009,551,176,0.8769230769230769,0.8769230769230769,0.3532051282051282,0.12307692307692308,0.6467948717948718,0.6467948717948718
0.035904,1253,1009,551,177,0.8762237762237762,0.8762237762237762,0.3532051282051282,0.12377622377622377,0.6467948717948718,0.6467948717948718
0.03591,1253,1010,550,177,0.8762237762237762,0.8762237762237762,0.3525641025641026,0.12377622377622377,0.6474358974358975,0.6474358974358975
0.035953,1253,1011,549,177,0.8762237762237762,0.8762237762237762,0.35192307692307695,0.12377622377622377,0.6480769230769231,0.6480769230769231
0.036008,1253,1012,548,177,0.8762237762237762,0.8762237762237762,0.35128205128205126,0.12377622377622377,0.6487179487179487,0.6487179487179487
0.036052,1253,1013,547,177,0.8762237762237762,0.8762237762237762,0.3506410256410256,0.12377622377622377,0.6493589743589744,0.6493589743589744
0.03607,1253,1014,546,177,0.8762237762237762,0.8762237762237762,0.35,0.12377622377622377,0.65,0.65
0.036135,1253,1015,545,177,0.8762237762237762,0.8762237762237762,0.34935897435897434,0.12377622377622377,0.6506410256410257,0.6506410256410257
0.036173,1252,1015,545,178,0.8755244755244755,0.8755244755244755,0.34935897435897434,0.12447552447552447,0.6506410256410257,0.6506410256410257
0.036184,1252,1016,544,178,0.8755244755244755,0.8755244755244755,0.3487179487179487,0.12447552447552447,0.6512820512820513,0.6512820512820513
0.036188,1251,1016,544,179,0.8748251748251749,0.8748251748251749,0.3487179487179487,0.12517482517482517,0.6512820512820513,0.6512820512820513
0.036249,1251,1017,543,179,0.8748251748251749,0.8748251748251749,0.34807692307692306,0.12517482517482517,0.6519230769230769,0.6519230769230769
0.036258,1251,1018,542,179,0.8748251748251749,0.8748251748251749,0.3474358974358974,0.12517482517482517,0.6525641025641026,0.6525641025641026
0.036288,1251,1019,541,179,0.8748251748251749,0.8748251748251749,0.3467948717948718,0.12517482517482517,0.6532051282051282,0.6532051282051282
0.036452,1251,1020,540,179,0.8748251748251749,0.8748251748251749,0.34615384615384615,0.12517482517482517,0.6538461538461539,0.6538461538461539
0.03647,1250,1020,540,180,0.8741258741258742,0.8741258741258742,0.34615384615384615,0.1258741258741259,0.6538461538461539,0.6538461538461539
0.036547,1250,1021,539,180,0.8741258741258742,0.8741258741258742,0.3455128205128205,0.1258741258741259,0.6544871794871795,0.6544871794871795
0.03655,1249,1021,539,181,0.8734265734265734,0.8734265734265734,0.3455128205128205,0.12657342657342657,0.6544871794871795,0.6544871794871795
0.036554,1249,1022,538,181,0.8734265734265734,0.8734265734265734,0.34487179487179487,0.12657342657342657,0.6551282051282051,0.6551282051282051
0.036613,1248,1022,538,182,0.8727272727272727,0.8727272727272727,0.34487179487179487,0.12727272727272726,0.6551282051282051,0.6551282051282051
0.036638,1248,1023,537,182,0.8727272727272727,0.8727272727272727,0.34423076923076923,0.12727272727272726,0.6557692307692308,0.6557692307692308
0.036714,1248,1024,536,182,0.8727272727272727,0.8727272727272727,0.3435897435897436,0.12727272727272726,0.6564102564102564,0.6564102564102564
0.036778,1247,1024,536,183,0.872027972027972,0.872027972027972,0.3435897435897436,0.12797202797202797,0.6564102564102564,0.6564102564102564
0.036782,1247,1025,535,183,0.872027972027972,0.872027972027972,0.34294871794871795,0.12797202797202797,0.657051282051282,0.657051282051282
0.036839,1247,1026,534,183,0.872027972027972,0.872027972027972,0.3423076923076923,0.12797202797202797,0.6576923076923077,0.6576923076923077
0.036842,1246,1026,534,184,0.8713286713286713,0.8713286713286713,0.3423076923076923,0.12867132867132866,0.6576923076923077,0.6576923076923077
0.036849,1246,1027,533,184,0.8713286713286713,0.8713286713286713,0.3416666666666667,0.12867132867132866,0.6583333333333333,0.6583333333333333
0.036869,1246,1028,532,184,0.8713286713286713,0.8713286713286713,0.34102564102564104,0.12867132867132866,0.658974358974359,0.658974358974359
0.036885,1246,1029,531,184,0.8713286713286713,0.8713286713286713,0.3403846153846154,0.12867132867132866,0.6596153846153846,0.6596153846153846
0.036913,1246,1030,530,184,0.8713286713286713,0.8713286713286713,0.33974358974358976,0.12867132867132866,0.6602564102564102,0.6602564102564102
0.036932,1246,1031,529,184,0.8713286713286713,0.8713286713286713,0.3391025641025641,0.12867132867132866,0.6608974358974359,0.6608974358974359
0.036939,1246,1032,528,184,0.8713286713286713,0.8713286713286713,0.3384615384615385,0.12867132867132866,0.6615384615384615,0.6615384615384615
0.037081,1246,1033,527,184,0.8713286713286713,0.8713286713286713,0.33782051282051284,0.12867132867132866,0.6621794871794872,0.6621794871794872
0.037184,1246,1034,526,184,0.8713286713286713,0.8713286713286713,0.3371794871794872,0.12867132867132866,0.6628205128205128,0.6628205128205128
0.037185,1246,1035,525,184,0.8713286713286713,0.8713286713286713,0.33653846153846156,0.12867132867132866,0.6634615384615384,0.6634615384615384
0.037244,1246,1036,524,184,0.8713286713286713,0.8713286713286713,0.33589743589743587,0.12867132867132866,0.6641025641025641,0.6641025641025641
0.037251,1246,1037,523,184,0.8713286713286713,0.8713286713286713,0.33525641025641023,0.12867132867132866,0.6647435897435897,0.6647435897435897
0.03726,1245,1037,523,185,0.8706293706293706,0.8706293706293706,0.33525641025641023,0.12937062937062938,0.6647435897435897,0.6647435897435897
0.037282,1245,1038,522,185,0.8706293706293706,0.8706293706293706,0.3346153846153846,0.12937062937062938,0.6653846153846154,0.6653846153846154
0.037313,1245,1039,521,185,0.8706293706293706,0.8706293706293706,0.33397435897435895,0.12937062937062938,0.666025641025641,0.666025641025641
0.037405,1245,1040,520,185,0.8706293706293706,0.8706293706293706,0.3333333333333333,0.12937062937062938,0.6666666666666666,0.6666666666666666
0.037625,1245,1041,519,185,0.8706293706293706,0.8706293706293706,0.3326923076923077,0.12937062937062938,0.6673076923076923,0.6673076923076923
0.037644,1245,1042,518,185,0.8706293706293706,0.8706293706293706,0.33205128205128204,0.12937062937062938,0.6679487179487179,0.6679487179487179
0.03766,1245,1043,517,185,0.8706293706293706,0.8706293706293706,0.3314102564102564,0.12937062937062938,0.6685897435897435,0.6685897435897435
0.037683,1245,1044,516,185,0.8706293706293706,0.8706293706293706,0.33076923076923076,0.12937062937062938,0.6692307692307692,0.6692307692307692
0.037702,1245,1045,515,185,0.8706293706293706,0.8706293706293706,0.3301282051282051,0.12937062937062938,0.6698717948717948,0.6698717948717948
0.03771,1245,1046,514,185,0.8706293706293706,0.8706293706293706,0.3294871794871795,0.12937062937062938,0.6705128205128205,0.6705128205128205
0.037725,1245,1047,513,185,0.8706293706293706,0.8706293706293706,0.32884615384615384,0.12937062937062938,0.6711538461538461,0.6711538461538461
0.037747,1245,1048,512,185,0.8706293706293706,0.8706293706293706,0.3282051282051282,0.12937062937062938,0.6717948717948717,0.6717948717948717
0.037772,1245,1050,510,185,0.8706293706293706,0.8706293706293706,0.3269230769230769,0.12937062937062938,0.6730769230769231,0.6730769230769231
0.037812,1244,1050,510,186,0.8699300699300699,0.8699300699300699,0.3269230769230769,0.13006993006993006,0.6730769230769231,0.6730769230769231
0.03783,1243,1050,510,187,0.8692307692307693,0.8692307692307693,0.3269230769230769,0.13076923076923078,0.6730769230769231,0.6730769230769231
0.037887,1242,1050,510,188,0.8685314685314686,0.8685314685314686,0.3269230769230769,0.13146853146853146,0.6730769230769231,0.6730769230769231
0.037915,1242,1051,509,188,0.8685314685314686,0.8685314685314686,0.3262820512820513,0.13146853146853146,0.6737179487179488,0.6737179487179488
0.037966,1242,1052,508,188,0.8685314685314686,0.8685314685314686,0.32564102564102565,0.13146853146853146,0.6743589743589744,0.6743589743589744
0.038003,1242,1053,507,188,0.8685314685314686,0.8685314685314686,0.325,0.13146853146853146,0.675,0.675
0.038055,1242,1054,506,188,0.8685314685314686,0.8685314685314686,0.3243589743589744,0.13146853146853146,0.6756410256410257,0.6756410256410257
0.03809,1241,1054,506,189,0.8678321678321679,0.8678321678321679,0.3243589743589744,0.13216783216783218,0.6756410256410257,0.6756410256410257
0.038159,1241,1055,505,189,0.8678321678321679,0.8678321678321679,0.32371794871794873,0.13216783216783218,0.6762820512820513,0.6762820512820513
0.038201,1241,1056,504,189,0.8678321678321679,0.8678321678321679,0.3230769230769231,0.13216783216783218,0.676923076923077,0.676923076923077
0.038235,1240,1056,504,190,0.8671328671328671,0.8671328671328671,0.3230769230769231,0.13286713286713286,0.676923076923077,0.676923076923077
0.038251,1239,1056,504,191,0.8664335664335664,0.8664335664335664,0.3230769230769231,0.13356643356643358,0.676923076923077,0.676923076923077
0.038325,1239,1057,503,191,0.8664335664335664,0.8664335664335664,0.32243589743589746,0.13356643356643358,0.6775641025641026,0.6775641025641026
0.03835,1239,1058,502,191,0.8664335664335664,0.8664335664335664,0.3217948717948718,0.13356643356643358,0.6782051282051282,0.6782051282051282
0.038376,1239,1059,501,191,0.8664335664335664,0.8664335664335664,0.3211538461538462,0.13356643356643358,0.6788461538461539,0.6788461538461539
0.038428,1239,1061,499,191,0.8664335664335664,0.8664335664335664,0.31987179487179485,0.13356643356643358,0.6801282051282052,0.6801282051282052
0.038433,1239,1062,498,191,0.8664335664335664,0.8664335664335664,0.3192307692307692,0.13356643356643358,0.6807692307692308,0.6807692307692308
0.038436,1239,1063,497,191,0.8664335664335664,0.8664335664335664,0.31858974358974357,0.13356643356643358,0.6814102564102564,0.6814102564102564
0.038438,1239,1064,496,191,0.8664335664335664,0.8664335664335664,0.31794871794871793,0.13356643356643358,0.6820512820512821,0.6820512820512821
0.038462,1238,1064,496,192,0.8657342657342657,0.8657342657342657,0.31794871794871793,0.13426573426573427,0.6820512820512821,0.6820512820512821
0.038492,1238,1065,495,192,0.8657342657342657,0.8657342657342657,0.3173076923076923,0.13426573426573427,0.6826923076923077,0.6826923076923077
0.038507,1237,1065,495,193,0.865034965034965,0.865034965034965,0.3173076923076923,0.13496503496503495,0.6826923076923077,0.6826923076923077
0.038569,1237,1066,494,193,0.865034965034965,0.865034965034965,0.31666666666666665,0.13496503496503495,0.6833333333333333,0.6833333333333333
0.038639,1237,1067,493,193,0.865034965034965,0.865034965034965,0.316025641025641,0.13496503496503495,0.683974358974359,0.683974358974359
0.0387,1237,1068,492,193,0.865034965034965,0.865034965034965,0.3153846153846154,0.13496503496503495,0.6846153846153846,0.6846153846153846
0.038786,1237,1069,491,193,0.865034965034965,0.865034965034965,0.31474358974358974,0.13496503496503495,0.6852564102564103,0.6852564102564103
0.038808,1237,1070,490,193,0.865034965034965,0.865034965034965,0.3141025641025641,0.13496503496503495,0.6858974358974359,0.6858974358974359
0.038816,1237,1071,489,193,0.865034965034965,0.865034965034965,0.31346153846153846,0.13496503496503495,0.6865384615384615,0.6865384615384615
0.038824,1237,1072,488,193,0.865034965034965,0.865034965034965,0.3128205128205128,0.13496503496503495,0.6871794871794872,0.6871794871794872
0.038854,1237,1073,487,193,0.865034965034965,0.865034965034965,0.3121794871794872,0.13496503496503495,0.6878205128205128,0.6878205128205128
0.038879,1237,1074,486,193,0.865034965034965,0.865034965034965,0.31153846153846154,0.13496503496503495,0.6884615384615385,0.6884615384615385
0.039048,1237,1075,485,193,0.865034965034965,0.865034965034965,0.3108974358974359,0.13496503496503495,0.6891025641025641,0.6891025641025641
0.03909,1237,1076,484,193,0.865034965034965,0.865034965034965,0.31025641025641026,0.13496503496503495,0.6897435897435897,0.6897435897435897
0.039093,1237,1077,483,193,0.865034965034965,0.865034965034965,0.3096153846153846,0.13496503496503495,0.6903846153846154,0.6903846153846154
0.039116,1237,1078,482,193,0.865034965034965,0.865034965034965,0.308974358974359,0.13496503496503495,0.691025641025641,0.691025641025641
0.039158,1237,1079,481,193,0.865034965034965,0.865034965034965,0.30833333333333335,0.13496503496503495,0.6916666666666667,0.6916666666666667
0.03918,1236,1079,481,194,0.8643356643356643,0.8643356643356643,0.30833333333333335,0.13566433566433567,0.6916666666666667,0.6916666666666667
0.039294,1236,1080,480,194,0.8643356643356643,0.8643356643356643,0.3076923076923077,0.13566433566433567,0.6923076923076923,0.6923076923076923
0.039333,1236,1081,479,194,0.8643356643356643,0.8643356643356643,0.30705128205128207,0.13566433566433567,0.6929487179487179,0.6929487179487179
0.039382,1236,1082,478,194,0.8643356643356643,0.8643356643356643,0.30641025641025643,0.13566433566433567,0.6935897435897436,0.6935897435897436
0.039387,1235,1082,478,195,0.8636363636363636,0.8636363636363636,0.30641025641025643,0.13636363636363635,0.6935897435897436,0.6935897435897436
0.039456,1235,1083,477,195,0.8636363636363636,0.8636363636363636,0.3057692307692308,0.13636363636363635,0.6942307692307692,0.6942307692307692
0.039508,1235,1084,476,195,0.8636363636363636,0.8636363636363636,0.30512820512820515,0.13636363636363635,0.6948717948717948,0.6948717948717948
0.039552,1235,1085,475,195,0.8636363636363636,0.8636363636363636,0.30448717948717946,0.13636363636363635,0.6955128205128205,0.6955128205128205
0.039564,1234,1085,475,196,0.862937062937063,0.862937062937063,0.30448717948717946,0.13706293706293707,0.6955128205128205,0.6955128205128205
0.039568,1234,1086,474,196,0.862937062937063,0.862937062937063,0.3038461538461538,0.13706293706293707,0.6961538461538461,0.6961538461538461
0.039586,1234,1087,473,196,0.862937062937063,0.862937062937063,0.3032051282051282,0.13706293706293707,0.6967948717948718,0.6967948717948718
0.039632,1234,1088,472,196,0.862937062937063,0.862937062937063,0.30256410256410254,0.13706293706293707,0.6974358974358974,0.6974358974358974
0.039687,1234,1089,471,196,0.862937062937063,0.862937062937063,0.3019230769230769,0.13706293706293707,0.698076923076923,0.698076923076923
0.039752,1234,1090,470,196,0.862937062937063,0.862937062937063,0.30128205128205127,0.13706293706293707,0.6987179487179487,0.6987179487179487
0.03978,1233,1090,470,197,0.8622377622377623,0.8622377622377623,0.30128205128205127,0.13776223776223775,0.6987179487179487,0.6987179487179487
0.039801,1233,1091,469,197,0.8622377622377623,0.8622377622377623,0.3006410256410256,0.13776223776223775,0.6993589743589743,0.6993589743589743
0.039816,1233,1092,468,197,0.8622377622377623,0.8622377622377623,0.3,0.13776223776223775,0.7,0.7
0.040028,1233,1093,467,197,0.8622377622377623,0.8622377622377623,0.29935897435897435,0.13776223776223775,0.7006410256410256,0.7006410256410256
0.040158,1233,1094,466,197,0.8622377622377623,0.8622377622377623,0.2987179487179487,0.13776223776223775,0.7012820512820512,0.7012820512820512
0.040173,1232,1094,466,198,0.8615384615384616,0.8615384615384616,0.2987179487179487,0.13846153846153847,0.7012820512820512,0.7012820512820512
0.04021,1232,1095,465,198,0.8615384615384616,0.8615384615384616,0.2980769230769231,0.13846153846153847,0.7019230769230769,0.7019230769230769
0.040257,1231,1095,465,199,0.8608391608391608,0.8608391608391608,0.2980769230769231,0.13916083916083916,0.7019230769230769,0.7019230769230769
0.040268,1230,1095,465,200,0.8601398601398601,0.8601398601398601,0.2980769230769231,0.13986013986013987,0.7019230769230769,0.7019230769230769
0.040273,1230,1096,464,200,0.8601398601398601,0.8601398601398601,0.29743589743589743,0.13986013986013987,0.7025641025641025,0.7025641025641025
0.04028,1229,1096,464,201,0.8594405594405594,0.8594405594405594,0.29743589743589743,0.14055944055944056,0.7025641025641025,0.7025641025641025
0.040307,1228,1096,464,202,0.8587412587412587,0.8587412587412587,0.29743589743589743,0.14125874125874127,0.7025641025641025,0.7025641025641025
0.040313,1227,1096,464,203,0.858041958041958,0.858041958041958,0.29743589743589743,0.14195804195804196,0.7025641025641025,0.7025641025641025
0.040323,1227,1097,463,203,0.858041958041958,0.858041958041958,0.2967948717948718,0.14195804195804196,0.7032051282051283,0.7032051282051283
0.040341,1226,1097,463,204,0.8573426573426574,0.8573426573426574,0.2967948717948718,0.14265734265734265,0.7032051282051283,0.7032051282051283
0.040532,1226,1098,462,204,0.8573426573426574,0.8573426573426574,0.29615384615384616,0.14265734265734265,0.7038461538461539,0.7038461538461539
0.040609,1226,1099,461,204,0.8573426573426574,0.8573426573426574,0.2955128205128205,0.14265734265734265,0.7044871794871795,0.7044871794871795
0.040613,1225,1099,461,205,0.8566433566433567,0.8566433566433567,0.2955128205128205,0.14335664335664336,0.7044871794871795,0.7044871794871795
0.040635,1225,1100,460,205,0.8566433566433567,0.8566433566433567,0.2948717948717949,0.14335664335664336,0.7051282051282052,0.7051282051282052
0.04064,1224,1100,460,206,0.855944055944056,0.855944055944056,0.2948717948717949,0.14405594405594405,0.7051282051282052,0.7051282051282052
0.04078,1223,1100,460,207,0.8552447552447553,0.8552447552447553,0.2948717948717949,0.14475524475524476,0.7051282051282052,0.7051282051282052
0.04086,1223,1101,459,207,0.8552447552447553,0.8552447552447553,0.29423076923076924,0.14475524475524476,0.7057692307692308,0.7057692307692308
0.04089,1222,1101,459,208,0.8545454545454545,0.8545454545454545,0.29423076923076924,0.14545454545454545,0.7057692307692308,0.7057692307692308
0.040973,1221,1101,459,209,0.8538461538461538,0.8538461538461538,0.29423076923076924,0.14615384615384616,0.7057692307692308,0.7057692307692308
0.040988,1220,1101,459,210,0.8531468531468531,0.8531468531468531,0.29423076923076924,0.14685314685314685,0.7057692307692308,0.7057692307692308
0.040989,1220,1102,458,210,0.8531468531468531,0.8531468531468531,0.2935897435897436,0.14685314685314685,0.7064102564102565,0.7064102564102565
0.041056,1220,1103,457,210,0.8531468531468531,0.8531468531468531,0.29294871794871796,0.14685314685314685,0.7070512820512821,0.7070512820512821
0.041158,1220,1104,456,210,0.8531468531468531,0.8531468531468531,0.2923076923076923,0.14685314685314685,0.7076923076923077,0.7076923076923077
0.041211,1220,1105,455,210,0.8531468531468531,0.8531468531468531,0.2916666666666667,0.14685314685314685,0.7083333333333334,0.7083333333333334
0.041287,1220,1106,454,210,0.8531468531468531,0.8531468531468531,0.29102564102564105,0.14685314685314685,0.708974358974359,0.708974358974359
0.041322,1220,1107,453,210,0.8531468531468531,0.8531468531468531,0.2903846153846154,0.14685314685314685,0.7096153846153846,0.7096153846153846
0.041375,1220,1108,452,210,0.8531468531468531,0.8531468531468531,0.28974358974358977,0.14685314685314685,0.7102564102564103,0.7102564102564103
0.041424,1219,1108,452,211,0.8524475524475524,0.8524475524475524,0.28974358974358977,0.14755244755244756,0.7102564102564103,0.7102564102564103
0.041431,1219,1109,451,211,0.8524475524475524,0.8524475524475524,0.28910256410256413,0.14755244755244756,0.7108974358974359,0.7108974358974359
0.041503,1219,1110,450,211,0.8524475524475524,0.8524475524475524,0.28846153846153844,0.14755244755244756,0.7115384615384616,0.7115384615384616
0.041543,1219,1111,449,211,0.8524475524475524,0.8524475524475524,0.2878205128205128,0.14755244755244756,0.7121794871794872,0.7121794871794872
0.04155,1219,1112,448,211,0.8524475524475524,0.8524475524475524,0.28717948717948716,0.14755244755244756,0.7128205128205128,0.7128205128205128
0.04158,1219,1113,447,211,0.8524475524475524,0.8524475524475524,0.2865384615384615,0.14755244755244756,0.7134615384615385,0.7134615384615385
0.041594,1218,1113,447,212,0.8517482517482518,0.8517482517482518,0.2865384615384615,0.14825174825174825,0.7134615384615385,0.7134615384615385
0.041612,1218,1114,446,212,0.8517482517482518,0.8517482517482518,0.2858974358974359,0.14825174825174825,0.7141025641025641,0.7141025641025641
0.04164,1217,1114,446,213,0.8510489510489511,0.8510489510489511,0.2858974358974359,0.14895104895104896,0.7141025641025641,0.7141025641025641
0.041694,1216,1114,446,214,0.8503496503496504,0.8503496503496504,0.2858974358974359,0.14965034965034965,0.7141025641025641,0.7141025641025641
0.041697,1215,1114,446,215,0.8496503496503497,0.8496503496503497,0.2858974358974359,0.15034965034965034,0.7141025641025641,0.7141025641025641
0.041774,1215,1115,445,215,0.8496503496503497,0.8496503496503497,0.28525641025641024,0.15034965034965034,0.7147435897435898,0.7147435897435898
0.041783,1215,1116,444,215,0.8496503496503497,0.8496503496503497,0.2846153846153846,0.15034965034965034,0.7153846153846154,0.7153846153846154
0.041788,1215,1117,443,215,0.8496503496503497,0.8496503496503497,0.28397435897435896,0.15034965034965034,0.716025641025641,0.716025641025641
0.041818,1214,1117,443,216,0.848951048951049,0.848951048951049,0.28397435897435896,0.15104895104895105,0.716025641025641,0.716025641025641
0.041854,1214,1118,442,216,0.848951048951049,0.848951048951049,0.2833333333333333,0.15104895104895105,0.7166666666666667,0.7166666666666667
0.041905,1214,1119,441,216,0.848951048951049,0.848951048951049,0.2826923076923077,0.15104895104895105,0.7173076923076923,0.7173076923076923
0.041973,1214,1120,440,216,0.848951048951049,0.848951048951049,0.28205128205128205,0.15104895104895105,0.717948717948718,0.717948717948718
0.042017,1214,1122,438,216,0.848951048951049,0.848951048951049,0.28076923076923077,0.15104895104895105,0.7192307692307692,0.7192307692307692
0.042022,1214,1123,437,216,0.848951048951049,0.848951048951049,0.28012820512820513,0.15104895104895105,0.7198717948717949,0.7198717948717949
0.042056,1213,1123,437,217,0.8482517482517482,0.8482517482517482,0.28012820512820513,0.15174825174825174,0.7198717948717949,0.7198717948717949
0.042146,1213,1124,436,217,0.8482517482517482,0.8482517482517482,0.2794871794871795,0.15174825174825174,0.7205128205128205,0.7205128205128205
0.042213,1212,1124,436,218,0.8475524475524475,0.8475524475524475,0.2794871794871795,0.15244755244755245,0.7205128205128205,0.7205128205128205
0.042245,1210,1125,435,220,0.8461538461538461,0.8461538461538461,0.27884615384615385,0.15384615384615385,0.7211538461538461,0.7211538461538461
0.042276,1210,1126,434,220,0.8461538461538461,0.8461538461538461,0.2782051282051282,0.15384615384615385,0.7217948717948718,0.7217948717948718
0.042286,1210,1127,433,220,0.8461538461538461,0.8461538461538461,0.2775641025641026,0.15384615384615385,0.7224358974358974,0.7224358974358974
0.042324,1209,1127,433,221,0.8454545454545455,0.8454545454545455,0.2775641025641026,0.15454545454545454,0.7224358974358974,0.7224358974358974
0.042343,1209,1128,432,221,0.8454545454545455,0.8454545454545455,0.27692307692307694,0.15454545454545454,0.7230769230769231,0.7230769230769231
0.042456,1209,1129,431,221,0.8454545454545455,0.8454545454545455,0.2762820512820513,0.15454545454545454,0.7237179487179487,0.7237179487179487
0.04248,1209,1130,430,221,0.8454545454545455,0.8454545454545455,0.27564102564102566,0.15454545454545454,0.7243589743589743,0.7243589743589743
0.042486,1208,1130,430,222,0.8447552447552448,0.8447552447552448,0.27564102564102566,0.15524475524475526,0.7243589743589743,0.7243589743589743
0.042514,1207,1130,430,223,0.8440559440559441,0.8440559440559441,0.27564102564102566,0.15594405594405594,0.7243589743589743,0.7243589743589743
0.042565,1207,1131,429,223,0.8440559440559441,0.8440559440559441,0.275,0.15594405594405594,0.725,0.725
0.042601,1207,1132,428,223,0.8440559440559441,0.8440559440559441,0.2743589743589744,0.15594405594405594,0.7256410256410256,0.7256410256410256
0.042645,1207,1133,427,223,0.8440559440559441,0.8440559440559441,0.27371794871794874,0.15594405594405594,0.7262820512820513,0.7262820512820513
0.042709,1207,1134,426,223,0.8440559440559441,0.8440559440559441,0.27307692307692305,0.15594405594405594,0.7269230769230769,0.7269230769230769
0.042725,1207,1135,425,223,0.8440559440559441,0.8440559440559441,0.2724358974358974,0.15594405594405594,0.7275641025641025,0.7275641025641025
0.042765,1207,1136,424,223,0.8440559440559441,0.8440559440559441,0.2717948717948718,0.15594405594405594,0.7282051282051282,0.7282051282051282
0.042791,1207,1137,423,223,0.8440559440559441,0.8440559440559441,0.27115384615384613,0.15594405594405594,0.7288461538461538,0.7288461538461538
0.042794,1207,1138,422,223,0.8440559440559441,0.8440559440559441,0.2705128205128205,0.15594405594405594,0.7294871794871794,0.7294871794871794
0.042945,1206,1138,422,224,0.8433566433566434,0.8433566433566434,0.2705128205128205,0.15664335664335666,0.7294871794871794,0.7294871794871794
0.042955,1206,1139,421,224,0.8433566433566434,0.8433566433566434,0.26987179487179486,0.15664335664335666,0.7301282051282051,0.7301282051282051
0.043018,1206,1140,420,224,0.8433566433566434,0.8433566433566434,0.2692307692307692,0.15664335664335666,0.7307692307692307,0.7307692307692307
0.043024,1206,1141,419,224,0.8433566433566434,0.8433566433566434,0.2685897435897436,0.15664335664335666,0.7314102564102564,0.7314102564102564
0.043059,1206,1142,418,224,0.8433566433566434,0.8433566433566434,0.26794871794871794,0.15664335664335666,0.732051282051282,0.732051282051282
0.04313,1206,1143,417,224,0.8433566433566434,0.8433566433566434,0.2673076923076923,0.15664335664335666,0.7326923076923076,0.7326923076923076
0.043328,1206,1144,416,224,0.8433566433566434,0.8433566433566434,0.26666666666666666,0.15664335664335666,0.7333333333333333,0.7333333333333333
0.043451,1206,1145,415,224,0.8433566433566434,0.8433566433566434,0.266025641025641,0.15664335664335666,0.7339743589743589,0.7339743589743589
0.043571,1205,1145,415,225,0.8426573426573427,0.8426573426573427,0.266025641025641,0.15734265734265734,0.7339743589743589,0.7339743589743589
0.043587,1205,1146,414,225,0.8426573426573427,0.8426573426573427,0.2653846153846154,0.15734265734265734,0.7346153846153847,0.7346153846153847
0.043628,1204,1146,414,226,0.8419580419580419,0.8419580419580419,0.2653846153846154,0.15804195804195803,0.7346153846153847,0.7346153846153847
0.043645,1204,1147,413,226,0.8419580419580419,0.8419580419580419,0.26474358974358975,0.15804195804195803,0.7352564102564103,0.7352564102564103
0.043658,1204,1148,412,226,0.8419580419580419,0.8419580419580419,0.2641025641025641,0.15804195804195803,0.735897435897436,0.735897435897436
0.043758,1204,1149,411,226,0.8419580419580419,0.8419580419580419,0.26346153846153847,0.15804195804195803,0.7365384615384616,0.7365384615384616
0.043764,1204,1150,410,226,0.8419580419580419,0.8419580419580419,0.26282051282051283,0.15804195804195803,0.7371794871794872,0.7371794871794872
0.043771,1204,1152,408,226,0.8419580419580419,0.8419580419580419,0.26153846153846155,0.15804195804195803,0.7384615384615385,0.7384615384615385
0.04382,1204,1153,407,226,0.8419580419580419,0.8419580419580419,0.2608974358974359,0.15804195804195803,0.7391025641025641,0.7391025641025641
0.043848,1204,1154,406,226,0.8419580419580419,0.8419580419580419,0.2602564102564103,0.15804195804195803,0.7397435897435898,0.7397435897435898
0.043892,1203,1154,406,227,0.8412587412587412,0.8412587412587412,0.2602564102564103,0.15874125874125875,0.7397435897435898,0.7397435897435898
0.043906,1203,1155,405,227,0.8412587412587412,0.8412587412587412,0.25961538461538464,0.15874125874125875,0.7403846153846154,0.7403846153846154
0.043926,1202,1155,405,228,0.8405594405594405,0.8405594405594405,0.25961538461538464,0.15944055944055943,0.7403846153846154,0.7403846153846154
0.044159,1201,1155,405,229,0.8398601398601399,0.8398601398601399,0.25961538461538464,0.16013986013986015,0.7403846153846154,0.7403846153846154
0.044177,1201,1156,404,229,0.8398601398601399,0.8398601398601399,0.258974358974359,0.16013986013986015,0.7410256410256411,0.7410256410256411
0.044192,1201,1157,403,229,0.8398601398601399,0.8398601398601399,0.25833333333333336,0.16013986013986015,0.7416666666666667,0.7416666666666667
0.044216,1200,1157,403,230,0.8391608391608392,0.8391608391608392,0.25833333333333336,0.16083916083916083,0.7416666666666667,0.7416666666666667
0.044253,1199,1157,403,231,0.8384615384615385,0.8384615384615385,0.25833333333333336,0.16153846153846155,0.7416666666666667,0.7416666666666667
0.04438,1199,1158,402,231,0.8384615384615385,0.8384615384615385,0.25769230769230766,0.16153846153846155,0.7423076923076923,0.7423076923076923
0.044402,1199,1159,401,231,0.8384615384615385,0.8384615384615385,0.257051282051282,0.16153846153846155,0.742948717948718,0.742948717948718
0.044412,1199,1160,400,231,0.8384615384615385,0.8384615384615385,0.2564102564102564,0.16153846153846155,0.7435897435897436,0.7435897435897436
0.044525,1199,1161,399,231,0.8384615384615385,0.8384615384615385,0.25576923076923075,0.16153846153846155,0.7442307692307693,0.7442307692307693
0.044602,1199,1162,398,231,0.8384615384615385,0.8384615384615385,0.2551282051282051,0.16153846153846155,0.7448717948717949,0.7448717948717949
0.044658,1199,1163,397,231,0.8384615384615385,0.8384615384615385,0.25448717948717947,0.16153846153846155,0.7455128205128205,0.7455128205128205
0.044665,1199,1164,396,231,0.8384615384615385,0.8384615384615385,0.25384615384615383,0.16153846153846155,0.7461538461538462,0.7461538461538462
0.044751,1199,1165,395,231,0.8384615384615385,0.8384615384615385,0.2532051282051282,0.16153846153846155,0.7467948717948718,0.7467948717948718
0.044776,1199,1166,394,231,0.8384615384615385,0.8384615384615385,0.25256410256410255,0.16153846153846155,0.7474358974358974,0.7474358974358974
0.044803,1198,1166,394,232,0.8377622377622378,0.8377622377622378,0.25256410256410255,0.16223776223776223,0.7474358974358974,0.7474358974358974
0.044832,1197,1166,394,233,0.8370629370629371,0.8370629370629371,0.25256410256410255,0.16293706293706295,0.7474358974358974,0.7474358974358974
0.044837,1196,1166,394,234,0.8363636363636363,0.8363636363636363,0.25256410256410255,0.16363636363636364,0.7474358974358974,0.7474358974358974
0.044867,1196,1167,393,234,0.8363636363636363,0.8363636363636363,0.2519230769230769,0.16363636363636364,0.7480769230769231,0.7480769230769231
0.044895,1196,1168,392,234,0.8363636363636363,0.8363636363636363,0.2512820512820513,0.16363636363636364,0.7487179487179487,0.7487179487179487
0.044937,1196,1169,391,234,0.8363636363636363,0.8363636363636363,0.25064102564102564,0.16363636363636364,0.7493589743589744,0.7493589743589744
0.044991,1196,1170,390,234,0.8363636363636363,0.8363636363636363,0.25,0.16363636363636364,0.75,0.75
0.045007,1195,1170,390,235,0.8356643356643356,0.8356643356643356,0.25,0.16433566433566432,0.75,0.75
0.04504,1194,1170,390,236,0.8349650349650349,0.8349650349650349,0.25,0.16503496503496504,0.75,0.75
0.045132,1193,1170,390,237,0.8342657342657342,0.8342657342657342,0.25,0.16573426573426572,0.75,0.75
0.045201,1192,1170,390,238,0.8335664335664336,0.8335664335664336,0.25,0.16643356643356644,0.75,0.75
0.04523,1192,1171,389,238,0.8335664335664336,0.8335664335664336,0.24935897435897436,0.16643356643356644,0.7506410256410256,0.7506410256410256
0.045317,1191,1171,389,239,0.8328671328671329,0.8328671328671329,0.24935897435897436,0.16713286713286712,0.7506410256410256,0.7506410256410256
0.045326,1191,1172,388,239,0.8328671328671329,0.8328671328671329,0.24871794871794872,0.16713286713286712,0.7512820512820513,0.7512820512820513
0.045403,1191,1173,387,239,0.8328671328671329,0.8328671328671329,0.24807692307692308,0.16713286713286712,0.7519230769230769,0.7519230769230769
0.045427,1191,1174,386,239,0.8328671328671329,0.8328671328671329,0.24743589743589745,0.16713286713286712,0.7525641025641026,0.7525641025641026
0.045508,1190,1174,386,240,0.8321678321678322,0.8321678321678322,0.24743589743589745,0.16783216783216784,0.7525641025641026,0.7525641025641026
0.045646,1190,1175,385,240,0.8321678321678322,0.8321678321678322,0.2467948717948718,0.16783216783216784,0.7532051282051282,0.7532051282051282
0.045648,1190,1176,384,240,0.8321678321678322,0.8321678321678322,0.24615384615384617,0.16783216783216784,0.7538461538461538,0.7538461538461538
0.045667,1190,1177,383,240,0.8321678321678322,0.8321678321678322,0.2455128205128205,0.16783216783216784,0.7544871794871795,0.7544871794871795
0.045796,1190,1178,382,240,0.8321678321678322,0.8321678321678322,0.24487179487179486,0.16783216783216784,0.7551282051282051,0.7551282051282051
0.045797,1190,1179,381,240,0.8321678321678322,0.8321678321678322,0.24423076923076922,0.16783216783216784,0.7557692307692307,0.7557692307692307
0.045812,1190,1180,380,240,0.8321678321678322,0.8321678321678322,0.24358974358974358,0.16783216783216784,0.7564102564102564,0.7564102564102564
0.045925,1190,1181,379,240,0.8321678321678322,0.8321678321678322,0.24294871794871795,0.16783216783216784,0.757051282051282,0.757051282051282
0.046119,1190,1182,378,240,0.8321678321678322,0.8321678321678322,0.2423076923076923,0.16783216783216784,0.7576923076923077,0.7576923076923077
0.046127,1190,1183,377,240,0.8321678321678322,0.8321678321678322,0.24166666666666667,0.16783216783216784,0.7583333333333333,0.7583333333333333
0.046163,1189,1183,377,241,0.8314685314685315,0.8314685314685315,0.24166666666666667,0.16853146853146853,0.7583333333333333,0.7583333333333333
0.046171,1189,1184,376,241,0.8314685314685315,0.8314685314685315,0.24102564102564103,0.16853146853146853,0.7589743589743589,0.7589743589743589
0.046209,1189,1185,375,241,0.8314685314685315,0.8314685314685315,0.2403846153846154,0.16853146853146853,0.7596153846153846,0.7596153846153846
0.046226,1189,1186,374,241,0.8314685314685315,0.8314685314685315,0.23974358974358975,0.16853146853146853,0.7602564102564102,0.7602564102564102
0.046249,1189,1187,373,241,0.8314685314685315,0.8314685314685315,0.2391025641025641,0.16853146853146853,0.7608974358974359,0.7608974358974359
0.046261,1188,1187,373,242,0.8307692307692308,0.8307692307692308,0.2391025641025641,0.16923076923076924,0.7608974358974359,0.7608974358974359
0.046302,1188,1188,372,242,0.8307692307692308,0.8307692307692308,0.23846153846153847,0.16923076923076924,0.7615384615384615,0.7615384615384615
0.046313,1188,1189,371,242,0.8307692307692308,0.8307692307692308,0.2378205128205128,0.16923076923076924,0.7621794871794871,0.7621794871794871
0.046334,1188,1190,370,242,0.8307692307692308,0.8307692307692308,0.23717948717948717,0.16923076923076924,0.7628205128205128,0.7628205128205128
0.046389,1187,1190,370,243,0.83006993006993,0.83006993006993,0.23717948717948717,0.16993006993006993,0.7628205128205128,0.7628205128205128
0.046482,1186,1190,370,244,0.8293706293706293,0.8293706293706293,0.23717948717948717,0.17062937062937064,0.7628205128205128,0.7628205128205128
0.046527,1186,1191,369,244,0.8293706293706293,0.8293706293706293,0.23653846153846153,0.17062937062937064,0.7634615384615384,0.7634615384615384
0.046551,1186,1192,368,244,0.8293706293706293,0.8293706293706293,0.2358974358974359,0.17062937062937064,0.764102564102564,0.764102564102564
0.046552,1185,1192,368,245,0.8286713286713286,0.8286713286713286,0.2358974358974359,0.17132867132867133,0.764102564102564,0.764102564102564
0.046569,1184,1192,368,246,0.827972027972028,0.827972027972028,0.2358974358974359,0.17202797202797201,0.764102564102564,0.764102564102564
0.046589,1184,1193,367,246,0.827972027972028,0.827972027972028,0.23525641025641025,0.17202797202797201,0.7647435897435897,0.7647435897435897
0.046667,1184,1194,366,246,0.827972027972028,0.827972027972028,0.23461538461538461,0.17202797202797201,0.7653846153846153,0.7653846153846153
0.046713,1184,1195,365,246,0.827972027972028,0.827972027972028,0.23397435897435898,0.17202797202797201,0.7660256410256411,0.7660256410256411
0.046715,1184,1196,364,246,0.827972027972028,0.827972027972028,0.23333333333333334,0.17202797202797201,0.7666666666666667,0.7666666666666667
0.04674,1183,1196,364,247,0.8272727272727273,0.8272727272727273,0.23333333333333334,0.17272727272727273,0.7666666666666667,0.7666666666666667
0.046745,1183,1197,363,247,0.8272727272727273,0.8272727272727273,0.2326923076923077,0.17272727272727273,0.7673076923076924,0.7673076923076924
0.046752,1183,1198,362,247,0.8272727272727273,0.8272727272727273,0.23205128205128206,0.17272727272727273,0.767948717948718,0.767948717948718
0.046755,1183,1199,361,247,0.8272727272727273,0.8272727272727273,0.23141025641025642,0.17272727272727273,0.7685897435897436,0.7685897435897436
0.046765,1183,1200,360,247,0.8272727272727273,0.8272727272727273,0.23076923076923078,0.17272727272727273,0.7692307692307693,0.7692307692307693
0.046784,1182,1200,360,248,0.8265734265734266,0.8265734265734266,0.23076923076923078,0.17342657342657342,0.7692307692307693,0.7692307692307693
0.046787,1181,1200,360,249,0.8258741258741259,0.8258741258741259,0.23076923076923078,0.17412587412587413,0.7692307692307693,0.7692307692307693
0.046814,1181,1201,359,249,0.8258741258741259,0.8258741258741259,0.23012820512820512,0.17412587412587413,0.7698717948717949,0.7698717948717949
0.046834,1180,1201,359,250,0.8251748251748252,0.8251748251748252,0.23012820512820512,0.17482517482517482,0.7698717948717949,0.7698717948717949
0.046875,1179,1201,359,251,0.8244755244755245,0.8244755244755245,0.23012820512820512,0.17552447552447553,0.7698717948717949,0.7698717948717949
0.046976,1178,1201,359,252,0.8237762237762237,0.8237762237762237,0.23012820512820512,0.17622377622377622,0.7698717948717949,0.7698717948717949
0.04698,1177,1201,359,253,0.823076923076923,0.823076923076923,0.23012820512820512,0.17692307692307693,0.7698717948717949,0.7698717948717949
0.046989,1177,1202,358,253,0.823076923076923,0.823076923076923,0.22948717948717948,0.17692307692307693,0.7705128205128206,0.7705128205128206
0.047006,1177,1203,357,253,0.823076923076923,0.823076923076923,0.22884615384615384,0.17692307692307693,0.7711538461538462,0.7711538461538462
0.047009,1177,1204,356,253,0.823076923076923,0.823076923076923,0.2282051282051282,0.17692307692307693,0.7717948717948718,0.7717948717948718
0.047024,1176,1204,356,254,0.8223776223776224,0.8223776223776224,0.2282051282051282,0.17762237762237762,0.7717948717948718,0.7717948717948718
0.047025,1176,1205,355,254,0.8223776223776224,0.8223776223776224,0.22756410256410256,0.17762237762237762,0.7724358974358975,0.7724358974358975
0.047045,1175,1205,355,255,0.8216783216783217,0.8216783216783217,0.22756410256410256,0.17832167832167833,0.7724358974358975,0.7724358974358975
0.047213,1174,1205,355,256,0.820979020979021,0.820979020979021,0.22756410256410256,0.17902097902097902,0.7724358974358975,0.7724358974358975
0.047226,1173,1205,355,257,0.8202797202797203,0.8202797202797203,0.22756410256410256,0.1797202797202797,0.7724358974358975,0.7724358974358975
0.047259,1172,1205,355,258,0.8195804195804196,0.8195804195804196,0.22756410256410256,0.18041958041958042,0.7724358974358975,0.7724358974358975
0.047281,1171,1205,355,259,0.8188811188811189,0.8188811188811189,0.22756410256410256,0.1811188811188811,0.7724358974358975,0.7724358974358975
0.047337,1170,1205,355,260,0.8181818181818182,0.8181818181818182,0.22756410256410256,0.18181818181818182,0.7724358974358975,0.7724358974358975
0.047344,1170,1206,354,260,0.8181818181818182,0.8181818181818182,0.22692307692307692,0.18181818181818182,0.7730769230769231,0.7730769230769231
0.047553,1170,1207,353,260,0.8181818181818182,0.8181818181818182,0.22628205128205128,0.18181818181818182,0.7737179487179487,0.7737179487179487
0.047591,1169,1207,353,261,0.8174825174825174,0.8174825174825174,0.22628205128205128,0.1825174825174825,0.7737179487179487,0.7737179487179487
0.047592,1167,1207,353,263,0.8160839160839161,0.8160839160839161,0.22628205128205128,0.1839160839160839,0.7737179487179487,0.7737179487179487
0.047651,1166,1207,353,264,0.8153846153846154,0.8153846153846154,0.22628205128205128,0.18461538461538463,0.7737179487179487,0.7737179487179487
0.047759,1166,1208,352,264,0.8153846153846154,0.8153846153846154,0.22564102564102564,0.18461538461538463,0.7743589743589744,0.7743589743589744
0.047847,1166,1209,351,264,0.8153846153846154,0.8153846153846154,0.225,0.18461538461538463,0.775,0.775
0.04804,1164,1209,351,266,0.813986013986014,0.813986013986014,0.225,0.18601398601398603,0.775,0.775
0.048101,1164,1210,350,266,0.813986013986014,0.813986013986014,0.22435897435897437,0.18601398601398603,0.7756410256410257,0.7756410256410257
0.048122,1164,1211,349,266,0.813986013986014,0.813986013986014,0.22371794871794873,0.18601398601398603,0.7762820512820513,0.7762820512820513
0.048125,1163,1211,349,267,0.8132867132867133,0.8132867132867133,0.22371794871794873,0.1867132867132867,0.7762820512820513,0.7762820512820513
0.048128,1162,1211,349,268,0.8125874125874126,0.8125874125874126,0.22371794871794873,0.1874125874125874,0.7762820512820513,0.7762820512820513
0.048201,1162,1212,348,268,0.8125874125874126,0.8125874125874126,0.2230769230769231,0.1874125874125874,0.7769230769230769,0.7769230769230769
0.048218,1161,1212,348,269,0.8118881118881119,0.8118881118881119,0.2230769230769231,0.18811188811188811,0.7769230769230769,0.7769230769230769
0.048246,1161,1213,347,269,0.8118881118881119,0.8118881118881119,0.22243589743589742,0.18811188811188811,0.7775641025641026,0.7775641025641026
0.048268,1161,1214,346,269,0.8118881118881119,0.8118881118881119,0.22179487179487178,0.18811188811188811,0.7782051282051282,0.7782051282051282
0.04828,1161,1215,345,269,0.8118881118881119,0.8118881118881119,0.22115384615384615,0.18811188811188811,0.7788461538461539,0.7788461538461539
0.048378,1159,1215,345,271,0.8104895104895105,0.8104895104895105,0.22115384615384615,0.18951048951048952,0.7788461538461539,0.7788461538461539
0.048387,1159,1216,344,271,0.8104895104895105,0.8104895104895105,0.2205128205128205,0.18951048951048952,0.7794871794871795,0.7794871794871795
0.048443,1159,1217,343,271,0.8104895104895105,0.8104895104895105,0.21987179487179487,0.18951048951048952,0.7801282051282051,0.7801282051282051
0.048445,1159,1218,342,271,0.8104895104895105,0.8104895104895105,0.21923076923076923,0.18951048951048952,0.7807692307692308,0.7807692307692308
0.048455,1159,1219,341,271,0.8104895104895105,0.8104895104895105,0.2185897435897436,0.18951048951048952,0.7814102564102564,0.7814102564102564
0.048471,1158,1219,341,272,0.8097902097902098,0.8097902097902098,0.2185897435897436,0.1902097902097902,0.7814102564102564,0.7814102564102564
0.048586,1158,1220,340,272,0.8097902097902098,0.8097902097902098,0.21794871794871795,0.1902097902097902,0.782051282051282,0.782051282051282
0.048606,1158,1221,339,272,0.8097902097902098,0.8097902097902098,0.2173076923076923,0.1902097902097902,0.7826923076923077,0.7826923076923077
0.048631,1158,1222,338,272,0.8097902097902098,0.8097902097902098,0.21666666666666667,0.1902097902097902,0.7833333333333333,0.7833333333333333
0.048697,1158,1223,337,272,0.8097902097902098,0.8097902097902098,0.21602564102564104,0.1902097902097902,0.783974358974359,0.783974358974359
0.048698,1157,1223,337,273,0.8090909090909091,0.8090909090909091,0.21602564102564104,0.19090909090909092,0.783974358974359,0.783974358974359
0.048738,1157,1224,336,273,0.8090909090909091,0.8090909090909091,0.2153846153846154,0.19090909090909092,0.7846153846153846,0.7846153846153846
0.048794,1156,1224,336,274,0.8083916083916084,0.8083916083916084,0.2153846153846154,0.1916083916083916,0.7846153846153846,0.7846153846153846
0.048796,1156,1225,335,274,0.8083916083916084,0.8083916083916084,0.21474358974358973,0.1916083916083916,0.7852564102564102,0.7852564102564102
0.048829,1156,1226,334,274,0.8083916083916084,0.8083916083916084,0.2141025641025641,0.1916083916083916,0.7858974358974359,0.7858974358974359
0.048906,1156,1227,333,274,0.8083916083916084,0.8083916083916084,0.21346153846153845,0.1916083916083916,0.7865384615384615,0.7865384615384615
0.048919,1156,1228,332,274,0.8083916083916084,0.8083916083916084,0.2128205128205128,0.1916083916083916,0.7871794871794872,0.7871794871794872
0.048924,1156,1229,331,274,0.8083916083916084,0.8083916083916084,0.21217948717948718,0.1916083916083916,0.7878205128205128,0.7878205128205128
0.048956,1155,1229,331,275,0.8076923076923077,0.8076923076923077,0.21217948717948718,0.19230769230769232,0.7878205128205128,0.7878205128205128
0.048971,1154,1229,331,276,0.806993006993007,0.806993006993007,0.21217948717948718,0.193006993006993,0.7878205128205128,0.7878205128205128
0.048982,1153,1229,331,277,0.8062937062937063,0.8062937062937063,0.21217948717948718,0.19370629370629372,0.7878205128205128,0.7878205128205128
0.049087,1153,1230,330,277,0.8062937062937063,0.8062937062937063,0.21153846153846154,0.19370629370629372,0.7884615384615384,0.7884615384615384
0.049107,1153,1231,329,277,0.8062937062937063,0.8062937062937063,0.2108974358974359,0.19370629370629372,0.7891025641025641,0.7891025641025641
0.049265,1153,1232,328,277,0.8062937062937063,0.8062937062937063,0.21025641025641026,0.19370629370629372,0.7897435897435897,0.7897435897435897
0.049272,1153,1233,327,277,0.8062937062937063,0.8062937062937063,0.20961538461538462,0.19370629370629372,0.7903846153846154,0.7903846153846154
0.04928,1153,1234,326,277,0.8062937062937063,0.8062937062937063,0.20897435897435898,0.19370629370629372,0.791025641025641,0.791025641025641
0.04934,1152,1234,326,278,0.8055944055944056,0.8055944055944056,0.20897435897435898,0.1944055944055944,0.791025641025641,0.791025641025641
0.04939,1151,1234,326,279,0.8048951048951049,0.8048951048951049,0.20897435897435898,0.1951048951048951,0.791025641025641,0.791025641025641
0.049592,1150,1234,326,280,0.8041958041958042,0.8041958041958042,0.20897435897435898,0.1958041958041958,0.791025641025641,0.791025641025641
0.049601,1149,1234,326,281,0.8034965034965035,0.8034965034965035,0.20897435897435898,0.1965034965034965,0.791025641025641,0.791025641025641
0.049611,1149,1235,325,281,0.8034965034965035,0.8034965034965035,0.20833333333333334,0.1965034965034965,0.7916666666666666,0.7916666666666666
0.049641,1149,1236,324,281,0.8034965034965035,0.8034965034965035,0.2076923076923077,0.1965034965034965,0.7923076923076923,0.7923076923076923
0.049689,1148,1236,324,282,0.8027972027972028,0.8027972027972028,0.2076923076923077,0.1972027972027972,0.7923076923076923,0.7923076923076923
0.049751,1148,1237,323,282,0.8027972027972028,0.8027972027972028,0.20705128205128207,0.1972027972027972,0.7929487179487179,0.7929487179487179
0.04979,1147,1237,323,283,0.8020979020979021,0.8020979020979021,0.20705128205128207,0.1979020979020979,0.7929487179487179,0.7929487179487179
0.049813,1147,1238,322,283,0.8020979020979021,0.8020979020979021,0.2064102564102564,0.1979020979020979,0.7935897435897435,0.7935897435897435
0.049877,1146,1238,322,284,0.8013986013986014,0.8013986013986014,0.2064102564102564,0.1986013986013986,0.7935897435897435,0.7935897435897435
0.049942,1145,1238,322,285,0.8006993006993007,0.8006993006993007,0.2064102564102564,0.1993006993006993,0.7935897435897435,0.7935897435897435
0.049971,1145,1239,321,285,0.8006993006993007,0.8006993006993007,0.20576923076923076,0.1993006993006993,0.7942307692307692,0.7942307692307692
0.05,1145,1240,320,285,0.8006993006993007,0.8006993006993007,0.20512820512820512,0.1993006993006993,0.7948717948717948,0.7948717948717948
0.050058,1145,1241,319,285,0.8006993006993007,0.8006993006993007,0.20448717948717948,0.1993006993006993,0.7955128205128205,0.7955128205128205
0.050114,1144,1241,319,286,0.8,0.8,0.20448717948717948,0.2,0.7955128205128205,0.7955128205128205
0.050144,1144,1242,318,286,0.8,0.8,0.20384615384615384,0.2,0.7961538461538461,0.7961538461538461
0.050248,1144,1243,317,286,0.8,0.8,0.2032051282051282,0.2,0.7967948717948717,0.7967948717948717
0.050255,1143,1243,317,287,0.7993006993006992,0.7993006993006992,0.2032051282051282,0.2006993006993007,0.7967948717948717,0.7967948717948717
0.050307,1143,1244,316,287,0.7993006993006992,0.7993006993006992,0.20256410256410257,0.2006993006993007,0.7974358974358975,0.7974358974358975
0.050331,1143,1245,315,287,0.7993006993006992,0.7993006993006992,0.20192307692307693,0.2006993006993007,0.7980769230769231,0.7980769230769231
0.050333,1143,1246,314,287,0.7993006993006992,0.7993006993006992,0.2012820512820513,0.2006993006993007,0.7987179487179488,0.7987179487179488
0.050378,1142,1246,314,288,0.7986013986013986,0.7986013986013986,0.2012820512820513,0.2013986013986014,0.7987179487179488,0.7987179487179488
0.050401,1142,1247,313,288,0.7986013986013986,0.7986013986013986,0.20064102564102565,0.2013986013986014,0.7993589743589744,0.7993589743589744
0.050524,1142,1248,312,288,0.7986013986013986,0.7986013986013986,0.2,0.2013986013986014,0.8,0.8
0.050595,1141,1248,312,289,0.7979020979020979,0.7979020979020979,0.2,0.2020979020979021,0.8,0.8
0.050633,1141,1249,311,289,0.7979020979020979,0.7979020979020979,0.19935897435897437,0.2020979020979021,0.8006410256410257,0.8006410256410257
0.050678,1141,1250,310,289,0.7979020979020979,0.7979020979020979,0.1987179487179487,0.2020979020979021,0.8012820512820513,0.8012820512820513
0.050926,1140,1250,310,290,0.7972027972027972,0.7972027972027972,0.1987179487179487,0.20279720279720279,0.8012820512820513,0.8012820512820513
0.050932,1140,1251,309,290,0.7972027972027972,0.7972027972027972,0.19807692307692307,0.20279720279720279,0.801923076923077,0.801923076923077
0.050933,1139,1251,309,291,0.7965034965034965,0.7965034965034965,0.19807692307692307,0.2034965034965035,0.801923076923077,0.801923076923077
0.050955,1139,1252,308,291,0.7965034965034965,0.7965034965034965,0.19743589743589743,0.2034965034965035,0.8025641025641026,0.8025641025641026
0.050963,1138,1252,308,292,0.7958041958041958,0.7958041958041958,0.19743589743589743,0.2041958041958042,0.8025641025641026,0.8025641025641026
0.050996,1138,1253,307,292,0.7958041958041958,0.7958041958041958,0.1967948717948718,0.2041958041958042,0.8032051282051282,0.8032051282051282
0.051056,1138,1254,306,292,0.7958041958041958,0.7958041958041958,0.19615384615384615,0.2041958041958042,0.8038461538461539,0.8038461538461539
0.051059,1138,1255,305,292,0.7958041958041958,0.7958041958041958,0.1955128205128205,0.2041958041958042,0.8044871794871795,0.8044871794871795
0.051118,1137,1255,305,293,0.7951048951048951,0.7951048951048951,0.1955128205128205,0.2048951048951049,0.8044871794871795,0.8044871794871795
0.051235,1137,1256,304,293,0.7951048951048951,0.7951048951048951,0.19487179487179487,0.2048951048951049,0.8051282051282052,0.8051282051282052
0.051267,1136,1256,304,294,0.7944055944055944,0.7944055944055944,0.19487179487179487,0.2055944055944056,0.8051282051282052,0.8051282051282052
0.051313,1136,1257,303,294,0.7944055944055944,0.7944055944055944,0.19423076923076923,0.2055944055944056,0.8057692307692308,0.8057692307692308
0.051437,1136,1258,302,294,0.7944055944055944,0.7944055944055944,0.1935897435897436,0.2055944055944056,0.8064102564102564,0.8064102564102564
0.051475,1136,1259,301,294,0.7944055944055944,0.7944055944055944,0.19294871794871796,0.2055944055944056,0.8070512820512821,0.8070512820512821
0.051476,1136,1260,300,294,0.7944055944055944,0.7944055944055944,0.19230769230769232,0.2055944055944056,0.8076923076923077,0.8076923076923077
0.051479,1135,1260,300,295,0.7937062937062938,0.7937062937062938,0.19230769230769232,0.2062937062937063,0.8076923076923077,0.8076923076923077
0.051511,1135,1261,299,295,0.7937062937062938,0.7937062937062938,0.19166666666666668,0.2062937062937063,0.8083333333333333,0.8083333333333333
0.051546,1134,1261,299,296,0.793006993006993,0.793006993006993,0.19166666666666668,0.206993006993007,0.8083333333333333,0.8083333333333333
0.051571,1133,1261,299,297,0.7923076923076923,0.7923076923076923,0.19166666666666668,0.2076923076923077,0.8083333333333333,0.8083333333333333
0.051574,1133,1262,298,297,0.7923076923076923,0.7923076923076923,0.191025641025641,0.2076923076923077,0.808974358974359,0.808974358974359
0.051695,1132,1262,298,298,0.7916083916083916,0.7916083916083916,0.191025641025641,0.2083916083916084,0.808974358974359,0.808974358974359
0.051734,1132,1263,297,298,0.7916083916083916,0.7916083916083916,0.19038461538461537,0.2083916083916084,0.8096153846153846,0.8096153846153846
0.051746,1132,1264,296,298,0.7916083916083916,0.7916083916083916,0.18974358974358974,0.2083916083916084,0.8102564102564103,0.8102564102564103
0.051822,1131,1264,296,299,0.7909090909090909,0.7909090909090909,0.18974358974358974,0.20909090909090908,0.8102564102564103,0.8102564102564103
0.051836,1130,1264,296,300,0.7902097902097902,0.7902097902097902,0.18974358974358974,0.2097902097902098,0.8102564102564103,0.8102564102564103
0.051852,1129,1264,296,301,0.7895104895104895,0.7895104895104895,0.18974358974358974,0.21048951048951048,0.8102564102564103,0.8102564102564103
0.051903,1128,1264,296,302,0.7888111888111888,0.7888111888111888,0.18974358974358974,0.2111888111888112,0.8102564102564103,0.8102564102564103
0.052097,1128,1265,295,302,0.7888111888111888,0.7888111888111888,0.1891025641025641,0.2111888111888112,0.8108974358974359,0.8108974358974359
0.052169,1128,1266,294,302,0.7888111888111888,0.7888111888111888,0.18846153846153846,0.2111888111888112,0.8115384615384615,0.8115384615384615
0.052263,1128,1267,293,302,0.7888111888111888,0.7888111888111888,0.18782051282051282,0.2111888111888112,0.8121794871794872,0.8121794871794872
0.052321,1127,1267,293,303,0.7881118881118881,0.7881118881118881,0.18782051282051282,0.21188811188811188,0.8121794871794872,0.8121794871794872
0.052329,1126,1267,293,304,0.7874125874125875,0.7874125874125875,0.18782051282051282,0.2125874125874126,0.8121794871794872,0.8121794871794872
0.052404,1126,1268,292,304,0.7874125874125875,0.7874125874125875,0.18717948717948718,0.2125874125874126,0.8128205128205128,0.8128205128205128
0.052427,1126,1269,291,304,0.7874125874125875,0.7874125874125875,0.18653846153846154,0.2125874125874126,0.8134615384615385,0.8134615384615385
0.05245,1125,1269,291,305,0.7867132867132867,0.7867132867132867,0.18653846153846154,0.21328671328671328,0.8134615384615385,0.8134615384615385
0.052452,1125,1270,290,305,0.7867132867132867,0.7867132867132867,0.1858974358974359,0.21328671328671328,0.8141025641025641,0.8141025641025641
0.052457,1124,1270,290,306,0.786013986013986,0.786013986013986,0.1858974358974359,0.213986013986014,0.8141025641025641,0.8141025641025641
0.052459,1124,1271,289,306,0.786013986013986,0.786013986013986,0.18525641025641026,0.213986013986014,0.8147435897435897,0.8147435897435897
0.052513,1124,1272,288,306,0.786013986013986,0.786013986013986,0.18461538461538463,0.213986013986014,0.8153846153846154,0.8153846153846154
0.052533,1124,1273,287,306,0.786013986013986,0.786013986013986,0.183974358974359,0.213986013986014,0.816025641025641,0.816025641025641
0.052544,1124,1274,286,306,0.786013986013986,0.786013986013986,0.18333333333333332,0.213986013986014,0.8166666666666667,0.8166666666666667
0.052554,1124,1275,285,306,0.786013986013986,0.786013986013986,0.18269230769230768,0.213986013986014,0.8173076923076923,0.8173076923076923
0.052567,1123,1275,285,307,0.7853146853146853,0.7853146853146853,0.18269230769230768,0.21468531468531468,0.8173076923076923,0.8173076923076923
0.052602,1123,1276,284,307,0.7853146853146853,0.7853146853146853,0.18205128205128204,0.21468531468531468,0.8179487179487179,0.8179487179487179
0.052672,1123,1277,283,307,0.7853146853146853,0.7853146853146853,0.1814102564102564,0.21468531468531468,0.8185897435897436,0.8185897435897436
0.052733,1122,1277,283,308,0.7846153846153846,0.7846153846153846,0.1814102564102564,0.2153846153846154,0.8185897435897436,0.8185897435897436
0.052767,1121,1277,283,309,0.7839160839160839,0.7839160839160839,0.1814102564102564,0.21608391608391608,0.8185897435897436,0.8185897435897436
0.052838,1120,1277,283,310,0.7832167832167832,0.7832167832167832,0.1814102564102564,0.21678321678321677,0.8185897435897436,0.8185897435897436
0.052941,1119,1277,283,311,0.7825174825174825,0.7825174825174825,0.1814102564102564,0.21748251748251748,0.8185897435897436,0.8185897435897436
0.05303,1119,1278,282,311,0.7825174825174825,0.7825174825174825,0.18076923076923077,0.21748251748251748,0.8192307692307692,0.8192307692307692
0.053082,1119,1279,281,311,0.7825174825174825,0.7825174825174825,0.18012820512820513,0.21748251748251748,0.8198717948717948,0.8198717948717948
0.053091,1119,1280,280,311,0.7825174825174825,0.7825174825174825,0.1794871794871795,0.21748251748251748,0.8205128205128205,0.8205128205128205
0.053114,1118,1280,280,312,0.7818181818181819,0.7818181818181819,0.1794871794871795,0.21818181818181817,0.8205128205128205,0.8205128205128205
0.053143,1118,1281,279,312,0.7818181818181819,0.7818181818181819,0.17884615384615385,0.21818181818181817,0.8211538461538461,0.8211538461538461
0.05323,1118,1282,278,312,0.7818181818181819,0.7818181818181819,0.1782051282051282,0.21818181818181817,0.8217948717948718,0.8217948717948718
0.053363,1117,1282,278,313,0.7811188811188812,0.7811188811188812,0.1782051282051282,0.21888111888111889,0.8217948717948718,0.8217948717948718
0.053416,1116,1282,278,314,0.7804195804195804,0.7804195804195804,0.1782051282051282,0.21958041958041957,0.8217948717948718,0.8217948717948718
0.053444,1116,1283,277,314,0.7804195804195804,0.7804195804195804,0.17756410256410257,0.21958041958041957,0.8224358974358974,0.8224358974358974
0.053465,1116,1284,276,314,0.7804195804195804,0.7804195804195804,0.17692307692307693,0.21958041958041957,0.823076923076923,0.823076923076923
0.053476,1115,1284,276,315,0.7797202797202797,0.7797202797202797,0.17692307692307693,0.2202797202797203,0.823076923076923,0.823076923076923
0.053514,1114,1284,276,316,0.779020979020979,0.779020979020979,0.17692307692307693,0.22097902097902097,0.823076923076923,0.823076923076923
0.053536,1113,1284,276,317,0.7783216783216783,0.7783216783216783,0.17692307692307693,0.2216783216783217,0.823076923076923,0.823076923076923
0.053571,1112,1284,276,318,0.7776223776223776,0.7776223776223776,0.17692307692307693,0.22237762237762237,0.823076923076923,0.823076923076923
0.053606,1112,1285,275,318,0.7776223776223776,0.7776223776223776,0.1762820512820513,0.22237762237762237,0.8237179487179487,0.8237179487179487
0.053616,1112,1286,274,318,0.7776223776223776,0.7776223776223776,0.17564102564102563,0.22237762237762237,0.8243589743589743,0.8243589743589743
0.053659,1111,1286,274,319,0.7769230769230769,0.7769230769230769,0.17564102564102563,0.2230769230769231,0.8243589743589743,0.8243589743589743
0.053664,1111,1287,273,319,0.7769230769230769,0.7769230769230769,0.175,0.2230769230769231,0.825,0.825
0.053691,1111,1288,272,319,0.7769230769230769,0.7769230769230769,0.17435897435897435,0.2230769230769231,0.8256410256410256,0.8256410256410256
0.053857,1110,1289,271,320,0.7762237762237763,0.7762237762237763,0.1737179487179487,0.22377622377622378,0.8262820512820512,0.8262820512820512
0.05386,1110,1290,270,320,0.7762237762237763,0.7762237762237763,0.17307692307692307,0.22377622377622378,0.8269230769230769,0.8269230769230769
0.053908,1110,1291,269,320,0.7762237762237763,0.7762237762237763,0.17243589743589743,0.22377622377622378,0.8275641025641025,0.8275641025641025
0.053992,1109,1291,269,321,0.7755244755244756,0.7755244755244756,0.17243589743589743,0.22447552447552446,0.8275641025641025,0.8275641025641025
0.054114,1109,1292,268,321,0.7755244755244756,0.7755244755244756,0.1717948717948718,0.22447552447552446,0.8282051282051283,0.8282051282051283
0.054217,1109,1293,267,321,0.7755244755244756,0.7755244755244756,0.17115384615384616,0.22447552447552446,0.8288461538461539,0.8288461538461539
0.054222,1109,1294,266,321,0.7755244755244756,0.7755244755244756,0.17051282051282052,0.22447552447552446,0.8294871794871795,0.8294871794871795
0.054277,1109,1295,265,321,0.7755244755244756,0.7755244755244756,0.16987179487179488,0.22447552447552446,0.8301282051282052,0.8301282051282052
0.054317,1109,1296,264,321,0.7755244755244756,0.7755244755244756,0.16923076923076924,0.22447552447552446,0.8307692307692308,0.8307692307692308
0.054614,1108,1296,264,322,0.7748251748251749,0.7748251748251749,0.16923076923076924,0.22517482517482518,0.8307692307692308,0.8307692307692308
0.054729,1107,1296,264,323,0.7741258741258741,0.7741258741258741,0.16923076923076924,0.22587412587412586,0.8307692307692308,0.8307692307692308
0.054747,1107,1297,263,323,0.7741258741258741,0.7741258741258741,0.1685897435897436,0.22587412587412586,0.8314102564102565,0.8314102564102565
0.054841,1107,1298,262,323,0.7741258741258741,0.7741258741258741,0.16794871794871793,0.22587412587412586,0.8320512820512821,0.8320512820512821
0.054885,1107,1299,261,323,0.7741258741258741,0.7741258741258741,0.1673076923076923,0.22587412587412586,0.8326923076923077,0.8326923076923077
0.05489,1107,1300,260,323,0.7741258741258741,0.7741258741258741,0.16666666666666666,0.22587412587412586,0.8333333333333334,0.8333333333333334
0.054894,1107,1301,259,323,0.7741258741258741,0.7741258741258741,0.16602564102564102,0.22587412587412586,0.833974358974359,0.833974358974359
0.054902,1107,1302,258,323,0.7741258741258741,0.7741258741258741,0.16538461538461538,0.22587412587412586,0.8346153846153846,0.8346153846153846
0.054915,1107,1303,257,323,0.7741258741258741,0.7741258741258741,0.16474358974358974,0.22587412587412586,0.8352564102564103,0.8352564102564103
0.054932,1107,1304,256,323,0.7741258741258741,0.7741258741258741,0.1641025641025641,0.22587412587412586,0.8358974358974359,0.8358974358974359
0.054945,1107,1305,255,323,0.7741258741258741,0.7741258741258741,0.16346153846153846,0.22587412587412586,0.8365384615384616,0.8365384615384616
0.054997,1106,1305,255,324,0.7734265734265734,0.7734265734265734,0.16346153846153846,0.22657342657342658,0.8365384615384616,0.8365384615384616
0.055006,1106,1306,254,324,0.7734265734265734,0.7734265734265734,0.16282051282051282,0.22657342657342658,0.8371794871794872,0.8371794871794872
0.055046,1105,1306,254,325,0.7727272727272727,0.7727272727272727,0.16282051282051282,0.22727272727272727,0.8371794871794872,0.8371794871794872
0.055051,1105,1307,253,325,0.7727272727272727,0.7727272727272727,0.1621794871794872,0.22727272727272727,0.8378205128205128,0.8378205128205128
0.055172,1105,1308,252,325,0.7727272727272727,0.7727272727272727,0.16153846153846155,0.22727272727272727,0.8384615384615385,0.8384615384615385
0.055195,1104,1308,252,326,0.772027972027972,0.772027972027972,0.16153846153846155,0.22797202797202798,0.8384615384615385,0.8384615384615385
0.055312,1104,1309,251,326,0.772027972027972,0.772027972027972,0.1608974358974359,0.22797202797202798,0.8391025641025641,0.8391025641025641
0.055434,1104,1310,250,326,0.772027972027972,0.772027972027972,0.16025641025641027,0.22797202797202798,0.8397435897435898,0.8397435897435898
0.05548,1104,1311,249,326,0.772027972027972,0.772027972027972,0.1596153846153846,0.22797202797202798,0.8403846153846154,0.8403846153846154
0.055491,1103,1311,249,327,0.7713286713286713,0.7713286713286713,0.1596153846153846,0.22867132867132867,0.8403846153846154,0.8403846153846154
0.055518,1103,1312,248,327,0.7713286713286713,0.7713286713286713,0.15897435897435896,0.22867132867132867,0.841025641025641,0.841025641025641
0.055623,1103,1313,247,327,0.7713286713286713,0.7713286713286713,0.15833333333333333,0.22867132867132867,0.8416666666666667,0.8416666666666667
0.055716,1102,1313,247,328,0.7706293706293706,0.7706293706293706,0.15833333333333333,0.22937062937062938,0.8416666666666667,0.8416666666666667
0.055819,1101,1313,247,329,0.76993006993007,0.76993006993007,0.15833333333333333,0.23006993006993007,0.8416666666666667,0.8416666666666667
0.055834,1100,1313,247,330,0.7692307692307693,0.7692307692307693,0.15833333333333333,0.23076923076923078,0.8416666666666667,0.8416666666666667
0.055856,1100,1314,246,330,0.7692307692307693,0.7692307692307693,0.1576923076923077,0.23076923076923078,0.8423076923076923,0.8423076923076923
0.055936,1099,1314,246,331,0.7685314685314686,0.7685314685314686,0.1576923076923077,0.23146853146853147,0.8423076923076923,0.8423076923076923
0.055975,1098,1314,246,332,0.7678321678321678,0.7678321678321678,0.1576923076923077,0.23216783216783216,0.8423076923076923,0.8423076923076923
0.055991,1097,1314,246,333,0.7671328671328671,0.7671328671328671,0.1576923076923077,0.23286713286713287,0.8423076923076923,0.8423076923076923
0.056026,1096,1314,246,334,0.7664335664335664,0.7664335664335664,0.1576923076923077,0.23356643356643356,0.8423076923076923,0.8423076923076923
0.056081,1095,1314,246,335,0.7657342657342657,0.7657342657342657,0.1576923076923077,0.23426573426573427,0.8423076923076923,0.8423076923076923
0.056113,1094,1314,246,336,0.765034965034965,0.765034965034965,0.1576923076923077,0.23496503496503496,0.8423076923076923,0.8423076923076923
0.056122,1093,1314,246,337,0.7643356643356644,0.7643356643356644,0.1576923076923077,0.23566433566433567,0.8423076923076923,0.8423076923076923
0.056329,1093,1315,245,337,0.7643356643356644,0.7643356643356644,0.15705128205128205,0.23566433566433567,0.842948717948718,0.842948717948718
0.05637,1092,1315,245,338,0.7636363636363637,0.7636363636363637,0.15705128205128205,0.23636363636363636,0.842948717948718,0.842948717948718
0.056398,1091,1315,245,339,0.762937062937063,0.762937062937063,0.15705128205128205,0.23706293706293707,0.842948717948718,0.842948717948718
0.056426,1090,1315,245,340,0.7622377622377622,0.7622377622377622,0.15705128205128205,0.23776223776223776,0.842948717948718,0.842948717948718
0.05656,1089,1315,245,341,0.7615384615384615,0.7615384615384615,0.15705128205128205,0.23846153846153847,0.842948717948718,0.842948717948718
0.056564,1089,1316,244,341,0.7615384615384615,0.7615384615384615,0.1564102564102564,0.23846153846153847,0.8435897435897436,0.8435897435897436
0.056604,1088,1316,244,342,0.7608391608391608,0.7608391608391608,0.1564102564102564,0.23916083916083916,0.8435897435897436,0.8435897435897436
0.056649,1088,1317,243,342,0.7608391608391608,0.7608391608391608,0.15576923076923077,0.23916083916083916,0.8442307692307692,0.8442307692307692
0.056728,1088,1318,242,342,0.7608391608391608,0.7608391608391608,0.15512820512820513,0.23916083916083916,0.8448717948717949,0.8448717948717949
0.056777,1087,1318,242,343,0.7601398601398601,0.7601398601398601,0.15512820512820513,0.23986013986013985,0.8448717948717949,0.8448717948717949
0.056854,1086,1318,242,344,0.7594405594405594,0.7594405594405594,0.15512820512820513,0.24055944055944056,0.8448717948717949,0.8448717948717949
0.056971,1086,1319,241,344,0.7594405594405594,0.7594405594405594,0.1544871794871795,0.24055944055944056,0.8455128205128205,0.8455128205128205
0.057024,1085,1319,241,345,0.7587412587412588,0.7587412587412588,0.1544871794871795,0.24125874125874125,0.8455128205128205,0.8455128205128205
0.057059,1084,1319,241,346,0.7580419580419581,0.7580419580419581,0.1544871794871795,0.24195804195804196,0.8455128205128205,0.8455128205128205
0.057143,1083,1319,241,347,0.7573426573426574,0.7573426573426574,0.1544871794871795,0.24265734265734265,0.8455128205128205,0.8455128205128205
0.057164,1083,1320,240,347,0.7573426573426574,0.7573426573426574,0.15384615384615385,0.24265734265734265,0.8461538461538461,0.8461538461538461
0.057185,1083,1321,239,347,0.7573426573426574,0.7573426573426574,0.15320512820512822,0.24265734265734265,0.8467948717948718,0.8467948717948718
0.057197,1082,1321,239,348,0.7566433566433567,0.7566433566433567,0.15320512820512822,0.24335664335664337,0.8467948717948718,0.8467948717948718
0.057276,1082,1322,238,348,0.7566433566433567,0.7566433566433567,0.15256410256410258,0.24335664335664337,0.8474358974358974,0.8474358974358974
0.05731,1082,1323,237,348,0.7566433566433567,0.7566433566433567,0.1519230769230769,0.24335664335664337,0.8480769230769231,0.8480769230769231
0.057491,1082,1324,236,348,0.7566433566433567,0.7566433566433567,0.15128205128205127,0.24335664335664337,0.8487179487179487,0.8487179487179487
0.05751,1082,1325,235,348,0.7566433566433567,0.7566433566433567,0.15064102564102563,0.24335664335664337,0.8493589743589743,0.8493589743589743
0.057778,1081,1325,235,349,0.7559440559440559,0.7559440559440559,0.15064102564102563,0.24405594405594405,0.8493589743589743,0.8493589743589743
0.057876,1081,1326,234,349,0.7559440559440559,0.7559440559440559,0.15,0.24405594405594405,0.85,0.85
0.057892,1081,1327,233,349,0.7559440559440559,0.7559440559440559,0.14935897435897436,0.24405594405594405,0.8506410256410256,0.8506410256410256
0.05798,1081,1328,232,349,0.7559440559440559,0.7559440559440559,0.14871794871794872,0.24405594405594405,0.8512820512820513,0.8512820512820513
0.057995,1081,1329,231,349,0.7559440559440559,0.7559440559440559,0.14807692307692308,0.24405594405594405,0.8519230769230769,0.8519230769230769
0.058011,1081,1330,230,349,0.7559440559440559,0.7559440559440559,0.14743589743589744,0.24405594405594405,0.8525641025641025,0.8525641025641025
0.058038,1081,1331,229,349,0.7559440559440559,0.7559440559440559,0.1467948717948718,0.24405594405594405,0.8532051282051282,0.8532051282051282
0.058197,1081,1332,228,349,0.7559440559440559,0.7559440559440559,0.14615384615384616,0.24405594405594405,0.8538461538461538,0.8538461538461538
0.058234,1080,1332,228,350,0.7552447552447552,0.7552447552447552,0.14615384615384616,0.24475524475524477,0.8538461538461538,0.8538461538461538
0.058278,1080,1333,227,350,0.7552447552447552,0.7552447552447552,0.14551282051282052,0.24475524475524477,0.8544871794871794,0.8544871794871794
0.058433,1080,1334,226,350,0.7552447552447552,0.7552447552447552,0.14487179487179488,0.24475524475524477,0.8551282051282051,0.8551282051282051
0.058502,1080,1335,225,350,0.7552447552447552,0.7552447552447552,0.14423076923076922,0.24475524475524477,0.8557692307692307,0.8557692307692307
0.058507,1079,1335,225,351,0.7545454545454545,0.7545454545454545,0.14423076923076922,0.24545454545454545,0.8557692307692307,0.8557692307692307
0.058511,1078,1335,225,352,0.7538461538461538,0.7538461538461538,0.14423076923076922,0.24615384615384617,0.8557692307692307,0.8557692307692307
0.058564,1078,1336,224,352,0.7538461538461538,0.7538461538461538,0.14358974358974358,0.24615384615384617,0.8564102564102564,0.8564102564102564
0.058592,1078,1337,223,352,0.7538461538461538,0.7538461538461538,0.14294871794871794,0.24615384615384617,0.857051282051282,0.857051282051282
0.058733,1078,1338,222,352,0.7538461538461538,0.7538461538461538,0.1423076923076923,0.24615384615384617,0.8576923076923076,0.8576923076923076
0.058783,1078,1339,221,352,0.7538461538461538,0.7538461538461538,0.14166666666666666,0.24615384615384617,0.8583333333333333,0.8583333333333333
0.058862,1077,1339,221,353,0.7531468531468531,0.7531468531468531,0.14166666666666666,0.24685314685314685,0.8583333333333333,0.8583333333333333
0.058962,1077,1340,220,353,0.7531468531468531,0.7531468531468531,0.14102564102564102,0.24685314685314685,0.8589743589743589,0.8589743589743589
0.058971,1077,1341,219,353,0.7531468531468531,0.7531468531468531,0.14038461538461539,0.24685314685314685,0.8596153846153847,0.8596153846153847
0.059074,1076,1341,219,354,0.7524475524475525,0.7524475524475525,0.14038461538461539,0.24755244755244754,0.8596153846153847,0.8596153846153847
0.059102,1076,1342,218,354,0.7524475524475525,0.7524475524475525,0.13974358974358975,0.24755244755244754,0.8602564102564103,0.8602564102564103
0.059147,1076,1343,217,354,0.7524475524475525,0.7524475524475525,0.1391025641025641,0.24755244755244754,0.860897435897436,0.860897435897436
0.059151,1075,1343,217,355,0.7517482517482518,0.7517482517482518,0.1391025641025641,0.24825174825174826,0.860897435897436,0.860897435897436
0.059184,1075,1344,216,355,0.7517482517482518,0.7517482517482518,0.13846153846153847,0.24825174825174826,0.8615384615384616,0.8615384615384616
0.059195,1074,1344,216,356,0.7510489510489511,0.7510489510489511,0.13846153846153847,0.24895104895104894,0.8615384615384616,0.8615384615384616
0.059286,1073,1344,216,357,0.7503496503496504,0.7503496503496504,0.13846153846153847,0.24965034965034966,0.8615384615384616,0.8615384615384616
0.059412,1072,1344,216,358,0.7496503496503496,0.7496503496503496,0.13846153846153847,0.25034965034965034,0.8615384615384616,0.8615384615384616
0.059511,1071,1344,216,359,0.7489510489510489,0.7489510489510489,0.13846153846153847,0.25104895104895103,0.8615384615384616,0.8615384615384616
0.059524,1071,1345,215,359,0.7489510489510489,0.7489510489510489,0.13782051282051283,0.25104895104895103,0.8621794871794872,0.8621794871794872
0.059552,1070,1345,215,360,0.7482517482517482,0.7482517482517482,0.13782051282051283,0.2517482517482518,0.8621794871794872,0.8621794871794872
0.059571,1069,1345,215,361,0.7475524475524475,0.7475524475524475,0.13782051282051283,0.25244755244755246,0.8621794871794872,0.8621794871794872
0.059603,1068,1345,215,362,0.7468531468531469,0.7468531468531469,0.13782051282051283,0.25314685314685315,0.8621794871794872,0.8621794871794872
0.059747,1067,1345,215,363,0.7461538461538462,0.7461538461538462,0.13782051282051283,0.25384615384615383,0.8621794871794872,0.8621794871794872
0.059766,1067,1346,214,363,0.7461538461538462,0.7461538461538462,0.1371794871794872,0.25384615384615383,0.8628205128205129,0.8628205128205129
0.059823,1066,1346,214,364,0.7454545454545455,0.7454545454545455,0.1371794871794872,0.2545454545454545,0.8628205128205129,0.8628205128205129
0.059927,1065,1346,214,365,0.7447552447552448,0.7447552447552448,0.1371794871794872,0.25524475524475526,0.8628205128205129,0.8628205128205129
0.060026,1065,1347,213,365,0.7447552447552448,0.7447552447552448,0.13653846153846153,0.25524475524475526,0.8634615384615385,0.8634615384615385
0.060226,1065,1348,212,365,0.7447552447552448,0.7447552447552448,0.1358974358974359,0.25524475524475526,0.8641025641025641,0.8641025641025641
0.060256,1065,1349,211,365,0.7447552447552448,0.7447552447552448,0.13525641025641025,0.25524475524475526,0.8647435897435898,0.8647435897435898
0.06035,1065,1350,210,365,0.7447552447552448,0.7447552447552448,0.1346153846153846,0.25524475524475526,0.8653846153846154,0.8653846153846154
0.060383,1065,1351,209,365,0.7447552447552448,0.7447552447552448,0.13397435897435897,0.25524475524475526,0.8660256410256411,0.8660256410256411
0.060479,1064,1351,209,366,0.7440559440559441,0.7440559440559441,0.13397435897435897,0.25594405594405595,0.8660256410256411,0.8660256410256411
0.060517,1063,1351,209,367,0.7433566433566433,0.7433566433566433,0.13397435897435897,0.25664335664335663,0.8660256410256411,0.8660256410256411
0.060723,1062,1351,209,368,0.7426573426573426,0.7426573426573426,0.13397435897435897,0.2573426573426573,0.8660256410256411,0.8660256410256411
0.060756,1062,1352,208,368,0.7426573426573426,0.7426573426573426,0.13333333333333333,0.2573426573426573,0.8666666666666667,0.8666666666666667
0.060763,1062,1353,207,368,0.7426573426573426,0.7426573426573426,0.1326923076923077,0.2573426573426573,0.8673076923076923,0.8673076923076923
0.060792,1062,1354,206,368,0.7426573426573426,0.7426573426573426,0.13205128205128205,0.2573426573426573,0.867948717948718,0.867948717948718
0.060881,1061,1354,206,369,0.7419580419580419,0.7419580419580419,0.13205128205128205,0.25804195804195806,0.867948717948718,0.867948717948718
0.060905,1060,1354,206,370,0.7412587412587412,0.7412587412587412,0.13205128205128205,0.25874125874125875,0.867948717948718,0.867948717948718
0.061069,1060,1355,205,370,0.7412587412587412,0.7412587412587412,0.13141025641025642,0.25874125874125875,0.8685897435897436,0.8685897435897436
0.061122,1060,1356,204,370,0.7412587412587412,0.7412587412587412,0.13076923076923078,0.25874125874125875,0.8692307692307693,0.8692307692307693
0.061224,1059,1356,204,371,0.7405594405594406,0.7405594405594406,0.13076923076923078,0.25944055944055944,0.8692307692307693,0.8692307692307693
0.061296,1058,1356,204,372,0.7398601398601399,0.7398601398601399,0.13076923076923078,0.2601398601398601,0.8692307692307693,0.8692307692307693
0.061305,1057,1356,204,373,0.7391608391608392,0.7391608391608392,0.13076923076923078,0.26083916083916087,0.8692307692307693,0.8692307692307693
0.061335,1056,1356,204,374,0.7384615384615385,0.7384615384615385,0.13076923076923078,0.26153846153846155,0.8692307692307693,0.8692307692307693
0.061354,1056,1357,203,374,0.7384615384615385,0.7384615384615385,0.13012820512820514,0.26153846153846155,0.8698717948717949,0.8698717948717949
0.061372,1056,1358,202,374,0.7384615384615385,0.7384615384615385,0.1294871794871795,0.26153846153846155,0.8705128205128205,0.8705128205128205
0.061398,1055,1358,202,375,0.7377622377622378,0.7377622377622378,0.1294871794871795,0.26223776223776224,0.8705128205128205,0.8705128205128205
0.061404,1054,1358,202,376,0.737062937062937,0.737062937062937,0.1294871794871795,0.2629370629370629,0.8705128205128205,0.8705128205128205
0.061443,1054,1359,201,376,0.737062937062937,0.737062937062937,0.12884615384615383,0.2629370629370629,0.8711538461538462,0.8711538461538462
0.06152,1054,1360,200,376,0.737062937062937,0.737062937062937,0.1282051282051282,0.2629370629370629,0.8717948717948718,0.8717948717948718
0.061728,1053,1360,200,377,0.7363636363636363,0.7363636363636363,0.1282051282051282,0.2636363636363636,0.8717948717948718,0.8717948717948718
0.061743,1053,1361,199,377,0.7363636363636363,0.7363636363636363,0.12756410256410255,0.2636363636363636,0.8724358974358974,0.8724358974358974
0.061765,1053,1362,198,377,0.7363636363636363,0.7363636363636363,0.12692307692307692,0.2636363636363636,0.8730769230769231,0.8730769230769231
0.061794,1052,1362,198,378,0.7356643356643356,0.7356643356643356,0.12692307692307692,0.26433566433566436,0.8730769230769231,0.8730769230769231
0.061798,1052,1363,197,378,0.7356643356643356,0.7356643356643356,0.12628205128205128,0.26433566433566436,0.8737179487179487,0.8737179487179487
0.061836,1052,1364,196,378,0.7356643356643356,0.7356643356643356,0.12564102564102564,0.26433566433566436,0.8743589743589744,0.8743589743589744
0.061901,1051,1364,196,379,0.734965034965035,0.734965034965035,0.12564102564102564,0.26503496503496504,0.8743589743589744,0.8743589743589744
0.062001,1050,1364,196,380,0.7342657342657343,0.7342657342657343,0.12564102564102564,0.26573426573426573,0.8743589743589744,0.8743589743589744
0.062002,1050,1365,195,380,0.7342657342657343,0.7342657342657343,0.125,0.26573426573426573,0.875,0.875
0.062025,1049,1365,195,381,0.7335664335664336,0.7335664335664336,0.125,0.2664335664335664,0.875,0.875
0.062158,1048,1365,195,382,0.7328671328671329,0.7328671328671329,0.125,0.26713286713286716,0.875,0.875
0.062172,1047,1365,195,383,0.7321678321678322,0.7321678321678322,0.125,0.26783216783216784,0.875,0.875
0.062262,1046,1365,195,384,0.7314685314685314,0.7314685314685314,0.125,0.26853146853146853,0.875,0.875
0.062284,1045,1365,195,385,0.7307692307692307,0.7307692307692307,0.125,0.2692307692307692,0.875,0.875
0.062312,1045,1366,194,385,0.7307692307692307,0.7307692307692307,0.12435897435897436,0.2692307692307692,0.8756410256410256,0.8756410256410256
0.062615,1044,1366,194,386,0.73006993006993,0.73006993006993,0.12435897435897436,0.2699300699300699,0.8756410256410256,0.8756410256410256
0.06264,1044,1367,193,386,0.73006993006993,0.73006993006993,0.12371794871794872,0.2699300699300699,0.8762820512820513,0.8762820512820513
0.06267,1044,1368,192,386,0.73006993006993,0.73006993006993,0.12307692307692308,0.2699300699300699,0.8769230769230769,0.8769230769230769
0.062733,1044,1369,191,386,0.73006993006993,0.73006993006993,0.12243589743589743,0.2699300699300699,0.8775641025641026,0.8775641025641026
0.062745,1043,1369,191,387,0.7293706293706294,0.7293706293706294,0.12243589743589743,0.27062937062937065,0.8775641025641026,0.8775641025641026
0.062861,1043,1370,190,387,0.7293706293706294,0.7293706293706294,0.12179487179487179,0.27062937062937065,0.8782051282051282,0.8782051282051282
0.062907,1043,1371,189,387,0.7293706293706294,0.7293706293706294,0.12115384615384615,0.27062937062937065,0.8788461538461538,0.8788461538461538
0.062987,1042,1371,189,388,0.7286713286713287,0.7286713286713287,0.12115384615384615,0.27132867132867133,0.8788461538461538,0.8788461538461538
0.063104,1041,1371,189,389,0.727972027972028,0.727972027972028,0.12115384615384615,0.272027972027972,0.8788461538461538,0.8788461538461538
0.063165,1041,1372,188,389,0.727972027972028,0.727972027972028,0.12051282051282051,0.272027972027972,0.8794871794871795,0.8794871794871795
0.063328,1041,1373,187,389,0.727972027972028,0.727972027972028,0.11987179487179488,0.272027972027972,0.8801282051282051,0.8801282051282051
0.063418,1041,1374,186,389,0.727972027972028,0.727972027972028,0.11923076923076924,0.272027972027972,0.8807692307692307,0.8807692307692307
0.063501,1040,1374,186,390,0.7272727272727273,0.7272727272727273,0.11923076923076924,0.2727272727272727,0.8807692307692307,0.8807692307692307
0.06351,1040,1375,185,390,0.7272727272727273,0.7272727272727273,0.11858974358974358,0.2727272727272727,0.8814102564102564,0.8814102564102564
0.063512,1040,1376,184,390,0.7272727272727273,0.7272727272727273,0.11794871794871795,0.2727272727272727,0.882051282051282,0.882051282051282
0.063525,1039,1376,184,391,0.7265734265734266,0.7265734265734266,0.11794871794871795,0.27342657342657345,0.882051282051282,0.882051282051282
0.063541,1038,1376,184,392,0.7258741258741259,0.7258741258741259,0.11794871794871795,0.27412587412587414,0.882051282051282,0.882051282051282
0.063675,1038,1377,183,392,0.7258741258741259,0.7258741258741259,0.11730769230769231,0.27412587412587414,0.8826923076923077,0.8826923076923077
0.063686,1037,1377,183,393,0.7251748251748251,0.7251748251748251,0.11730769230769231,0.2748251748251748,0.8826923076923077,0.8826923076923077
0.063698,1037,1378,182,393,0.7251748251748251,0.7251748251748251,0.11666666666666667,0.2748251748251748,0.8833333333333333,0.8833333333333333
0.063704,1036,1378,182,394,0.7244755244755244,0.7244755244755244,0.11666666666666667,0.2755244755244755,0.8833333333333333,0.8833333333333333
0.063763,1036,1379,181,394,0.7244755244755244,0.7244755244755244,0.11602564102564103,0.2755244755244755,0.8839743589743589,0.8839743589743589
0.063842,1036,1380,180,394,0.7244755244755244,0.7244755244755244,0.11538461538461539,0.2755244755244755,0.8846153846153846,0.8846153846153846
0.063973,1036,1381,179,394,0.7244755244755244,0.7244755244755244,0.11474358974358974,0.2755244755244755,0.8852564102564102,0.8852564102564102
0.063991,1035,1381,179,395,0.7237762237762237,0.7237762237762237,0.11474358974358974,0.2762237762237762,0.8852564102564102,0.8852564102564102
0.064015,1035,1382,178,395,0.7237762237762237,0.7237762237762237,0.1141025641025641,0.2762237762237762,0.8858974358974359,0.8858974358974359
0.064103,1035,1383,177,395,0.7237762237762237,0.7237762237762237,0.11346153846153846,0.2762237762237762,0.8865384615384615,0.8865384615384615
0.064161,1034,1383,177,396,0.7230769230769231,0.7230769230769231,0.11346153846153846,0.27692307692307694,0.8865384615384615,0.8865384615384615
0.064331,1033,1383,177,397,0.7223776223776224,0.7223776223776224,0.11346153846153846,0.2776223776223776,0.8865384615384615,0.8865384615384615
0.06437,1033,1384,176,397,0.7223776223776224,0.7223776223776224,0.11282051282051282,0.2776223776223776,0.8871794871794871,0.8871794871794871
0.06445,1032,1384,176,398,0.7216783216783217,0.7216783216783217,0.11282051282051282,0.2783216783216783,0.8871794871794871,0.8871794871794871
0.064452,1031,1384,176,399,0.720979020979021,0.720979020979021,0.11282051282051282,0.279020979020979,0.8871794871794871,0.8871794871794871
0.064458,1030,1384,176,400,0.7202797202797203,0.7202797202797203,0.11282051282051282,0.27972027972027974,0.8871794871794871,0.8871794871794871
0.064494,1030,1385,175,400,0.7202797202797203,0.7202797202797203,0.11217948717948718,0.27972027972027974,0.8878205128205128,0.8878205128205128
0.064535,1029,1385,175,401,0.7195804195804196,0.7195804195804196,0.11217948717948718,0.2804195804195804,0.8878205128205128,0.8878205128205128
0.064536,1028,1385,175,402,0.7188811188811188,0.7188811188811188,0.11217948717948718,0.2811188811188811,0.8878205128205128,0.8878205128205128
0.064555,1027,1385,175,403,0.7181818181818181,0.7181818181818181,0.11217948717948718,0.2818181818181818,0.8878205128205128,0.8878205128205128
0.064615,1027,1386,174,403,0.7181818181818181,0.7181818181818181,0.11153846153846154,0.2818181818181818,0.8884615384615384,0.8884615384615384
0.064653,1027,1387,173,403,0.7181818181818181,0.7181818181818181,0.11089743589743589,0.2818181818181818,0.889102564102564,0.889102564102564
0.064883,1026,1387,173,404,0.7174825174825175,0.7174825174825175,0.11089743589743589,0.28251748251748254,0.889102564102564,0.889102564102564
0.064919,1025,1387,173,405,0.7167832167832168,0.7167832167832168,0.11089743589743589,0.28321678321678323,0.889102564102564,0.889102564102564
0.065068,1025,1388,172,405,0.7167832167832168,0.7167832167832168,0.11025641025641025,0.28321678321678323,0.8897435897435897,0.8897435897435897
0.065164,1025,1389,171,405,0.7167832167832168,0.7167832167832168,0.10961538461538461,0.28321678321678323,0.8903846153846153,0.8903846153846153
0.065167,1024,1389,171,406,0.7160839160839161,0.7160839160839161,0.10961538461538461,0.2839160839160839,0.8903846153846153,0.8903846153846153
0.065231,1023,1389,171,407,0.7153846153846154,0.7153846153846154,0.10961538461538461,0.2846153846153846,0.8903846153846153,0.8903846153846153
0.065286,1022,1389,171,408,0.7146853146853147,0.7146853146853147,0.10961538461538461,0.2853146853146853,0.8903846153846153,0.8903846153846153
0.065314,1021,1389,171,409,0.713986013986014,0.713986013986014,0.10961538461538461,0.28601398601398603,0.8903846153846153,0.8903846153846153
0.065684,1021,1390,170,409,0.713986013986014,0.713986013986014,0.10897435897435898,0.28601398601398603,0.8910256410256411,0.8910256410256411
0.065798,1021,1391,169,409,0.713986013986014,0.713986013986014,0.10833333333333334,0.28601398601398603,0.8916666666666667,0.8916666666666667
0.065852,1020,1391,169,410,0.7132867132867133,0.7132867132867133,0.10833333333333334,0.2867132867132867,0.8916666666666667,0.8916666666666667
0.065921,1019,1391,169,411,0.7125874125874125,0.7125874125874125,0.10833333333333334,0.2874125874125874,0.8916666666666667,0.8916666666666667
0.065982,1019,1392,168,411,0.7125874125874125,0.7125874125874125,0.1076923076923077,0.2874125874125874,0.8923076923076924,0.8923076923076924
0.066163,1018,1392,168,412,0.7118881118881119,0.7118881118881119,0.1076923076923077,0.2881118881118881,0.8923076923076924,0.8923076923076924
0.066164,1017,1392,168,413,0.7111888111888112,0.7111888111888112,0.1076923076923077,0.28881118881118883,0.8923076923076924,0.8923076923076924
0.066176,1017,1393,167,413,0.7111888111888112,0.7111888111888112,0.10705128205128205,0.28881118881118883,0.892948717948718,0.892948717948718
0.066238,1016,1393,167,414,0.7104895104895105,0.7104895104895105,0.10705128205128205,0.2895104895104895,0.892948717948718,0.892948717948718
0.06632,1016,1394,166,414,0.7104895104895105,0.7104895104895105,0.1064102564102564,0.2895104895104895,0.8935897435897436,0.8935897435897436
0.066456,1016,1395,165,414,0.7104895104895105,0.7104895104895105,0.10576923076923077,0.2895104895104895,0.8942307692307693,0.8942307692307693
0.066514,1016,1396,164,414,0.7104895104895105,0.7104895104895105,0.10512820512820513,0.2895104895104895,0.8948717948717949,0.8948717948717949
0.066548,1015,1396,164,415,0.7097902097902098,0.7097902097902098,0.10512820512820513,0.2902097902097902,0.8948717948717949,0.8948717948717949
0.066625,1015,1397,163,415,0.7097902097902098,0.7097902097902098,0.10448717948717949,0.2902097902097902,0.8955128205128206,0.8955128205128206
0.066629,1014,1397,163,416,0.7090909090909091,0.7090909090909091,0.10448717948717949,0.2909090909090909,0.8955128205128206,0.8955128205128206
0.066667,1013,1397,163,417,0.7083916083916084,0.7083916083916084,0.10448717948717949,0.2916083916083916,0.8955128205128206,0.8955128205128206
0.066709,1012,1398,162,418,0.7076923076923077,0.7076923076923077,0.10384615384615385,0.2923076923076923,0.8961538461538462,0.8961538461538462
0.066789,1011,1398,162,419,0.706993006993007,0.706993006993007,0.10384615384615385,0.293006993006993,0.8961538461538462,0.8961538461538462
0.066897,1010,1398,162,420,0.7062937062937062,0.7062937062937062,0.10384615384615385,0.2937062937062937,0.8961538461538462,0.8961538461538462
0.066967,1009,1398,162,421,0.7055944055944056,0.7055944055944056,0.10384615384615385,0.2944055944055944,0.8961538461538462,0.8961538461538462
0.067001,1009,1399,161,421,0.7055944055944056,0.7055944055944056,0.1032051282051282,0.2944055944055944,0.8967948717948718,0.8967948717948718
0.067036,1008,1399,161,422,0.7048951048951049,0.7048951048951049,0.1032051282051282,0.2951048951048951,0.8967948717948718,0.8967948717948718
0.067077,1007,1399,161,423,0.7041958041958042,0.7041958041958042,0.1032051282051282,0.2958041958041958,0.8967948717948718,0.8967948717948718
0.067087,1006,1399,161,424,0.7034965034965035,0.7034965034965035,0.1032051282051282,0.2965034965034965,0.8967948717948718,0.8967948717948718
0.067177,1005,1399,161,425,0.7027972027972028,0.7027972027972028,0.1032051282051282,0.2972027972027972,0.8967948717948718,0.8967948717948718
0.067278,1005,1400,160,425,0.7027972027972028,0.7027972027972028,0.10256410256410256,0.2972027972027972,0.8974358974358975,0.8974358974358975
0.067315,1005,1401,159,425,0.7027972027972028,0.7027972027972028,0.10192307692307692,0.2972027972027972,0.8980769230769231,0.8980769230769231
0.067387,1005,1402,158,425,0.7027972027972028,0.7027972027972028,0.10128205128205128,0.2972027972027972,0.8987179487179487,0.8987179487179487
0.067409,1005,1403,157,425,0.7027972027972028,0.7027972027972028,0.10064102564102564,0.2972027972027972,0.8993589743589744,0.8993589743589744
0.067443,1005,1404,156,425,0.7027972027972028,0.7027972027972028,0.1,0.2972027972027972,0.9,0.9
0.06762,1005,1405,155,425,0.7027972027972028,0.7027972027972028,0.09935897435897435,0.2972027972027972,0.9006410256410257,0.9006410256410257
0.067754,1005,1406,154,425,0.7027972027972028,0.7027972027972028,0.09871794871794871,0.2972027972027972,0.9012820512820513,0.9012820512820513
0.067849,1004,1406,154,426,0.7020979020979021,0.7020979020979021,0.09871794871794871,0.29790209790209793,0.9012820512820513,0.9012820512820513
0.06789,1003,1406,154,427,0.7013986013986014,0.7013986013986014,0.09871794871794871,0.2986013986013986,0.9012820512820513,0.9012820512820513
0.067893,1003,1407,153,427,0.7013986013986014,0.7013986013986014,0.09807692307692308,0.2986013986013986,0.9019230769230769,0.9019230769230769
0.067998,1002,1407,153,428,0.7006993006993008,0.7006993006993008,0.09807692307692308,0.2993006993006993,0.9019230769230769,0.9019230769230769
0.068031,1001,1407,153,429,0.7,0.7,0.09807692307692308,0.3,0.9019230769230769,0.9019230769230769
0.068053,1001,1408,152,429,0.7,0.7,0.09743589743589744,0.3,0.9025641025641026,0.9025641025641026
0.068167,1001,1409,151,429,0.7,0.7,0.0967948717948718,0.3,0.9032051282051282,0.9032051282051282
0.0682,1000,1409,151,430,0.6993006993006993,0.6993006993006993,0.0967948717948718,0.3006993006993007,0.9032051282051282,0.9032051282051282
0.068284,999,1409,151,431,0.6986013986013986,0.6986013986013986,0.0967948717948718,0.3013986013986014,0.9032051282051282,0.9032051282051282
0.068311,999,1410,150,431,0.6986013986013986,0.6986013986013986,0.09615384615384616,0.3013986013986014,0.9038461538461539,0.9038461538461539
0.068345,998,1410,150,432,0.6979020979020979,0.6979020979020979,0.09615384615384616,0.3020979020979021,0.9038461538461539,0.9038461538461539
0.068456,998,1411,149,432,0.6979020979020979,0.6979020979020979,0.0955128205128205,0.3020979020979021,0.9044871794871795,0.9044871794871795
0.068524,998,1412,148,432,0.6979020979020979,0.6979020979020979,0.09487179487179487,0.3020979020979021,0.9051282051282051,0.9051282051282051
0.068616,997,1412,148,433,0.6972027972027972,0.6972027972027972,0.09487179487179487,0.3027972027972028,0.9051282051282051,0.9051282051282051
0.068777,997,1413,147,433,0.6972027972027972,0.6972027972027972,0.09423076923076923,0.3027972027972028,0.9057692307692308,0.9057692307692308
0.068845,997,1414,146,433,0.6972027972027972,0.6972027972027972,0.09358974358974359,0.3027972027972028,0.9064102564102564,0.9064102564102564
0.068887,996,1414,146,434,0.6965034965034965,0.6965034965034965,0.09358974358974359,0.3034965034965035,0.9064102564102564,0.9064102564102564
0.068917,995,1414,146,435,0.6958041958041958,0.6958041958041958,0.09358974358974359,0.3041958041958042,0.9064102564102564,0.9064102564102564
0.068944,994,1414,146,436,0.6951048951048951,0.6951048951048951,0.09358974358974359,0.3048951048951049,0.9064102564102564,0.9064102564102564
0.069031,993,1414,146,437,0.6944055944055944,0.6944055944055944,0.09358974358974359,0.3055944055944056,0.9064102564102564,0.9064102564102564
0.069116,992,1414,146,438,0.6937062937062937,0.6937062937062937,0.09358974358974359,0.3062937062937063,0.9064102564102564,0.9064102564102564
0.069218,992,1415,145,438,0.6937062937062937,0.6937062937062937,0.09294871794871795,0.3062937062937063,0.907051282051282,0.907051282051282
0.069225,992,1416,144,438,0.6937062937062937,0.6937062937062937,0.09230769230769231,0.3062937062937063,0.9076923076923077,0.9076923076923077
0.069254,991,1416,144,439,0.693006993006993,0.693006993006993,0.09230769230769231,0.30699300699300697,0.9076923076923077,0.9076923076923077
0.069444,991,1417,143,439,0.693006993006993,0.693006993006993,0.09166666666666666,0.30699300699300697,0.9083333333333333,0.9083333333333333
0.069466,990,1417,143,440,0.6923076923076923,0.6923076923076923,0.09166666666666666,0.3076923076923077,0.9083333333333333,0.9083333333333333
0.069508,989,1417,143,441,0.6916083916083916,0.6916083916083916,0.09166666666666666,0.3083916083916084,0.9083333333333333,0.9083333333333333
0.069658,989,1418,142,441,0.6916083916083916,0.6916083916083916,0.09102564102564102,0.3083916083916084,0.908974358974359,0.908974358974359
0.069674,989,1419,141,441,0.6916083916083916,0.6916083916083916,0.09038461538461538,0.3083916083916084,0.9096153846153846,0.9096153846153846
0.069691,989,1420,140,441,0.6916083916083916,0.6916083916083916,0.08974358974358974,0.3083916083916084,0.9102564102564102,0.9102564102564102
0.069699,989,1421,139,441,0.6916083916083916,0.6916083916083916,0.0891025641025641,0.3083916083916084,0.9108974358974359,0.9108974358974359
0.069767,988,1421,139,442,0.6909090909090909,0.6909090909090909,0.0891025641025641,0.3090909090909091,0.9108974358974359,0.9108974358974359
0.069781,988,1422,138,442,0.6909090909090909,0.6909090909090909,0.08846153846153847,0.3090909090909091,0.9115384615384615,0.9115384615384615
0.069813,987,1422,138,443,0.6902097902097902,0.6902097902097902,0.08846153846153847,0.30979020979020977,0.9115384615384615,0.9115384615384615
0.069872,987,1423,137,443,0.6902097902097902,0.6902097902097902,0.08782051282051281,0.30979020979020977,0.9121794871794872,0.9121794871794872
0.069988,987,1424,136,443,0.6902097902097902,0.6902097902097902,0.08717948717948718,0.30979020979020977,0.9128205128205128,0.9128205128205128
0.07,986,1424,136,444,0.6895104895104895,0.6895104895104895,0.08717948717948718,0.3104895104895105,0.9128205128205128,0.9128205128205128
0.070008,985,1424,136,445,0.6888111888111889,0.6888111888111889,0.08717948717948718,0.3111888111888112,0.9128205128205128,0.9128205128205128
0.070019,984,1424,136,446,0.6881118881118881,0.6881118881118881,0.08717948717948718,0.3118881118881119,0.9128205128205128,0.9128205128205128
0.070079,984,1425,135,446,0.6881118881118881,0.6881118881118881,0.08653846153846154,0.3118881118881119,0.9134615384615384,0.9134615384615384
0.070148,984,1426,134,446,0.6881118881118881,0.6881118881118881,0.0858974358974359,0.3118881118881119,0.9141025641025641,0.9141025641025641
0.070219,983,1426,134,447,0.6874125874125874,0.6874125874125874,0.0858974358974359,0.31258741258741257,0.9141025641025641,0.9141025641025641
0.070304,982,1426,134,448,0.6867132867132867,0.6867132867132867,0.0858974358974359,0.3132867132867133,0.9141025641025641,0.9141025641025641
0.070312,982,1427,133,448,0.6867132867132867,0.6867132867132867,0.08525641025641026,0.3132867132867133,0.9147435897435897,0.9147435897435897
0.070391,981,1427,133,449,0.686013986013986,0.686013986013986,0.08525641025641026,0.313986013986014,0.9147435897435897,0.9147435897435897
0.070403,981,1428,132,449,0.686013986013986,0.686013986013986,0.08461538461538462,0.313986013986014,0.9153846153846154,0.9153846153846154
0.070482,980,1428,132,450,0.6853146853146853,0.6853146853146853,0.08461538461538462,0.3146853146853147,0.9153846153846154,0.9153846153846154
0.0705,980,1429,131,450,0.6853146853146853,0.6853146853146853,0.08397435897435897,0.3146853146853147,0.916025641025641,0.916025641025641
0.070574,979,1429,131,451,0.6846153846153846,0.6846153846153846,0.08397435897435897,0.3153846153846154,0.916025641025641,0.916025641025641
0.070581,978,1429,131,452,0.6839160839160839,0.6839160839160839,0.08397435897435897,0.31608391608391606,0.916025641025641,0.916025641025641
0.070588,977,1429,131,453,0.6832167832167833,0.6832167832167833,0.08397435897435897,0.3167832167832168,0.916025641025641,0.916025641025641
0.070661,976,1429,131,454,0.6825174825174826,0.6825174825174826,0.08397435897435897,0.3174825174825175,0.916025641025641,0.916025641025641
0.070681,975,1429,131,455,0.6818181818181818,0.6818181818181818,0.08397435897435897,0.3181818181818182,0.916025641025641,0.916025641025641
0.070752,975,1430,130,455,0.6818181818181818,0.6818181818181818,0.08333333333333333,0.3181818181818182,0.9166666666666666,0.9166666666666666
0.070872,974,1430,130,456,0.6811188811188811,0.6811188811188811,0.08333333333333333,0.31888111888111886,0.9166666666666666,0.9166666666666666
0.070889,973,1430,130,457,0.6804195804195804,0.6804195804195804,0.08333333333333333,0.3195804195804196,0.9166666666666666,0.9166666666666666
0.071263,973,1431,129,457,0.6804195804195804,0.6804195804195804,0.08269230769230769,0.3195804195804196,0.9173076923076923,0.9173076923076923
0.071306,972,1431,129,458,0.6797202797202797,0.6797202797202797,0.08269230769230769,0.3202797202797203,0.9173076923076923,0.9173076923076923
0.071469,971,1431,129,459,0.679020979020979,0.679020979020979,0.08269230769230769,0.320979020979021,0.9173076923076923,0.9173076923076923
0.07151,970,1431,129,460,0.6783216783216783,0.6783216783216783,0.08269230769230769,0.32167832167832167,0.9173076923076923,0.9173076923076923
0.071687,970,1432,128,460,0.6783216783216783,0.6783216783216783,0.08205128205128205,0.32167832167832167,0.9179487179487179,0.9179487179487179
0.071693,969,1432,128,461,0.6776223776223776,0.6776223776223776,0.08205128205128205,0.32237762237762235,0.9179487179487179,0.9179487179487179
0.071776,968,1432,128,462,0.676923076923077,0.676923076923077,0.08205128205128205,0.3230769230769231,0.9179487179487179,0.9179487179487179
0.071903,968,1433,127,462,0.676923076923077,0.676923076923077,0.08141025641025641,0.3230769230769231,0.9185897435897435,0.9185897435897435
0.072009,966,1433,127,464,0.6755244755244755,0.6755244755244755,0.08141025641025641,0.32447552447552447,0.9185897435897435,0.9185897435897435
0.072029,965,1433,127,465,0.6748251748251748,0.6748251748251748,0.08141025641025641,0.32517482517482516,0.9185897435897435,0.9185897435897435
0.072185,965,1434,126,465,0.6748251748251748,0.6748251748251748,0.08076923076923077,0.32517482517482516,0.9192307692307692,0.9192307692307692
0.072314,964,1434,126,466,0.6741258741258741,0.6741258741258741,0.08076923076923077,0.3258741258741259,0.9192307692307692,0.9192307692307692
0.072437,962,1434,126,468,0.6727272727272727,0.6727272727272727,0.08076923076923077,0.32727272727272727,0.9192307692307692,0.9192307692307692
0.072486,961,1434,126,469,0.672027972027972,0.672027972027972,0.08076923076923077,0.32797202797202796,0.9192307692307692,0.9192307692307692
0.072551,960,1434,126,470,0.6713286713286714,0.6713286713286714,0.08076923076923077,0.32867132867132864,0.9192307692307692,0.9192307692307692
0.072559,959,1434,126,471,0.6706293706293707,0.6706293706293707,0.08076923076923077,0.3293706293706294,0.9192307692307692,0.9192307692307692
0.072574,958,1434,126,472,0.66993006993007,0.66993006993007,0.08076923076923077,0.3300699300699301,0.9192307692307692,0.9192307692307692
0.072596,957,1434,126,473,0.6692307692307692,0.6692307692307692,0.08076923076923077,0.33076923076923076,0.9192307692307692,0.9192307692307692
0.072607,956,1434,126,474,0.6685314685314685,0.6685314685314685,0.08076923076923077,0.33146853146853145,0.9192307692307692,0.9192307692307692
0.072752,955,1434,126,475,0.6678321678321678,0.6678321678321678,0.08076923076923077,0.3321678321678322,0.9192307692307692,0.9192307692307692
0.072761,955,1435,125,475,0.6678321678321678,0.6678321678321678,0.08012820512820513,0.3321678321678322,0.9198717948717948,0.9198717948717948
0.07284,954,1435,125,476,0.6671328671328671,0.6671328671328671,0.08012820512820513,0.3328671328671329,0.9198717948717948,0.9198717948717948
0.073086,953,1435,125,477,0.6664335664335664,0.6664335664335664,0.08012820512820513,0.33356643356643356,0.9198717948717948,0.9198717948717948
0.07311,952,1435,125,478,0.6657342657342658,0.6657342657342658,0.08012820512820513,0.33426573426573425,0.9198717948717948,0.9198717948717948
0.073225,952,1436,124,478,0.6657342657342658,0.6657342657342658,0.07948717948717948,0.33426573426573425,0.9205128205128205,0.9205128205128205
0.073389,951,1436,124,479,0.6650349650349651,0.6650349650349651,0.07948717948717948,0.334965034965035,0.9205128205128205,0.9205128205128205
0.073429,950,1436,124,480,0.6643356643356644,0.6643356643356644,0.07948717948717948,0.3356643356643357,0.9205128205128205,0.9205128205128205
0.07348,949,1436,124,481,0.6636363636363637,0.6636363636363637,0.07948717948717948,0.33636363636363636,0.9205128205128205,0.9205128205128205
0.073538,948,1436,124,482,0.6629370629370629,0.6629370629370629,0.07948717948717948,0.33706293706293705,0.9205128205128205,0.9205128205128205
0.073555,948,1437,123,482,0.6629370629370629,0.6629370629370629,0.07884615384615384,0.33706293706293705,0.9211538461538461,0.9211538461538461
0.073631,947,1437,123,483,0.6622377622377622,0.6622377622377622,0.07884615384615384,0.33776223776223774,0.9211538461538461,0.9211538461538461
0.073678,947,1438,122,483,0.6622377622377622,0.6622377622377622,0.0782051282051282,0.33776223776223774,0.9217948717948717,0.9217948717948717
0.073702,946,1438,122,484,0.6615384615384615,0.6615384615384615,0.0782051282051282,0.3384615384615385,0.9217948717948717,0.9217948717948717
0.073746,946,1439,121,484,0.6615384615384615,0.6615384615384615,0.07756410256410257,0.3384615384615385,0.9224358974358975,0.9224358974358975
0.073754,945,1439,121,485,0.6608391608391608,0.6608391608391608,0.07756410256410257,0.33916083916083917,0.9224358974358975,0.9224358974358975
0.073889,944,1439,121,486,0.6601398601398601,0.6601398601398601,0.07756410256410257,0.33986013986013985,0.9224358974358975,0.9224358974358975
0.074074,943,1439,121,487,0.6594405594405595,0.6594405594405595,0.07756410256410257,0.34055944055944054,0.9224358974358975,0.9224358974358975
0.074097,942,1439,121,488,0.6587412587412588,0.6587412587412588,0.07756410256410257,0.3412587412587413,0.9224358974358975,0.9224358974358975
0.074099,941,1439,121,489,0.6580419580419581,0.6580419580419581,0.07756410256410257,0.34195804195804197,0.9224358974358975,0.9224358974358975
0.074144,940,1439,121,490,0.6573426573426573,0.6573426573426573,0.07756410256410257,0.34265734265734266,0.9224358974358975,0.9224358974358975
0.074286,940,1440,120,490,0.6573426573426573,0.6573426573426573,0.07692307692307693,0.34265734265734266,0.9230769230769231,0.9230769230769231
0.074403,939,1440,120,491,0.6566433566433566,0.6566433566433566,0.07692307692307693,0.34335664335664334,0.9230769230769231,0.9230769230769231
0.074527,938,1440,120,492,0.6559440559440559,0.6559440559440559,0.07692307692307693,0.34405594405594403,0.9230769230769231,0.9230769230769231
0.074572,937,1440,120,493,0.6552447552447552,0.6552447552447552,0.07692307692307693,0.34475524475524477,0.9230769230769231,0.9230769230769231
0.074803,936,1440,120,494,0.6545454545454545,0.6545454545454545,0.07692307692307693,0.34545454545454546,0.9230769230769231,0.9230769230769231
0.074863,935,1440,120,495,0.6538461538461539,0.6538461538461539,0.07692307692307693,0.34615384615384615,0.9230769230769231,0.9230769230769231
0.074879,935,1441,119,495,0.6538461538461539,0.6538461538461539,0.07628205128205129,0.34615384615384615,0.9237179487179488,0.9237179487179488
0.074972,934,1441,119,496,0.6531468531468532,0.6531468531468532,0.07628205128205129,0.34685314685314683,0.9237179487179488,0.9237179487179488
0.074982,933,1441,119,497,0.6524475524475525,0.6524475524475525,0.07628205128205129,0.3475524475524476,0.9237179487179488,0.9237179487179488
0.075092,932,1441,119,498,0.6517482517482518,0.6517482517482518,0.07628205128205129,0.34825174825174826,0.9237179487179488,0.9237179487179488
0.075188,931,1441,119,499,0.651048951048951,0.651048951048951,0.07628205128205129,0.34895104895104895,0.9237179487179488,0.9237179487179488
0.075374,930,1441,119,500,0.6503496503496503,0.6503496503496503,0.07628205128205129,0.34965034965034963,0.9237179487179488,0.9237179487179488
0.0754,930,1442,118,500,0.6503496503496503,0.6503496503496503,0.07564102564102564,0.34965034965034963,0.9243589743589744,0.9243589743589744
0.075414,929,1442,118,501,0.6496503496503496,0.6496503496503496,0.07564102564102564,0.3503496503496504,0.9243589743589744,0.9243589743589744
0.075438,928,1442,118,502,0.6489510489510489,0.6489510489510489,0.07564102564102564,0.35104895104895106,0.9243589743589744,0.9243589743589744
0.075472,927,1442,118,503,0.6482517482517482,0.6482517482517482,0.07564102564102564,0.35174825174825175,0.9243589743589744,0.9243589743589744
0.075581,926,1443,117,504,0.6475524475524476,0.6475524475524476,0.075,0.35244755244755244,0.925,0.925
0.075663,926,1444,116,504,0.6475524475524476,0.6475524475524476,0.07435897435897436,0.35244755244755244,0.9256410256410257,0.9256410256410257
0.075904,926,1445,115,504,0.6475524475524476,0.6475524475524476,0.07371794871794872,0.35244755244755244,0.9262820512820513,0.9262820512820513
0.075939,925,1445,115,505,0.6468531468531469,0.6468531468531469,0.07371794871794872,0.3531468531468531,0.9262820512820513,0.9262820512820513
0.076043,924,1445,115,506,0.6461538461538462,0.6461538461538462,0.07371794871794872,0.35384615384615387,0.9262820512820513,0.9262820512820513
0.076125,924,1446,114,506,0.6461538461538462,0.6461538461538462,0.07307692307692308,0.35384615384615387,0.926923076923077,0.926923076923077
0.076208,923,1446,114,507,0.6454545454545455,0.6454545454545455,0.07307692307692308,0.35454545454545455,0.926923076923077,0.926923076923077
0.076246,922,1446,114,508,0.6447552447552447,0.6447552447552447,0.07307692307692308,0.35524475524475524,0.926923076923077,0.926923076923077
0.076248,921,1446,114,509,0.644055944055944,0.644055944055944,0.07307692307692308,0.3559440559440559,0.926923076923077,0.926923076923077
0.076281,920,1446,114,510,0.6433566433566433,0.6433566433566433,0.07307692307692308,0.35664335664335667,0.926923076923077,0.926923076923077
0.076474,919,1446,114,511,0.6426573426573426,0.6426573426573426,0.07307692307692308,0.35734265734265735,0.926923076923077,0.926923076923077
0.076525,919,1447,113,511,0.6426573426573426,0.6426573426573426,0.07243589743589744,0.35734265734265735,0.9275641025641026,0.9275641025641026
0.076552,919,1448,112,511,0.6426573426573426,0.6426573426573426,0.07179487179487179,0.35734265734265735,0.9282051282051282,0.9282051282051282
0.076647,919,1449,111,511,0.6426573426573426,0.6426573426573426,0.07115384615384615,0.35734265734265735,0.9288461538461539,0.9288461538461539
0.076677,918,1449,111,512,0.641958041958042,0.641958041958042,0.07115384615384615,0.35804195804195804,0.9288461538461539,0.9288461538461539
0.076716,917,1449,111,513,0.6412587412587413,0.6412587412587413,0.07115384615384615,0.35874125874125873,0.9288461538461539,0.9288461538461539
0.076737,916,1449,111,514,0.6405594405594406,0.6405594405594406,0.07115384615384615,0.3594405594405594,0.9288461538461539,0.9288461538461539
0.076834,916,1450,110,514,0.6405594405594406,0.6405594405594406,0.07051282051282051,0.3594405594405594,0.9294871794871795,0.9294871794871795
0.076873,915,1450,110,515,0.6398601398601399,0.6398601398601399,0.07051282051282051,0.36013986013986016,0.9294871794871795,0.9294871794871795
0.076879,914,1450,110,516,0.6391608391608392,0.6391608391608392,0.07051282051282051,0.36083916083916084,0.9294871794871795,0.9294871794871795
0.07688,914,1451,109,516,0.6391608391608392,0.6391608391608392,0.06987179487179487,0.36083916083916084,0.9301282051282052,0.9301282051282052
0.077028,913,1451,109,517,0.6384615384615384,0.6384615384615384,0.06987179487179487,0.36153846153846153,0.9301282051282052,0.9301282051282052
0.07703,913,1452,108,517,0.6384615384615384,0.6384615384615384,0.06923076923076923,0.36153846153846153,0.9307692307692308,0.9307692307692308
0.077073,911,1452,108,519,0.637062937062937,0.637062937062937,0.06923076923076923,0.36293706293706296,0.9307692307692308,0.9307692307692308
0.077139,911,1453,107,519,0.637062937062937,0.637062937062937,0.0685897435897436,0.36293706293706296,0.9314102564102564,0.9314102564102564
0.077146,910,1453,107,520,0.6363636363636364,0.6363636363636364,0.0685897435897436,0.36363636363636365,0.9314102564102564,0.9314102564102564
0.077204,909,1453,107,521,0.6356643356643357,0.6356643356643357,0.0685897435897436,0.36433566433566433,0.9314102564102564,0.9314102564102564
0.077213,909,1454,106,521,0.6356643356643357,0.6356643356643357,0.06794871794871794,0.36433566433566433,0.9320512820512821,0.9320512820512821
0.077228,908,1454,106,522,0.634965034965035,0.634965034965035,0.06794871794871794,0.365034965034965,0.9320512820512821,0.9320512820512821
0.077229,908,1455,105,522,0.634965034965035,0.634965034965035,0.0673076923076923,0.365034965034965,0.9326923076923077,0.9326923076923077
0.07727,907,1455,105,523,0.6342657342657343,0.6342657342657343,0.0673076923076923,0.3657342657342657,0.9326923076923077,0.9326923076923077
0.077286,906,1455,105,524,0.6335664335664336,0.6335664335664336,0.0673076923076923,0.36643356643356645,0.9326923076923077,0.9326923076923077
0.077355,905,1455,105,525,0.6328671328671329,0.6328671328671329,0.0673076923076923,0.36713286713286714,0.9326923076923077,0.9326923076923077
0.077419,904,1455,105,526,0.6321678321678321,0.6321678321678321,0.0673076923076923,0.3678321678321678,0.9326923076923077,0.9326923076923077
0.077483,904,1456,104,526,0.6321678321678321,0.6321678321678321,0.06666666666666667,0.3678321678321678,0.9333333333333333,0.9333333333333333
0.077727,903,1456,104,527,0.6314685314685314,0.6314685314685314,0.06666666666666667,0.3685314685314685,0.9333333333333333,0.9333333333333333
0.077819,902,1456,104,528,0.6307692307692307,0.6307692307692307,0.06666666666666667,0.36923076923076925,0.9333333333333333,0.9333333333333333
0.077859,902,1457,103,528,0.6307692307692307,0.6307692307692307,0.06602564102564103,0.36923076923076925,0.933974358974359,0.933974358974359
0.077914,902,1458,102,528,0.6307692307692307,0.6307692307692307,0.06538461538461539,0.36923076923076925,0.9346153846153846,0.9346153846153846
0.078081,902,1459,101,528,0.6307692307692307,0.6307692307692307,0.06474358974358975,0.36923076923076925,0.9352564102564103,0.9352564102564103
0.078104,901,1459,101,529,0.6300699300699301,0.6300699300699301,0.06474358974358975,0.36993006993006994,0.9352564102564103,0.9352564102564103
0.078143,900,1459,101,530,0.6293706293706294,0.6293706293706294,0.06474358974358975,0.3706293706293706,0.9352564102564103,0.9352564102564103
0.078187,899,1459,101,531,0.6286713286713287,0.6286713286713287,0.06474358974358975,0.3713286713286713,0.9352564102564103,0.9352564102564103
0.078246,898,1459,101,532,0.627972027972028,0.627972027972028,0.06474358974358975,0.37202797202797205,0.9352564102564103,0.9352564102564103
0.078255,897,1459,101,533,0.6272727272727273,0.6272727272727273,0.06474358974358975,0.37272727272727274,0.9352564102564103,0.9352564102564103
0.078273,896,1459,101,534,0.6265734265734266,0.6265734265734266,0.06474358974358975,0.3734265734265734,0.9352564102564103,0.9352564102564103
0.078313,896,1460,100,534,0.6265734265734266,0.6265734265734266,0.0641025641025641,0.3734265734265734,0.9358974358974359,0.9358974358974359
0.078404,895,1460,100,535,0.6258741258741258,0.6258741258741258,0.0641025641025641,0.3741258741258741,0.9358974358974359,0.9358974358974359
0.078512,895,1461,99,535,0.6258741258741258,0.6258741258741258,0.06346153846153846,0.3741258741258741,0.9365384615384615,0.9365384615384615
0.078534,893,1461,99,537,0.6244755244755245,0.6244755244755245,0.06346153846153846,0.37552447552447554,0.9365384615384615,0.9365384615384615
0.078576,892,1461,99,538,0.6237762237762238,0.6237762237762238,0.06346153846153846,0.37622377622377623,0.9365384615384615,0.9365384615384615
0.078611,891,1461,99,539,0.6230769230769231,0.6230769230769231,0.06346153846153846,0.3769230769230769,0.9365384615384615,0.9365384615384615
0.078631,890,1461,99,540,0.6223776223776224,0.6223776223776224,0.06346153846153846,0.3776223776223776,0.9365384615384615,0.9365384615384615
0.078735,889,1461,99,541,0.6216783216783217,0.6216783216783217,0.06346153846153846,0.37832167832167835,0.9365384615384615,0.9365384615384615
0.078751,889,1462,98,541,0.6216783216783217,0.6216783216783217,0.06282051282051282,0.37832167832167835,0.9371794871794872,0.9371794871794872
0.078781,888,1462,98,542,0.620979020979021,0.620979020979021,0.06282051282051282,0.37902097902097903,0.9371794871794872,0.9371794871794872
0.078806,888,1463,97,542,0.620979020979021,0.620979020979021,0.06217948717948718,0.37902097902097903,0.9378205128205128,0.9378205128205128
0.078902,887,1463,97,543,0.6202797202797202,0.6202797202797202,0.06217948717948718,0.3797202797202797,0.9378205128205128,0.9378205128205128
0.07898,886,1463,97,544,0.6195804195804195,0.6195804195804195,0.06217948717948718,0.3804195804195804,0.9378205128205128,0.9378205128205128
0.079202,885,1463,97,545,0.6188811188811189,0.6188811188811189,0.06217948717948718,0.3811188811188811,0.9378205128205128,0.9378205128205128
0.079385,885,1464,96,545,0.6188811188811189,0.6188811188811189,0.06153846153846154,0.3811188811188811,0.9384615384615385,0.9384615384615385
0.079433,885,1465,95,545,0.6188811188811189,0.6188811188811189,0.060897435897435896,0.3811188811188811,0.9391025641025641,0.9391025641025641
0.079524,885,1466,94,545,0.6188811188811189,0.6188811188811189,0.06025641025641026,0.3811188811188811,0.9397435897435897,0.9397435897435897
0.079529,884,1466,94,546,0.6181818181818182,0.6181818181818182,0.06025641025641026,0.38181818181818183,0.9397435897435897,0.9397435897435897
0.079684,884,1467,93,546,0.6181818181818182,0.6181818181818182,0.05961538461538462,0.38181818181818183,0.9403846153846154,0.9403846153846154
0.07969,883,1467,93,547,0.6174825174825175,0.6174825174825175,0.05961538461538462,0.3825174825174825,0.9403846153846154,0.9403846153846154
0.079723,883,1468,92,547,0.6174825174825175,0.6174825174825175,0.05897435897435897,0.3825174825174825,0.941025641025641,0.941025641025641
0.080251,883,1469,91,547,0.6174825174825175,0.6174825174825175,0.058333333333333334,0.3825174825174825,0.9416666666666667,0.9416666666666667
0.080287,882,1469,91,548,0.6167832167832168,0.6167832167832168,0.058333333333333334,0.3832167832167832,0.9416666666666667,0.9416666666666667
0.080315,881,1469,91,549,0.6160839160839161,0.6160839160839161,0.058333333333333334,0.3839160839160839,0.9416666666666667,0.9416666666666667
0.080357,880,1469,91,550,0.6153846153846154,0.6153846153846154,0.058333333333333334,0.38461538461538464,0.9416666666666667,0.9416666666666667
0.080388,879,1469,91,551,0.6146853146853147,0.6146853146853147,0.058333333333333334,0.3853146853146853,0.9416666666666667,0.9416666666666667
0.080518,879,1470,90,551,0.6146853146853147,0.6146853146853147,0.057692307692307696,0.3853146853146853,0.9423076923076923,0.9423076923076923
0.080682,879,1471,89,551,0.6146853146853147,0.6146853146853147,0.05705128205128205,0.3853146853146853,0.9429487179487179,0.9429487179487179
0.080741,879,1472,88,551,0.6146853146853147,0.6146853146853147,0.05641025641025641,0.3853146853146853,0.9435897435897436,0.9435897435897436
0.080842,879,1473,87,551,0.6146853146853147,0.6146853146853147,0.05576923076923077,0.3853146853146853,0.9442307692307692,0.9442307692307692
0.081121,878,1473,87,552,0.6139860139860139,0.6139860139860139,0.05576923076923077,0.386013986013986,0.9442307692307692,0.9442307692307692
0.081301,878,1474,86,552,0.6139860139860139,0.6139860139860139,0.05512820512820513,0.386013986013986,0.9448717948717948,0.9448717948717948
0.081325,877,1474,86,553,0.6132867132867132,0.6132867132867132,0.05512820512820513,0.3867132867132867,0.9448717948717948,0.9448717948717948
0.081329,876,1474,86,554,0.6125874125874126,0.6125874125874126,0.05512820512820513,0.38741258741258744,0.9448717948717948,0.9448717948717948
0.08155,876,1475,85,554,0.6125874125874126,0.6125874125874126,0.05448717948717949,0.38741258741258744,0.9455128205128205,0.9455128205128205
0.081585,876,1476,84,554,0.6125874125874126,0.6125874125874126,0.05384615384615385,0.38741258741258744,0.9461538461538461,0.9461538461538461
0.081605,876,1477,83,554,0.6125874125874126,0.6125874125874126,0.0532051282051282,0.38741258741258744,0.9467948717948718,0.9467948717948718
0.081633,875,1477,83,555,0.6118881118881119,0.6118881118881119,0.0532051282051282,0.3881118881118881,0.9467948717948718,0.9467948717948718
0.081647,874,1477,83,556,0.6111888111888112,0.6111888111888112,0.0532051282051282,0.3888111888111888,0.9467948717948718,0.9467948717948718
0.08169,873,1477,83,557,0.6104895104895105,0.6104895104895105,0.0532051282051282,0.3895104895104895,0.9467948717948718,0.9467948717948718
0.081712,873,1478,82,557,0.6104895104895105,0.6104895104895105,0.052564102564102565,0.3895104895104895,0.9474358974358974,0.9474358974358974
0.081736,872,1478,82,558,0.6097902097902098,0.6097902097902098,0.052564102564102565,0.3902097902097902,0.9474358974358974,0.9474358974358974
0.0818,871,1478,82,559,0.6090909090909091,0.6090909090909091,0.052564102564102565,0.39090909090909093,0.9474358974358974,0.9474358974358974
0.081806,870,1478,82,560,0.6083916083916084,0.6083916083916084,0.052564102564102565,0.3916083916083916,0.9474358974358974,0.9474358974358974
0.081879,869,1478,82,561,0.6076923076923076,0.6076923076923076,0.052564102564102565,0.3923076923076923,0.9474358974358974,0.9474358974358974
0.0819,868,1478,82,562,0.606993006993007,0.606993006993007,0.052564102564102565,0.393006993006993,0.9474358974358974,0.9474358974358974
0.082014,867,1478,82,563,0.6062937062937063,0.6062937062937063,0.052564102564102565,0.39370629370629373,0.9474358974358974,0.9474358974358974
0.082145,866,1479,81,564,0.6055944055944056,0.6055944055944056,0.051923076923076926,0.3944055944055944,0.948076923076923,0.948076923076923
0.082251,865,1479,81,565,0.6048951048951049,0.6048951048951049,0.051923076923076926,0.3951048951048951,0.948076923076923,0.948076923076923
0.08229,864,1479,81,566,0.6041958041958042,0.6041958041958042,0.051923076923076926,0.3958041958041958,0.948076923076923,0.948076923076923
0.082557,864,1480,80,566,0.6041958041958042,0.6041958041958042,0.05128205128205128,0.3958041958041958,0.9487179487179487,0.9487179487179487
0.082591,864,1481,79,566,0.6041958041958042,0.6041958041958042,0.05064102564102564,0.3958041958041958,0.9493589743589743,0.9493589743589743
0.082905,864,1482,78,566,0.6041958041958042,0.6041958041958042,0.05,0.3958041958041958,0.95,0.95
0.082916,863,1482,78,567,0.6034965034965035,0.6034965034965035,0.05,0.3965034965034965,0.95,0.95
0.082995,862,1482,78,568,0.6027972027972028,0.6027972027972028,0.05,0.3972027972027972,0.95,0.95
0.08324,861,1482,78,569,0.6020979020979021,0.6020979020979021,0.05,0.3979020979020979,0.95,0.95
0.083333,861,1483,77,569,0.6020979020979021,0.6020979020979021,0.04935897435897436,0.3979020979020979,0.9506410256410256,0.9506410256410256
0.08348,860,1483,77,570,0.6013986013986014,0.6013986013986014,0.04935897435897436,0.3986013986013986,0.9506410256410256,0.9506410256410256
0.083523,860,1484,76,570,0.6013986013986014,0.6013986013986014,0.04871794871794872,0.3986013986013986,0.9512820512820512,0.9512820512820512
0.08365,860,1485,75,570,0.6013986013986014,0.6013986013986014,0.04807692307692308,0.3986013986013986,0.9519230769230769,0.9519230769230769
0.083773,859,1485,75,571,0.6006993006993007,0.6006993006993007,0.04807692307692308,0.3993006993006993,0.9519230769230769,0.9519230769230769
0.083904,858,1485,75,572,0.6,0.6,0.04807692307692308,0.4,0.9519230769230769,0.9519230769230769
0.083979,857,1485,75,573,0.5993006993006993,0.5993006993006993,0.04807692307692308,0.4006993006993007,0.9519230769230769,0.9519230769230769
0.084344,856,1485,75,574,0.5986013986013986,0.5986013986013986,0.04807692307692308,0.4013986013986014,0.9519230769230769,0.9519230769230769
0.084531,855,1485,75,575,0.5979020979020979,0.5979020979020979,0.04807692307692308,0.4020979020979021,0.9519230769230769,0.9519230769230769
0.084629,855,1486,74,575,0.5979020979020979,0.5979020979020979,0.047435897435897434,0.4020979020979021,0.9525641025641025,0.9525641025641025
0.085065,854,1486,74,576,0.5972027972027972,0.5972027972027972,0.047435897435897434,0.4027972027972028,0.9525641025641025,0.9525641025641025
0.085131,853,1486,74,577,0.5965034965034965,0.5965034965034965,0.047435897435897434,0.4034965034965035,0.9525641025641025,0.9525641025641025
0.085481,852,1486,74,578,0.5958041958041959,0.5958041958041959,0.047435897435897434,0.4041958041958042,0.9525641025641025,0.9525641025641025
0.085491,852,1487,73,578,0.5958041958041959,0.5958041958041959,0.046794871794871795,0.4041958041958042,0.9532051282051283,0.9532051282051283
0.085714,851,1487,73,579,0.5951048951048951,0.5951048951048951,0.046794871794871795,0.4048951048951049,0.9532051282051283,0.9532051282051283
0.085781,851,1488,72,579,0.5951048951048951,0.5951048951048951,0.046153846153846156,0.4048951048951049,0.9538461538461539,0.9538461538461539
0.085933,851,1489,71,579,0.5951048951048951,0.5951048951048951,0.04551282051282051,0.4048951048951049,0.9544871794871795,0.9544871794871795
0.085981,851,1490,70,579,0.5951048951048951,0.5951048951048951,0.04487179487179487,0.4048951048951049,0.9551282051282052,0.9551282051282052
0.085997,850,1490,70,580,0.5944055944055944,0.5944055944055944,0.04487179487179487,0.40559440559440557,0.9551282051282052,0.9551282051282052
0.086268,850,1491,69,580,0.5944055944055944,0.5944055944055944,0.04423076923076923,0.40559440559440557,0.9557692307692308,0.9557692307692308
0.086275,849,1491,69,581,0.5937062937062937,0.5937062937062937,0.04423076923076923,0.4062937062937063,0.9557692307692308,0.9557692307692308
0.086351,848,1491,69,582,0.593006993006993,0.593006993006993,0.04423076923076923,0.406993006993007,0.9557692307692308,0.9557692307692308
0.086412,847,1491,69,583,0.5923076923076923,0.5923076923076923,0.04423076923076923,0.4076923076923077,0.9557692307692308,0.9557692307692308
0.086483,846,1491,69,584,0.5916083916083916,0.5916083916083916,0.04423076923076923,0.4083916083916084,0.9557692307692308,0.9557692307692308
0.086501,845,1491,69,585,0.5909090909090909,0.5909090909090909,0.04423076923076923,0.4090909090909091,0.9557692307692308,0.9557692307692308
0.086518,844,1491,69,586,0.5902097902097903,0.5902097902097903,0.04423076923076923,0.4097902097902098,0.9557692307692308,0.9557692307692308
0.086551,843,1491,69,587,0.5895104895104896,0.5895104895104896,0.04423076923076923,0.4104895104895105,0.9557692307692308,0.9557692307692308
0.086667,842,1491,69,588,0.5888111888111888,0.5888111888111888,0.04423076923076923,0.4111888111888112,0.9557692307692308,0.9557692307692308
0.086675,841,1491,69,589,0.5881118881118881,0.5881118881118881,0.04423076923076923,0.41188811188811186,0.9557692307692308,0.9557692307692308
0.086721,840,1491,69,590,0.5874125874125874,0.5874125874125874,0.04423076923076923,0.4125874125874126,0.9557692307692308,0.9557692307692308
0.086754,839,1491,69,591,0.5867132867132867,0.5867132867132867,0.04423076923076923,0.4132867132867133,0.9557692307692308,0.9557692307692308
0.086758,838,1491,69,592,0.586013986013986,0.586013986013986,0.04423076923076923,0.413986013986014,0.9557692307692308,0.9557692307692308
0.08687,837,1491,69,593,0.5853146853146853,0.5853146853146853,0.04423076923076923,0.41468531468531467,0.9557692307692308,0.9557692307692308
0.086895,836,1491,69,594,0.5846153846153846,0.5846153846153846,0.04423076923076923,0.4153846153846154,0.9557692307692308,0.9557692307692308
0.086981,835,1491,69,595,0.583916083916084,0.583916083916084,0.04423076923076923,0.4160839160839161,0.9557692307692308,0.9557692307692308
0.087037,834,1491,69,596,0.5832167832167832,0.5832167832167832,0.04423076923076923,0.4167832167832168,0.9557692307692308,0.9557692307692308
0.087057,833,1491,69,597,0.5825174825174825,0.5825174825174825,0.04423076923076923,0.41748251748251747,0.9557692307692308,0.9557692307692308
0.087128,833,1492,68,597,0.5825174825174825,0.5825174825174825,0.04358974358974359,0.41748251748251747,0.9564102564102565,0.9564102564102565
0.087139,832,1492,68,598,0.5818181818181818,0.5818181818181818,0.04358974358974359,0.41818181818181815,0.9564102564102565,0.9564102564102565
0.087176,831,1492,68,599,0.5811188811188811,0.5811188811188811,0.04358974358974359,0.4188811188811189,0.9564102564102565,0.9564102564102565
0.087417,830,1492,68,600,0.5804195804195804,0.5804195804195804,0.04358974358974359,0.4195804195804196,0.9564102564102565,0.9564102564102565
0.087601,830,1493,67,600,0.5804195804195804,0.5804195804195804,0.04294871794871795,0.4195804195804196,0.9570512820512821,0.9570512820512821
0.087989,830,1494,66,600,0.5804195804195804,0.5804195804195804,0.04230769230769231,0.4195804195804196,0.9576923076923077,0.9576923076923077
0.088117,830,1495,65,600,0.5804195804195804,0.5804195804195804,0.041666666666666664,0.4195804195804196,0.9583333333333334,0.9583333333333334
0.088186,830,1496,64,600,0.5804195804195804,0.5804195804195804,0.041025641025641026,0.4195804195804196,0.958974358974359,0.958974358974359
0.088593,829,1496,64,601,0.5797202797202797,0.5797202797202797,0.041025641025641026,0.42027972027972027,0.958974358974359,0.958974358974359
0.088624,829,1497,63,601,0.5797202797202797,0.5797202797202797,0.04038461538461539,0.42027972027972027,0.9596153846153846,0.9596153846153846
0.088633,828,1497,63,602,0.579020979020979,0.579020979020979,0.04038461538461539,0.42097902097902096,0.9596153846153846,0.9596153846153846
0.08865,827,1497,63,603,0.5783216783216784,0.5783216783216784,0.04038461538461539,0.4216783216783217,0.9596153846153846,0.9596153846153846
0.088652,827,1498,62,603,0.5783216783216784,0.5783216783216784,0.03974358974358974,0.4216783216783217,0.9602564102564103,0.9602564102564103
0.08867,826,1498,62,604,0.5776223776223777,0.5776223776223777,0.03974358974358974,0.4223776223776224,0.9602564102564103,0.9602564102564103
0.088693,825,1498,62,605,0.5769230769230769,0.5769230769230769,0.03974358974358974,0.4230769230769231,0.9602564102564103,0.9602564102564103
0.088955,824,1498,62,606,0.5762237762237762,0.5762237762237762,0.03974358974358974,0.42377622377622376,0.9602564102564103,0.9602564102564103
0.088993,824,1499,61,606,0.5762237762237762,0.5762237762237762,0.0391025641025641,0.42377622377622376,0.9608974358974359,0.9608974358974359
0.089395,823,1499,61,607,0.5755244755244755,0.5755244755244755,0.0391025641025641,0.4244755244755245,0.9608974358974359,0.9608974358974359
0.089447,822,1499,61,608,0.5748251748251748,0.5748251748251748,0.0391025641025641,0.4251748251748252,0.9608974358974359,0.9608974358974359
0.089564,821,1499,61,609,0.5741258741258741,0.5741258741258741,0.0391025641025641,0.4258741258741259,0.9608974358974359,0.9608974358974359
0.089601,820,1499,61,610,0.5734265734265734,0.5734265734265734,0.0391025641025641,0.42657342657342656,0.9608974358974359,0.9608974358974359
0.089606,819,1499,61,611,0.5727272727272728,0.5727272727272728,0.0391025641025641,0.42727272727272725,0.9608974358974359,0.9608974358974359
0.089614,818,1499,61,612,0.5720279720279721,0.5720279720279721,0.0391025641025641,0.427972027972028,0.9608974358974359,0.9608974358974359
0.089708,818,1500,60,612,0.5720279720279721,0.5720279720279721,0.038461538461538464,0.427972027972028,0.9615384615384616,0.9615384615384616
0.089752,817,1500,60,613,0.5713286713286714,0.5713286713286714,0.038461538461538464,0.4286713286713287,0.9615384615384616,0.9615384615384616
0.089753,816,1500,60,614,0.5706293706293706,0.5706293706293706,0.038461538461538464,0.42937062937062936,0.9615384615384616,0.9615384615384616
0.089986,815,1500,60,615,0.5699300699300699,0.5699300699300699,0.038461538461538464,0.43006993006993005,0.9615384615384616,0.9615384615384616
0.09004,814,1500,60,616,0.5692307692307692,0.5692307692307692,0.038461538461538464,0.4307692307692308,0.9615384615384616,0.9615384615384616
0.090121,813,1500,60,617,0.5685314685314685,0.5685314685314685,0.038461538461538464,0.4314685314685315,0.9615384615384616,0.9615384615384616
0.090247,812,1500,60,618,0.5678321678321678,0.5678321678321678,0.038461538461538464,0.43216783216783217,0.9615384615384616,0.9615384615384616
0.090443,811,1500,60,619,0.5671328671328671,0.5671328671328671,0.038461538461538464,0.43286713286713285,0.9615384615384616,0.9615384615384616
0.090643,810,1500,60,620,0.5664335664335665,0.5664335664335665,0.038461538461538464,0.43356643356643354,0.9615384615384616,0.9615384615384616
0.090807,809,1500,60,621,0.5657342657342658,0.5657342657342658,0.038461538461538464,0.4342657342657343,0.9615384615384616,0.9615384615384616
0.090841,808,1500,60,622,0.5650349650349651,0.5650349650349651,0.038461538461538464,0.43496503496503497,0.9615384615384616,0.9615384615384616
0.090847,807,1500,60,623,0.5643356643356643,0.5643356643356643,0.038461538461538464,0.43566433566433566,0.9615384615384616,0.9615384615384616
0.090909,806,1500,60,624,0.5636363636363636,0.5636363636363636,0.038461538461538464,0.43636363636363634,0.9615384615384616,0.9615384615384616
0.09096,806,1501,59,624,0.5636363636363636,0.5636363636363636,0.03782051282051282,0.43636363636363634,0.9621794871794872,0.9621794871794872
0.091173,805,1501,59,625,0.5629370629370629,0.5629370629370629,0.03782051282051282,0.4370629370629371,0.9621794871794872,0.9621794871794872
0.091203,805,1502,58,625,0.5629370629370629,0.5629370629370629,0.03717948717948718,0.4370629370629371,0.9628205128205128,0.9628205128205128
0.09127,804,1502,58,626,0.5622377622377622,0.5622377622377622,0.03717948717948718,0.43776223776223777,0.9628205128205128,0.9628205128205128
0.091371,803,1502,58,627,0.5615384615384615,0.5615384615384615,0.03717948717948718,0.43846153846153846,0.9628205128205128,0.9628205128205128
0.091417,802,1502,58,628,0.5608391608391609,0.5608391608391609,0.03717948717948718,0.43916083916083914,0.9628205128205128,0.9628205128205128
0.091419,802,1503,57,628,0.5608391608391609,0.5608391608391609,0.03653846153846154,0.43916083916083914,0.9634615384615385,0.9634615384615385
0.091442,801,1503,57,629,0.5601398601398602,0.5601398601398602,0.03653846153846154,0.4398601398601399,0.9634615384615385,0.9634615384615385
0.091459,801,1504,56,629,0.5601398601398602,0.5601398601398602,0.035897435897435895,0.4398601398601399,0.9641025641025641,0.9641025641025641
0.091643,800,1504,56,630,0.5594405594405595,0.5594405594405595,0.035897435897435895,0.4405594405594406,0.9641025641025641,0.9641025641025641
0.091686,799,1504,56,631,0.5587412587412588,0.5587412587412588,0.035897435897435895,0.44125874125874126,0.9641025641025641,0.9641025641025641
0.091883,798,1504,56,632,0.558041958041958,0.558041958041958,0.035897435897435895,0.44195804195804195,0.9641025641025641,0.9641025641025641
0.091905,797,1504,56,633,0.5573426573426573,0.5573426573426573,0.035897435897435895,0.44265734265734263,0.9641025641025641,0.9641025641025641
0.092127,796,1504,56,634,0.5566433566433566,0.5566433566433566,0.035897435897435895,0.4433566433566434,0.9641025641025641,0.9641025641025641
0.092219,795,1504,56,635,0.5559440559440559,0.5559440559440559,0.035897435897435895,0.44405594405594406,0.9641025641025641,0.9641025641025641
0.092369,794,1504,56,636,0.5552447552447553,0.5552447552447553,0.035897435897435895,0.44475524475524475,0.9641025641025641,0.9641025641025641
0.092537,793,1504,56,637,0.5545454545454546,0.5545454545454546,0.035897435897435895,0.44545454545454544,0.9641025641025641,0.9641025641025641
0.092625,793,1505,55,637,0.5545454545454546,0.5545454545454546,0.035256410256410256,0.44545454545454544,0.9647435897435898,0.9647435897435898
0.092652,792,1505,55,638,0.5538461538461539,0.5538461538461539,0.035256410256410256,0.4461538461538462,0.9647435897435898,0.9647435897435898
0.092683,792,1506,54,638,0.5538461538461539,0.5538461538461539,0.03461538461538462,0.4461538461538462,0.9653846153846154,0.9653846153846154
0.092764,791,1506,54,639,0.5531468531468532,0.5531468531468532,0.03461538461538462,0.44685314685314687,0.9653846153846154,0.9653846153846154
0.092904,790,1506,54,640,0.5524475524475524,0.5524475524475524,0.03461538461538462,0.44755244755244755,0.9653846153846154,0.9653846153846154
0.092923,789,1506,54,641,0.5517482517482517,0.5517482517482517,0.03461538461538462,0.44825174825174824,0.9653846153846154,0.9653846153846154
0.09298,789,1507,53,641,0.5517482517482517,0.5517482517482517,0.03397435897435897,0.44825174825174824,0.966025641025641,0.966025641025641
0.093316,788,1507,53,642,0.551048951048951,0.551048951048951,0.03397435897435897,0.4489510489510489,0.966025641025641,0.966025641025641
0.093452,788,1508,52,642,0.551048951048951,0.551048951048951,0.03333333333333333,0.4489510489510489,0.9666666666666667,0.9666666666666667
0.093543,787,1508,52,643,0.5503496503496503,0.5503496503496503,0.03333333333333333,0.44965034965034967,0.9666666666666667,0.9666666666666667
0.09364,786,1508,52,644,0.5496503496503496,0.5496503496503496,0.03333333333333333,0.45034965034965035,0.9666666666666667,0.9666666666666667
0.093823,786,1509,51,644,0.5496503496503496,0.5496503496503496,0.032692307692307694,0.45034965034965035,0.9673076923076923,0.9673076923076923
0.09388,785,1509,51,645,0.548951048951049,0.548951048951049,0.032692307692307694,0.45104895104895104,0.9673076923076923,0.9673076923076923
0.09396,784,1509,51,646,0.5482517482517483,0.5482517482517483,0.032692307692307694,0.45174825174825173,0.9673076923076923,0.9673076923076923
0.094006,783,1509,51,647,0.5475524475524476,0.5475524475524476,0.032692307692307694,0.45244755244755247,0.9673076923076923,0.9673076923076923
0.094109,783,1510,50,647,0.5475524475524476,0.5475524475524476,0.03205128205128205,0.45244755244755247,0.967948717948718,0.967948717948718
0.094237,782,1510,50,648,0.5468531468531469,0.5468531468531469,0.03205128205128205,0.45314685314685316,0.967948717948718,0.967948717948718
0.094465,781,1510,50,649,0.5461538461538461,0.5461538461538461,0.03205128205128205,0.45384615384615384,0.967948717948718,0.967948717948718
0.094543,780,1510,50,650,0.5454545454545454,0.5454545454545454,0.03205128205128205,0.45454545454545453,0.967948717948718,0.967948717948718
0.094719,779,1510,50,651,0.5447552447552447,0.5447552447552447,0.03205128205128205,0.4552447552447552,0.967948717948718,0.967948717948718
0.09475,778,1510,50,652,0.544055944055944,0.544055944055944,0.03205128205128205,0.45594405594405596,0.967948717948718,0.967948717948718
0.094796,777,1510,50,653,0.5433566433566434,0.5433566433566434,0.03205128205128205,0.45664335664335665,0.967948717948718,0.967948717948718
0.094833,777,1511,49,653,0.5433566433566434,0.5433566433566434,0.03141025641025641,0.45664335664335665,0.9685897435897436,0.9685897435897436
0.095026,776,1511,49,654,0.5426573426573427,0.5426573426573427,0.03141025641025641,0.45734265734265733,0.9685897435897436,0.9685897435897436
0.095078,775,1511,49,655,0.541958041958042,0.541958041958042,0.03141025641025641,0.458041958041958,0.9685897435897436,0.9685897435897436
0.095269,773,1511,49,657,0.5405594405594406,0.5405594405594406,0.03141025641025641,0.45944055944055945,0.9685897435897436,0.9685897435897436
0.095322,772,1511,49,658,0.5398601398601398,0.5398601398601398,0.03141025641025641,0.46013986013986014,0.9685897435897436,0.9685897435897436
0.095489,772,1512,48,658,0.5398601398601398,0.5398601398601398,0.03076923076923077,0.46013986013986014,0.9692307692307692,0.9692307692307692
0.095494,771,1512,48,659,0.5391608391608391,0.5391608391608391,0.03076923076923077,0.4608391608391608,0.9692307692307692,0.9692307692307692
0.095597,770,1512,48,660,0.5384615384615384,0.5384615384615384,0.03076923076923077,0.46153846153846156,0.9692307692307692,0.9692307692307692
0.095844,769,1512,48,661,0.5377622377622377,0.5377622377622377,0.03076923076923077,0.46223776223776225,0.9692307692307692,0.9692307692307692
0.095922,768,1512,48,662,0.5370629370629371,0.5370629370629371,0.03076923076923077,0.46293706293706294,0.9692307692307692,0.9692307692307692
0.096045,767,1512,48,663,0.5363636363636364,0.5363636363636364,0.03076923076923077,0.4636363636363636,0.9692307692307692,0.9692307692307692
0.096165,766,1512,48,664,0.5356643356643357,0.5356643356643357,0.03076923076923077,0.4643356643356643,0.9692307692307692,0.9692307692307692
0.096254,765,1512,48,665,0.534965034965035,0.534965034965035,0.03076923076923077,0.46503496503496505,0.9692307692307692,0.9692307692307692
0.096314,765,1513,47,665,0.534965034965035,0.534965034965035,0.03012820512820513,0.46503496503496505,0.9698717948717949,0.9698717948717949
0.096334,764,1513,47,666,0.5342657342657343,0.5342657342657343,0.03012820512820513,0.46573426573426574,0.9698717948717949,0.9698717948717949
0.096336,763,1513,47,667,0.5335664335664335,0.5335664335664335,0.03012820512820513,0.4664335664335664,0.9698717948717949,0.9698717948717949
0.096431,763,1514,46,667,0.5335664335664335,0.5335664335664335,0.029487179487179487,0.4664335664335664,0.9705128205128205,0.9705128205128205
0.096607,763,1515,45,667,0.5335664335664335,0.5335664335664335,0.028846153846153848,0.4664335664335664,0.9711538461538461,0.9711538461538461
0.096845,762,1515,45,668,0.5328671328671328,0.5328671328671328,0.028846153846153848,0.4671328671328671,0.9711538461538461,0.9711538461538461
0.096962,762,1516,44,668,0.5328671328671328,0.5328671328671328,0.028205128205128206,0.4671328671328671,0.9717948717948718,0.9717948717948718
0.097032,761,1516,44,669,0.5321678321678321,0.5321678321678321,0.028205128205128206,0.46783216783216786,0.9717948717948718,0.9717948717948718
0.097156,761,1517,43,669,0.5321678321678321,0.5321678321678321,0.027564102564102563,0.46783216783216786,0.9724358974358974,0.9724358974358974
0.097279,760,1517,43,670,0.5314685314685315,0.5314685314685315,0.027564102564102563,0.46853146853146854,0.9724358974358974,0.9724358974358974
0.097281,759,1517,43,671,0.5307692307692308,0.5307692307692308,0.027564102564102563,0.46923076923076923,0.9724358974358974,0.9724358974358974
0.097493,758,1517,43,672,0.5300699300699301,0.5300699300699301,0.027564102564102563,0.4699300699300699,0.9724358974358974,0.9724358974358974
0.097576,757,1517,43,673,0.5293706293706294,0.5293706293706294,0.027564102564102563,0.4706293706293706,0.9724358974358974,0.9724358974358974
0.097672,756,1517,43,674,0.5286713286713287,0.5286713286713287,0.027564102564102563,0.47132867132867134,0.9724358974358974,0.9724358974358974
0.097962,755,1517,43,675,0.527972027972028,0.527972027972028,0.027564102564102563,0.47202797202797203,0.9724358974358974,0.9724358974358974
0.098095,755,1518,42,675,0.527972027972028,0.527972027972028,0.026923076923076925,0.47202797202797203,0.9730769230769231,0.9730769230769231
0.09827,754,1518,42,676,0.5272727272727272,0.5272727272727272,0.026923076923076925,0.4727272727272727,0.9730769230769231,0.9730769230769231
0.098615,753,1518,42,677,0.5265734265734265,0.5265734265734265,0.026923076923076925,0.4734265734265734,0.9730769230769231,0.9730769230769231
0.098742,753,1519,41,677,0.5265734265734265,0.5265734265734265,0.026282051282051282,0.4734265734265734,0.9737179487179487,0.9737179487179487
0.098779,752,1519,41,678,0.5258741258741259,0.5258741258741259,0.026282051282051282,0.47412587412587415,0.9737179487179487,0.9737179487179487
0.098784,751,1519,41,679,0.5251748251748252,0.5251748251748252,0.026282051282051282,0.47482517482517483,0.9737179487179487,0.9737179487179487
0.099054,750,1519,41,680,0.5244755244755245,0.5244755244755245,0.026282051282051282,0.4755244755244755,0.9737179487179487,0.9737179487179487
0.099272,749,1519,41,681,0.5237762237762238,0.5237762237762238,0.026282051282051282,0.4762237762237762,0.9737179487179487,0.9737179487179487
0.099408,748,1519,41,682,0.5230769230769231,0.5230769230769231,0.026282051282051282,0.47692307692307695,0.9737179487179487,0.9737179487179487
0.099648,747,1519,41,683,0.5223776223776224,0.5223776223776224,0.026282051282051282,0.47762237762237764,0.9737179487179487,0.9737179487179487
0.099707,746,1519,41,684,0.5216783216783217,0.5216783216783217,0.026282051282051282,0.4783216783216783,0.9737179487179487,0.9737179487179487
0.099825,745,1519,41,685,0.5209790209790209,0.5209790209790209,0.026282051282051282,0.479020979020979,0.9737179487179487,0.9737179487179487
0.099869,744,1519,41,686,0.5202797202797202,0.5202797202797202,0.026282051282051282,0.4797202797202797,0.9737179487179487,0.9737179487179487
0.100057,743,1519,41,687,0.5195804195804196,0.5195804195804196,0.026282051282051282,0.48041958041958044,0.9737179487179487,0.9737179487179487
0.100117,742,1519,41,688,0.5188811188811189,0.5188811188811189,0.026282051282051282,0.4811188811188811,0.9737179487179487,0.9737179487179487
0.100397,741,1519,41,689,0.5181818181818182,0.5181818181818182,0.026282051282051282,0.4818181818181818,0.9737179487179487,0.9737179487179487
0.10062,740,1519,41,690,0.5174825174825175,0.5174825174825175,0.026282051282051282,0.4825174825174825,0.9737179487179487,0.9737179487179487
0.100622,739,1519,41,691,0.5167832167832168,0.5167832167832168,0.026282051282051282,0.48321678321678324,0.9737179487179487,0.9737179487179487
0.100835,738,1519,41,692,0.5160839160839161,0.5160839160839161,0.026282051282051282,0.48391608391608393,0.9737179487179487,0.9737179487179487
0.100917,737,1519,41,693,0.5153846153846153,0.5153846153846153,0.026282051282051282,0.4846153846153846,0.9737179487179487,0.9737179487179487
0.101033,736,1519,41,694,0.5146853146853146,0.5146853146853146,0.026282051282051282,0.4853146853146853,0.9737179487179487,0.9737179487179487
0.101284,735,1519,41,695,0.513986013986014,0.513986013986014,0.026282051282051282,0.486013986013986,0.9737179487179487,0.9737179487179487
0.10134,734,1519,41,696,0.5132867132867133,0.5132867132867133,0.026282051282051282,0.48671328671328673,0.9737179487179487,0.9737179487179487
0.101531,733,1519,41,697,0.5125874125874126,0.5125874125874126,0.026282051282051282,0.4874125874125874,0.9737179487179487,0.9737179487179487
0.101601,732,1519,41,698,0.5118881118881119,0.5118881118881119,0.026282051282051282,0.4881118881118881,0.9737179487179487,0.9737179487179487
0.101825,731,1519,41,699,0.5111888111888112,0.5111888111888112,0.026282051282051282,0.4888111888111888,0.9737179487179487,0.9737179487179487
0.1019,730,1519,41,700,0.5104895104895105,0.5104895104895105,0.026282051282051282,0.48951048951048953,0.9737179487179487,0.9737179487179487
0.102357,729,1519,41,701,0.5097902097902098,0.5097902097902098,0.026282051282051282,0.4902097902097902,0.9737179487179487,0.9737179487179487
0.10274,728,1519,41,702,0.509090909090909,0.509090909090909,0.026282051282051282,0.4909090909090909,0.9737179487179487,0.9737179487179487
0.102837,727,1519,41,703,0.5083916083916084,0.5083916083916084,0.026282051282051282,0.4916083916083916,0.9737179487179487,0.9737179487179487
0.103169,727,1520,40,703,0.5083916083916084,0.5083916083916084,0.02564102564102564,0.4916083916083916,0.9743589743589743,0.9743589743589743
0.103188,726,1520,40,704,0.5076923076923077,0.5076923076923077,0.02564102564102564,0.49230769230769234,0.9743589743589743,0.9743589743589743
0.103252,725,1520,40,705,0.506993006993007,0.506993006993007,0.02564102564102564,0.493006993006993,0.9743589743589743,0.9743589743589743
0.103381,724,1520,40,706,0.5062937062937063,0.5062937062937063,0.02564102564102564,0.4937062937062937,0.9743589743589743,0.9743589743589743
0.10341,724,1521,39,706,0.5062937062937063,0.5062937062937063,0.025,0.4937062937062937,0.975,0.975
0.103421,723,1521,39,707,0.5055944055944056,0.5055944055944056,0.025,0.4944055944055944,0.975,0.975
0.103577,723,1522,38,707,0.5055944055944056,0.5055944055944056,0.02435897435897436,0.4944055944055944,0.9756410256410256,0.9756410256410256
0.103814,722,1522,38,708,0.5048951048951049,0.5048951048951049,0.02435897435897436,0.4951048951048951,0.9756410256410256,0.9756410256410256
0.103889,721,1522,38,709,0.5041958041958042,0.5041958041958042,0.02435897435897436,0.4958041958041958,0.9756410256410256,0.9756410256410256
0.104154,720,1522,38,710,0.5034965034965035,0.5034965034965035,0.02435897435897436,0.4965034965034965,0.9756410256410256,0.9756410256410256
0.104308,719,1522,38,711,0.5027972027972027,0.5027972027972027,0.02435897435897436,0.4972027972027972,0.9756410256410256,0.9756410256410256
0.104636,718,1522,38,712,0.5020979020979021,0.5020979020979021,0.02435897435897436,0.4979020979020979,0.9756410256410256,0.9756410256410256
0.104869,718,1523,37,712,0.5020979020979021,0.5020979020979021,0.023717948717948717,0.4979020979020979,0.9762820512820513,0.9762820512820513
0.105029,717,1523,37,713,0.5013986013986014,0.5013986013986014,0.023717948717948717,0.4986013986013986,0.9762820512820513,0.9762820512820513
0.105233,716,1523,37,714,0.5006993006993007,0.5006993006993007,0.023717948717948717,0.4993006993006993,0.9762820512820513,0.9762820512820513
0.105332,715,1523,37,715,0.5,0.5,0.023717948717948717,0.5,0.9762820512820513,0.9762820512820513
0.105646,714,1523,37,716,0.4993006993006993,0.4993006993006993,0.023717948717948717,0.5006993006993007,0.9762820512820513,0.9762820512820513
0.105866,713,1523,37,717,0.4986013986013986,0.4986013986013986,0.023717948717948717,0.5013986013986014,0.9762820512820513,0.9762820512820513
0.106001,712,1523,37,718,0.4979020979020979,0.4979020979020979,0.023717948717948717,0.5020979020979021,0.9762820512820513,0.9762820512820513
0.10612,712,1524,36,718,0.4979020979020979,0.4979020979020979,0.023076923076923078,0.5020979020979021,0.9769230769230769,0.9769230769230769
0.106706,711,1524,36,719,0.4972027972027972,0.4972027972027972,0.023076923076923078,0.5027972027972027,0.9769230769230769,0.9769230769230769
0.10733,710,1524,36,720,0.4965034965034965,0.4965034965034965,0.023076923076923078,0.5034965034965035,0.9769230769230769,0.9769230769230769
0.107351,709,1524,36,721,0.4958041958041958,0.4958041958041958,0.023076923076923078,0.5041958041958042,0.9769230769230769,0.9769230769230769
0.107742,708,1524,36,722,0.4951048951048951,0.4951048951048951,0.023076923076923078,0.5048951048951049,0.9769230769230769,0.9769230769230769
0.107788,707,1524,36,723,0.4944055944055944,0.4944055944055944,0.023076923076923078,0.5055944055944056,0.9769230769230769,0.9769230769230769
0.107805,706,1524,36,724,0.4937062937062937,0.4937062937062937,0.023076923076923078,0.5062937062937063,0.9769230769230769,0.9769230769230769
0.108051,705,1524,36,725,0.493006993006993,0.493006993006993,0.023076923076923078,0.506993006993007,0.9769230769230769,0.9769230769230769
0.108091,704,1524,36,726,0.49230769230769234,0.49230769230769234,0.023076923076923078,0.5076923076923077,0.9769230769230769,0.9769230769230769
0.108344,703,1524,36,727,0.4916083916083916,0.4916083916083916,0.023076923076923078,0.5083916083916084,0.9769230769230769,0.9769230769230769
0.108442,702,1524,36,728,0.4909090909090909,0.4909090909090909,0.023076923076923078,0.509090909090909,0.9769230769230769,0.9769230769230769
0.108496,702,1525,35,728,0.4909090909090909,0.4909090909090909,0.022435897435897436,0.509090909090909,0.9775641025641025,0.9775641025641025
0.108848,701,1525,35,729,0.4902097902097902,0.4902097902097902,0.022435897435897436,0.5097902097902098,0.9775641025641025,0.9775641025641025
0.108905,700,1525,35,730,0.48951048951048953,0.48951048951048953,0.022435897435897436,0.5104895104895105,0.9775641025641025,0.9775641025641025
0.108911,699,1525,35,731,0.4888111888111888,0.4888111888111888,0.022435897435897436,0.5111888111888112,0.9775641025641025,0.9775641025641025
0.109121,698,1525,35,732,0.4881118881118881,0.4881118881118881,0.022435897435897436,0.5118881118881119,0.9775641025641025,0.9775641025641025
0.109158,697,1525,35,733,0.4874125874125874,0.4874125874125874,0.022435897435897436,0.5125874125874126,0.9775641025641025,0.9775641025641025
0.109164,696,1525,35,734,0.48671328671328673,0.48671328671328673,0.022435897435897436,0.5132867132867133,0.9775641025641025,0.9775641025641025
0.109195,695,1525,35,735,0.486013986013986,0.486013986013986,0.022435897435897436,0.513986013986014,0.9775641025641025,0.9775641025641025
0.109527,694,1525,35,736,0.4853146853146853,0.4853146853146853,0.022435897435897436,0.5146853146853146,0.9775641025641025,0.9775641025641025
0.109912,693,1525,35,737,0.4846153846153846,0.4846153846153846,0.022435897435897436,0.5153846153846153,0.9775641025641025,0.9775641025641025
0.110145,692,1525,35,738,0.48391608391608393,0.48391608391608393,0.022435897435897436,0.5160839160839161,0.9775641025641025,0.9775641025641025
0.110674,691,1525,35,739,0.48321678321678324,0.48321678321678324,0.022435897435897436,0.5167832167832168,0.9775641025641025,0.9775641025641025
0.110706,690,1525,35,740,0.4825174825174825,0.4825174825174825,0.022435897435897436,0.5174825174825175,0.9775641025641025,0.9775641025641025
0.110776,689,1525,35,741,0.4818181818181818,0.4818181818181818,0.022435897435897436,0.5181818181818182,0.9775641025641025,0.9775641025641025
0.110884,688,1525,35,742,0.4811188811188811,0.4811188811188811,0.022435897435897436,0.5188811188811189,0.9775641025641025,0.9775641025641025
0.110917,687,1525,35,743,0.48041958041958044,0.48041958041958044,0.022435897435897436,0.5195804195804196,0.9775641025641025,0.9775641025641025
0.111046,686,1525,35,744,0.4797202797202797,0.4797202797202797,0.022435897435897436,0.5202797202797202,0.9775641025641025,0.9775641025641025
0.111324,685,1525,35,745,0.479020979020979,0.479020979020979,0.022435897435897436,0.5209790209790209,0.9775641025641025,0.9775641025641025
0.111404,684,1525,35,746,0.4783216783216783,0.4783216783216783,0.022435897435897436,0.5216783216783217,0.9775641025641025,0.9775641025641025
0.111633,683,1525,35,747,0.47762237762237764,0.47762237762237764,0.022435897435897436,0.5223776223776224,0.9775641025641025,0.9775641025641025
0.111869,682,1525,35,748,0.47692307692307695,0.47692307692307695,0.022435897435897436,0.5230769230769231,0.9775641025641025,0.9775641025641025
0.111876,681,1525,35,749,0.4762237762237762,0.4762237762237762,0.022435897435897436,0.5237762237762238,0.9775641025641025,0.9775641025641025
0.11194,680,1525,35,750,0.4755244755244755,0.4755244755244755,0.022435897435897436,0.5244755244755245,0.9775641025641025,0.9775641025641025
0.112064,679,1525,35,751,0.47482517482517483,0.47482517482517483,0.022435897435897436,0.5251748251748252,0.9775641025641025,0.9775641025641025
0.112143,678,1525,35,752,0.47412587412587415,0.47412587412587415,0.022435897435897436,0.5258741258741259,0.9775641025641025,0.9775641025641025
0.112578,677,1525,35,753,0.4734265734265734,0.4734265734265734,0.022435897435897436,0.5265734265734265,0.9775641025641025,0.9775641025641025
0.112587,677,1526,34,753,0.4734265734265734,0.4734265734265734,0.021794871794871794,0.5265734265734265,0.9782051282051282,0.9782051282051282
0.112751,676,1526,34,754,0.4727272727272727,0.4727272727272727,0.021794871794871794,0.5272727272727272,0.9782051282051282,0.9782051282051282
0.112811,675,1526,34,755,0.47202797202797203,0.47202797202797203,0.021794871794871794,0.527972027972028,0.9782051282051282,0.9782051282051282
0.113402,674,1526,34,756,0.47132867132867134,0.47132867132867134,0.021794871794871794,0.5286713286713287,0.9782051282051282,0.9782051282051282
0.113807,673,1526,34,757,0.4706293706293706,0.4706293706293706,0.021794871794871794,0.5293706293706294,0.9782051282051282,0.9782051282051282
0.113811,672,1526,34,758,0.4699300699300699,0.4699300699300699,0.021794871794871794,0.5300699300699301,0.9782051282051282,0.9782051282051282
0.113968,671,1526,34,759,0.46923076923076923,0.46923076923076923,0.021794871794871794,0.5307692307692308,0.9782051282051282,0.9782051282051282
0.114102,670,1526,34,760,0.46853146853146854,0.46853146853146854,0.021794871794871794,0.5314685314685315,0.9782051282051282,0.9782051282051282
0.114253,669,1526,34,761,0.46783216783216786,0.46783216783216786,0.021794871794871794,0.5321678321678321,0.9782051282051282,0.9782051282051282
0.114583,668,1526,34,762,0.4671328671328671,0.4671328671328671,0.021794871794871794,0.5328671328671328,0.9782051282051282,0.9782051282051282
0.114659,667,1526,34,763,0.4664335664335664,0.4664335664335664,0.021794871794871794,0.5335664335664335,0.9782051282051282,0.9782051282051282
0.114865,666,1526,34,764,0.46573426573426574,0.46573426573426574,0.021794871794871794,0.5342657342657343,0.9782051282051282,0.9782051282051282
0.114943,665,1526,34,765,0.46503496503496505,0.46503496503496505,0.021794871794871794,0.534965034965035,0.9782051282051282,0.9782051282051282
0.115356,664,1526,34,766,0.4643356643356643,0.4643356643356643,0.021794871794871794,0.5356643356643357,0.9782051282051282,0.9782051282051282
0.11536,663,1526,34,767,0.4636363636363636,0.4636363636363636,0.021794871794871794,0.5363636363636364,0.9782051282051282,0.9782051282051282
0.115471,663,1527,33,767,0.4636363636363636,0.4636363636363636,0.021153846153846155,0.5363636363636364,0.9788461538461538,0.9788461538461538
0.115584,662,1527,33,768,0.46293706293706294,0.46293706293706294,0.021153846153846155,0.5370629370629371,0.9788461538461538,0.9788461538461538
0.115693,661,1527,33,769,0.46223776223776225,0.46223776223776225,0.021153846153846155,0.5377622377622377,0.9788461538461538,0.9788461538461538
0.115789,660,1527,33,770,0.46153846153846156,0.46153846153846156,0.021153846153846155,0.5384615384615384,0.9788461538461538,0.9788461538461538
0.116172,659,1527,33,771,0.4608391608391608,0.4608391608391608,0.021153846153846155,0.5391608391608391,0.9788461538461538,0.9788461538461538
0.116279,658,1527,33,772,0.46013986013986014,0.46013986013986014,0.021153846153846155,0.5398601398601398,0.9788461538461538,0.9788461538461538
0.116322,657,1527,33,773,0.45944055944055945,0.45944055944055945,0.021153846153846155,0.5405594405594406,0.9788461538461538,0.9788461538461538
0.116688,657,1528,32,773,0.45944055944055945,0.45944055944055945,0.020512820512820513,0.5405594405594406,0.9794871794871794,0.9794871794871794
0.116793,657,1529,31,773,0.45944055944055945,0.45944055944055945,0.01987179487179487,0.5405594405594406,0.9801282051282051,0.9801282051282051
0.116942,656,1529,31,774,0.45874125874125876,0.45874125874125876,0.01987179487179487,0.5412587412587413,0.9801282051282051,0.9801282051282051
0.117117,655,1529,31,775,0.458041958041958,0.458041958041958,0.01987179487179487,0.541958041958042,0.9801282051282051,0.9801282051282051
0.117197,654,1529,31,776,0.45734265734265733,0.45734265734265733,0.01987179487179487,0.5426573426573427,0.9801282051282051,0.9801282051282051
0.117273,653,1529,31,777,0.45664335664335665,0.45664335664335665,0.01987179487179487,0.5433566433566434,0.9801282051282051,0.9801282051282051
0.117686,652,1529,31,778,0.45594405594405596,0.45594405594405596,0.01987179487179487,0.544055944055944,0.9801282051282051,0.9801282051282051
0.117816,651,1529,31,779,0.4552447552447552,0.4552447552447552,0.01987179487179487,0.5447552447552447,0.9801282051282051,0.9801282051282051
0.117882,650,1529,31,780,0.45454545454545453,0.45454545454545453,0.01987179487179487,0.5454545454545454,0.9801282051282051,0.9801282051282051
0.117987,649,1529,31,781,0.45384615384615384,0.45384615384615384,0.01987179487179487,0.5461538461538461,0.9801282051282051,0.9801282051282051
0.11799,648,1529,31,782,0.45314685314685316,0.45314685314685316,0.01987179487179487,0.5468531468531469,0.9801282051282051,0.9801282051282051
0.118071,647,1529,31,783,0.45244755244755247,0.45244755244755247,0.01987179487179487,0.5475524475524476,0.9801282051282051,0.9801282051282051
0.119328,646,1529,31,784,0.45174825174825173,0.45174825174825173,0.01987179487179487,0.5482517482517483,0.9801282051282051,0.9801282051282051
0.119696,645,1529,31,785,0.45104895104895104,0.45104895104895104,0.01987179487179487,0.548951048951049,0.9801282051282051,0.9801282051282051
0.119705,644,1529,31,786,0.45034965034965035,0.45034965034965035,0.01987179487179487,0.5496503496503496,0.9801282051282051,0.9801282051282051
0.120139,644,1530,30,786,0.45034965034965035,0.45034965034965035,0.019230769230769232,0.5496503496503496,0.9807692307692307,0.9807692307692307
0.120158,644,1531,29,786,0.45034965034965035,0.45034965034965035,0.01858974358974359,0.5496503496503496,0.9814102564102564,0.9814102564102564
0.120292,643,1531,29,787,0.44965034965034967,0.44965034965034967,0.01858974358974359,0.5503496503496503,0.9814102564102564,0.9814102564102564
0.120577,642,1531,29,788,0.4489510489510489,0.4489510489510489,0.01858974358974359,0.551048951048951,0.9814102564102564,0.9814102564102564
0.120583,641,1531,29,789,0.44825174825174824,0.44825174825174824,0.01858974358974359,0.5517482517482517,0.9814102564102564,0.9814102564102564
0.120648,641,1532,28,789,0.44825174825174824,0.44825174825174824,0.017948717948717947,0.5517482517482517,0.982051282051282,0.982051282051282
0.12072,640,1532,28,790,0.44755244755244755,0.44755244755244755,0.017948717948717947,0.5524475524475524,0.982051282051282,0.982051282051282
0.120819,639,1532,28,791,0.44685314685314687,0.44685314685314687,0.017948717948717947,0.5531468531468532,0.982051282051282,0.982051282051282
0.12086,639,1533,27,791,0.44685314685314687,0.44685314685314687,0.01730769230769231,0.5531468531468532,0.9826923076923076,0.9826923076923076
0.120891,638,1533,27,792,0.4461538461538462,0.4461538461538462,0.01730769230769231,0.5538461538461539,0.9826923076923076,0.9826923076923076
0.12099,637,1533,27,793,0.44545454545454544,0.44545454545454544,0.01730769230769231,0.5545454545454546,0.9826923076923076,0.9826923076923076
0.121053,636,1533,27,794,0.44475524475524475,0.44475524475524475,0.01730769230769231,0.5552447552447553,0.9826923076923076,0.9826923076923076
0.121314,635,1533,27,795,0.44405594405594406,0.44405594405594406,0.01730769230769231,0.5559440559440559,0.9826923076923076,0.9826923076923076
0.121354,634,1533,27,796,0.4433566433566434,0.4433566433566434,0.01730769230769231,0.5566433566433566,0.9826923076923076,0.9826923076923076
0.121365,633,1533,27,797,0.44265734265734263,0.44265734265734263,0.01730769230769231,0.5573426573426573,0.9826923076923076,0.9826923076923076
0.121729,632,1533,27,798,0.44195804195804195,0.44195804195804195,0.01730769230769231,0.558041958041958,0.9826923076923076,0.9826923076923076
0.121739,631,1533,27,799,0.44125874125874126,0.44125874125874126,0.01730769230769231,0.5587412587412588,0.9826923076923076,0.9826923076923076
0.121827,630,1533,27,800,0.4405594405594406,0.4405594405594406,0.01730769230769231,0.5594405594405595,0.9826923076923076,0.9826923076923076
0.121909,630,1534,26,800,0.4405594405594406,0.4405594405594406,0.016666666666666666,0.5594405594405595,0.9833333333333333,0.9833333333333333
0.122203,629,1534,26,801,0.4398601398601399,0.4398601398601399,0.016666666666666666,0.5601398601398602,0.9833333333333333,0.9833333333333333
0.122487,628,1534,26,802,0.43916083916083914,0.43916083916083914,0.016666666666666666,0.5608391608391609,0.9833333333333333,0.9833333333333333
0.122546,627,1534,26,803,0.43846153846153846,0.43846153846153846,0.016666666666666666,0.5615384615384615,0.9833333333333333,0.9833333333333333
0.122628,626,1534,26,804,0.43776223776223777,0.43776223776223777,0.016666666666666666,0.5622377622377622,0.9833333333333333,0.9833333333333333
0.122794,625,1534,26,805,0.4370629370629371,0.4370629370629371,0.016666666666666666,0.5629370629370629,0.9833333333333333,0.9833333333333333
0.123105,625,1535,25,805,0.4370629370629371,0.4370629370629371,0.016025641025641024,0.5629370629370629,0.9839743589743589,0.9839743589743589
0.123233,624,1535,25,806,0.43636363636363634,0.43636363636363634,0.016025641025641024,0.5636363636363636,0.9839743589743589,0.9839743589743589
0.123843,623,1535,25,807,0.43566433566433566,0.43566433566433566,0.016025641025641024,0.5643356643356643,0.9839743589743589,0.9839743589743589
0.123928,622,1535,25,808,0.43496503496503497,0.43496503496503497,0.016025641025641024,0.5650349650349651,0.9839743589743589,0.9839743589743589
0.123929,621,1535,25,809,0.4342657342657343,0.4342657342657343,0.016025641025641024,0.5657342657342658,0.9839743589743589,0.9839743589743589
0.124607,620,1535,25,810,0.43356643356643354,0.43356643356643354,0.016025641025641024,0.5664335664335665,0.9839743589743589,0.9839743589743589
0.124622,619,1535,25,811,0.43286713286713285,0.43286713286713285,0.016025641025641024,0.5671328671328671,0.9839743589743589,0.9839743589743589
0.124718,618,1535,25,812,0.43216783216783217,0.43216783216783217,0.016025641025641024,0.5678321678321678,0.9839743589743589,0.9839743589743589
0.124927,617,1535,25,813,0.4314685314685315,0.4314685314685315,0.016025641025641024,0.5685314685314685,0.9839743589743589,0.9839743589743589
0.125,615,1535,25,815,0.43006993006993005,0.43006993006993005,0.016025641025641024,0.5699300699300699,0.9839743589743589,0.9839743589743589
0.125217,614,1535,25,816,0.42937062937062936,0.42937062937062936,0.016025641025641024,0.5706293706293706,0.9839743589743589,0.9839743589743589
0.125464,613,1535,25,817,0.4286713286713287,0.4286713286713287,0.016025641025641024,0.5713286713286714,0.9839743589743589,0.9839743589743589
0.126347,612,1535,25,818,0.427972027972028,0.427972027972028,0.016025641025641024,0.5720279720279721,0.9839743589743589,0.9839743589743589
0.126743,611,1535,25,819,0.42727272727272725,0.42727272727272725,0.016025641025641024,0.5727272727272728,0.9839743589743589,0.9839743589743589
0.126871,611,1536,24,819,0.42727272727272725,0.42727272727272725,0.015384615384615385,0.5727272727272728,0.9846153846153847,0.9846153846153847
0.126946,610,1536,24,820,0.42657342657342656,0.42657342657342656,0.015384615384615385,0.5734265734265734,0.9846153846153847,0.9846153846153847
0.127178,609,1536,24,821,0.4258741258741259,0.4258741258741259,0.015384615384615385,0.5741258741258741,0.9846153846153847,0.9846153846153847
0.127241,608,1536,24,822,0.4251748251748252,0.4251748251748252,0.015384615384615385,0.5748251748251748,0.9846153846153847,0.9846153846153847
0.12726,607,1536,24,823,0.4244755244755245,0.4244755244755245,0.015384615384615385,0.5755244755244755,0.9846153846153847,0.9846153846153847
0.127261,606,1536,24,824,0.42377622377622376,0.42377622377622376,0.015384615384615385,0.5762237762237762,0.9846153846153847,0.9846153846153847
0.127307,605,1536,24,825,0.4230769230769231,0.4230769230769231,0.015384615384615385,0.5769230769230769,0.9846153846153847,0.9846153846153847
0.127465,604,1536,24,826,0.4223776223776224,0.4223776223776224,0.015384615384615385,0.5776223776223777,0.9846153846153847,0.9846153846153847
0.12766,603,1536,24,827,0.4216783216783217,0.4216783216783217,0.015384615384615385,0.5783216783216784,0.9846153846153847,0.9846153846153847
0.127687,602,1536,24,828,0.42097902097902096,0.42097902097902096,0.015384615384615385,0.579020979020979,0.9846153846153847,0.9846153846153847
0.127728,601,1536,24,829,0.42027972027972027,0.42027972027972027,0.015384615384615385,0.5797202797202797,0.9846153846153847,0.9846153846153847
0.128634,600,1536,24,830,0.4195804195804196,0.4195804195804196,0.015384615384615385,0.5804195804195804,0.9846153846153847,0.9846153846153847
0.128799,599,1536,24,831,0.4188811188811189,0.4188811188811189,0.015384615384615385,0.5811188811188811,0.9846153846153847,0.9846153846153847
0.129032,598,1536,24,832,0.41818181818181815,0.41818181818181815,0.015384615384615385,0.5818181818181818,0.9846153846153847,0.9846153846153847
0.129534,597,1536,24,833,0.41748251748251747,0.41748251748251747,0.015384615384615385,0.5825174825174825,0.9846153846153847,0.9846153846153847
0.129555,596,1536,24,834,0.4167832167832168,0.4167832167832168,0.015384615384615385,0.5832167832167832,0.9846153846153847,0.9846153846153847
0.129587,595,1536,24,835,0.4160839160839161,0.4160839160839161,0.015384615384615385,0.583916083916084,0.9846153846153847,0.9846153846153847
0.129699,594,1536,24,836,0.4153846153846154,0.4153846153846154,0.015384615384615385,0.5846153846153846,0.9846153846153847,0.9846153846153847
0.129766,594,1537,23,836,0.4153846153846154,0.4153846153846154,0.014743589743589743,0.5846153846153846,0.9852564102564103,0.9852564102564103
0.129771,593,1537,23,837,0.41468531468531467,0.41468531468531467,0.014743589743589743,0.5853146853146853,0.9852564102564103,0.9852564102564103
0.129845,592,1537,23,838,0.413986013986014,0.413986013986014,0.014743589743589743,0.586013986013986,0.9852564102564103,0.9852564102564103
0.130435,591,1537,23,839,0.4132867132867133,0.4132867132867133,0.014743589743589743,0.5867132867132867,0.9852564102564103,0.9852564102564103
0.130509,590,1537,23,840,0.4125874125874126,0.4125874125874126,0.014743589743589743,0.5874125874125874,0.9852564102564103,0.9852564102564103
0.130536,589,1537,23,841,0.41188811188811186,0.41188811188811186,0.014743589743589743,0.5881118881118881,0.9852564102564103,0.9852564102564103
0.130918,588,1537,23,842,0.4111888111888112,0.4111888111888112,0.014743589743589743,0.5888111888111888,0.9852564102564103,0.9852564102564103
0.13103,587,1537,23,843,0.4104895104895105,0.4104895104895105,0.014743589743589743,0.5895104895104896,0.9852564102564103,0.9852564102564103
0.131829,586,1537,23,844,0.4097902097902098,0.4097902097902098,0.014743589743589743,0.5902097902097903,0.9852564102564103,0.9852564102564103
0.131868,585,1537,23,845,0.4090909090909091,0.4090909090909091,0.014743589743589743,0.5909090909090909,0.9852564102564103,0.9852564102564103
0.132431,584,1537,23,846,0.4083916083916084,0.4083916083916084,0.014743589743589743,0.5916083916083916,0.9852564102564103,0.9852564102564103
0.132705,583,1537,23,847,0.4076923076923077,0.4076923076923077,0.014743589743589743,0.5923076923076923,0.9852564102564103,0.9852564102564103
0.132884,582,1537,23,848,0.406993006993007,0.406993006993007,0.014743589743589743,0.593006993006993,0.9852564102564103,0.9852564102564103
0.132899,581,1537,23,849,0.4062937062937063,0.4062937062937063,0.014743589743589743,0.5937062937062937,0.9852564102564103,0.9852564102564103
0.133106,581,1538,22,849,0.4062937062937063,0.4062937062937063,0.014102564102564103,0.5937062937062937,0.985897435897436,0.985897435897436
0.133333,580,1538,22,850,0.40559440559440557,0.40559440559440557,0.014102564102564103,0.5944055944055944,0.985897435897436,0.985897435897436
0.133538,578,1538,22,852,0.4041958041958042,0.4041958041958042,0.014102564102564103,0.5958041958041959,0.985897435897436,0.985897435897436
0.13375,577,1538,22,853,0.4034965034965035,0.4034965034965035,0.014102564102564103,0.5965034965034965,0.985897435897436,0.985897435897436
0.13384,576,1538,22,854,0.4027972027972028,0.4027972027972028,0.014102564102564103,0.5972027972027972,0.985897435897436,0.985897435897436
0.133863,575,1538,22,855,0.4020979020979021,0.4020979020979021,0.014102564102564103,0.5979020979020979,0.985897435897436,0.985897435897436
0.134027,574,1538,22,856,0.4013986013986014,0.4013986013986014,0.014102564102564103,0.5986013986013986,0.985897435897436,0.985897435897436
0.134185,574,1539,21,856,0.4013986013986014,0.4013986013986014,0.013461538461538462,0.5986013986013986,0.9865384615384616,0.9865384615384616
0.134328,573,1539,21,857,0.4006993006993007,0.4006993006993007,0.013461538461538462,0.5993006993006993,0.9865384615384616,0.9865384615384616
0.134337,572,1539,21,858,0.4,0.4,0.013461538461538462,0.6,0.9865384615384616,0.9865384615384616
0.134375,571,1539,21,859,0.3993006993006993,0.3993006993006993,0.013461538461538462,0.6006993006993007,0.9865384615384616,0.9865384615384616
0.134426,570,1539,21,860,0.3986013986013986,0.3986013986013986,0.013461538461538462,0.6013986013986014,0.9865384615384616,0.9865384615384616
0.134538,569,1539,21,861,0.3979020979020979,0.3979020979020979,0.013461538461538462,0.6020979020979021,0.9865384615384616,0.9865384615384616
0.135533,568,1539,21,862,0.3972027972027972,0.3972027972027972,0.013461538461538462,0.6027972027972028,0.9865384615384616,0.9865384615384616
0.13554,567,1539,21,863,0.3965034965034965,0.3965034965034965,0.013461538461538462,0.6034965034965035,0.9865384615384616,0.9865384615384616
0.137092,566,1539,21,864,0.3958041958041958,0.3958041958041958,0.013461538461538462,0.6041958041958042,0.9865384615384616,0.9865384615384616
0.137391,565,1539,21,865,0.3951048951048951,0.3951048951048951,0.013461538461538462,0.6048951048951049,0.9865384615384616,0.9865384615384616
0.137429,564,1539,21,866,0.3944055944055944,0.3944055944055944,0.013461538461538462,0.6055944055944056,0.9865384615384616,0.9865384615384616
0.137631,563,1539,21,867,0.39370629370629373,0.39370629370629373,0.013461538461538462,0.6062937062937063,0.9865384615384616,0.9865384615384616
0.138695,562,1539,21,868,0.393006993006993,0.393006993006993,0.013461538461538462,0.606993006993007,0.9865384615384616,0.9865384615384616
0.138873,561,1539,21,869,0.3923076923076923,0.3923076923076923,0.013461538461538462,0.6076923076923076,0.9865384615384616,0.9865384615384616
0.139326,560,1539,21,870,0.3916083916083916,0.3916083916083916,0.013461538461538462,0.6083916083916084,0.9865384615384616,0.9865384615384616
0.139504,559,1539,21,871,0.39090909090909093,0.39090909090909093,0.013461538461538462,0.6090909090909091,0.9865384615384616,0.9865384615384616
0.139963,558,1539,21,872,0.3902097902097902,0.3902097902097902,0.013461538461538462,0.6097902097902098,0.9865384615384616,0.9865384615384616
0.140045,557,1539,21,873,0.3895104895104895,0.3895104895104895,0.013461538461538462,0.6104895104895105,0.9865384615384616,0.9865384615384616
0.140192,556,1539,21,874,0.3888111888111888,0.3888111888111888,0.013461538461538462,0.6111888111888112,0.9865384615384616,0.9865384615384616
0.140446,555,1539,21,875,0.3881118881118881,0.3881118881118881,0.013461538461538462,0.6118881118881119,0.9865384615384616,0.9865384615384616
0.140461,554,1539,21,876,0.38741258741258744,0.38741258741258744,0.013461538461538462,0.6125874125874126,0.9865384615384616,0.9865384615384616
0.140481,553,1539,21,877,0.3867132867132867,0.3867132867132867,0.013461538461538462,0.6132867132867132,0.9865384615384616,0.9865384615384616
0.140528,552,1539,21,878,0.386013986013986,0.386013986013986,0.013461538461538462,0.6139860139860139,0.9865384615384616,0.9865384615384616
0.141388,551,1539,21,879,0.3853146853146853,0.3853146853146853,0.013461538461538462,0.6146853146853147,0.9865384615384616,0.9865384615384616
0.141751,550,1539,21,880,0.38461538461538464,0.38461538461538464,0.013461538461538462,0.6153846153846154,0.9865384615384616,0.9865384615384616
0.142045,549,1539,21,881,0.3839160839160839,0.3839160839160839,0.013461538461538462,0.6160839160839161,0.9865384615384616,0.9865384615384616
0.142697,548,1539,21,882,0.3832167832167832,0.3832167832167832,0.013461538461538462,0.6167832167832168,0.9865384615384616,0.9865384615384616
0.143251,547,1539,21,883,0.3825174825174825,0.3825174825174825,0.013461538461538462,0.6174825174825175,0.9865384615384616,0.9865384615384616
0.143318,546,1539,21,884,0.38181818181818183,0.38181818181818183,0.013461538461538462,0.6181818181818182,0.9865384615384616,0.9865384615384616
0.143662,545,1539,21,885,0.3811188811188811,0.3811188811188811,0.013461538461538462,0.6188811188811189,0.9865384615384616,0.9865384615384616
0.144578,544,1539,21,886,0.3804195804195804,0.3804195804195804,0.013461538461538462,0.6195804195804195,0.9865384615384616,0.9865384615384616
0.145047,543,1539,21,887,0.3797202797202797,0.3797202797202797,0.013461538461538462,0.6202797202797202,0.9865384615384616,0.9865384615384616
0.145264,542,1539,21,888,0.37902097902097903,0.37902097902097903,0.013461538461538462,0.620979020979021,0.9865384615384616,0.9865384615384616
0.145442,541,1539,21,889,0.37832167832167835,0.37832167832167835,0.013461538461538462,0.6216783216783217,0.9865384615384616,0.9865384615384616
0.145507,541,1540,20,889,0.37832167832167835,0.37832167832167835,0.01282051282051282,0.6216783216783217,0.9871794871794872,0.9871794871794872
0.145598,540,1540,20,890,0.3776223776223776,0.3776223776223776,0.01282051282051282,0.6223776223776224,0.9871794871794872,0.9871794871794872
0.145957,539,1540,20,891,0.3769230769230769,0.3769230769230769,0.01282051282051282,0.6230769230769231,0.9871794871794872,0.9871794871794872
0.146032,539,1541,19,891,0.3769230769230769,0.3769230769230769,0.01217948717948718,0.6230769230769231,0.9878205128205129,0.9878205128205129
0.146214,538,1541,19,892,0.37622377622377623,0.37622377622377623,0.01217948717948718,0.6237762237762238,0.9878205128205129,0.9878205128205129
0.146341,538,1542,18,892,0.37622377622377623,0.37622377622377623,0.011538461538461539,0.6237762237762238,0.9884615384615385,0.9884615384615385
0.146488,537,1542,18,893,0.37552447552447554,0.37552447552447554,0.011538461538461539,0.6244755244755245,0.9884615384615385,0.9884615384615385
0.146497,536,1542,18,894,0.3748251748251748,0.3748251748251748,0.011538461538461539,0.6251748251748251,0.9884615384615385,0.9884615384615385
0.146601,535,1542,18,895,0.3741258741258741,0.3741258741258741,0.011538461538461539,0.6258741258741258,0.9884615384615385,0.9884615384615385
0.146944,534,1542,18,896,0.3734265734265734,0.3734265734265734,0.011538461538461539,0.6265734265734266,0.9884615384615385,0.9884615384615385
0.147212,534,1543,17,896,0.3734265734265734,0.3734265734265734,0.010897435897435897,0.6265734265734266,0.9891025641025641,0.9891025641025641
0.147403,533,1543,17,897,0.37272727272727274,0.37272727272727274,0.010897435897435897,0.6272727272727273,0.9891025641025641,0.9891025641025641
0.147647,533,1544,16,897,0.37272727272727274,0.37272727272727274,0.010256410256410256,0.6272727272727273,0.9897435897435898,0.9897435897435898
0.147766,532,1544,16,898,0.37202797202797205,0.37202797202797205,0.010256410256410256,0.627972027972028,0.9897435897435898,0.9897435897435898
0.14781,531,1544,16,899,0.3713286713286713,0.3713286713286713,0.010256410256410256,0.6286713286713287,0.9897435897435898,0.9897435897435898
0.147956,530,1544,16,900,0.3706293706293706,0.3706293706293706,0.010256410256410256,0.6293706293706294,0.9897435897435898,0.9897435897435898
0.148231,529,1544,16,901,0.36993006993006994,0.36993006993006994,0.010256410256410256,0.6300699300699301,0.9897435897435898,0.9897435897435898
0.148618,528,1544,16,902,0.36923076923076925,0.36923076923076925,0.010256410256410256,0.6307692307692307,0.9897435897435898,0.9897435897435898
0.14903,527,1544,16,903,0.3685314685314685,0.3685314685314685,0.010256410256410256,0.6314685314685314,0.9897435897435898,0.9897435897435898
0.149602,526,1544,16,904,0.3678321678321678,0.3678321678321678,0.010256410256410256,0.6321678321678321,0.9897435897435898,0.9897435897435898
0.150063,525,1544,16,905,0.36713286713286714,0.36713286713286714,0.010256410256410256,0.6328671328671329,0.9897435897435898,0.9897435897435898
0.150249,524,1544,16,906,0.36643356643356645,0.36643356643356645,0.010256410256410256,0.6335664335664336,0.9897435897435898,0.9897435897435898
0.150563,523,1544,16,907,0.3657342657342657,0.3657342657342657,0.010256410256410256,0.6342657342657343,0.9897435897435898,0.9897435897435898
0.150622,522,1544,16,908,0.365034965034965,0.365034965034965,0.010256410256410256,0.634965034965035,0.9897435897435898,0.9897435897435898
0.150685,521,1544,16,909,0.36433566433566433,0.36433566433566433,0.010256410256410256,0.6356643356643357,0.9897435897435898,0.9897435897435898
0.150931,520,1544,16,910,0.36363636363636365,0.36363636363636365,0.010256410256410256,0.6363636363636364,0.9897435897435898,0.9897435897435898
0.151183,520,1545,15,910,0.36363636363636365,0.36363636363636365,0.009615384615384616,0.6363636363636364,0.9903846153846154,0.9903846153846154
0.151534,519,1545,15,911,0.36293706293706296,0.36293706293706296,0.009615384615384616,0.637062937062937,0.9903846153846154,0.9903846153846154
0.15178,518,1545,15,912,0.3622377622377622,0.3622377622377622,0.009615384615384616,0.6377622377622377,0.9903846153846154,0.9903846153846154
0.151914,517,1545,15,913,0.36153846153846153,0.36153846153846153,0.009615384615384616,0.6384615384615384,0.9903846153846154,0.9903846153846154
0.153055,516,1545,15,914,0.36083916083916084,0.36083916083916084,0.009615384615384616,0.6391608391608392,0.9903846153846154,0.9903846153846154
0.153101,515,1545,15,915,0.36013986013986016,0.36013986013986016,0.009615384615384616,0.6398601398601399,0.9903846153846154,0.9903846153846154
0.153846,514,1545,15,916,0.3594405594405594,0.3594405594405594,0.009615384615384616,0.6405594405594406,0.9903846153846154,0.9903846153846154
0.153955,513,1545,15,917,0.35874125874125873,0.35874125874125873,0.009615384615384616,0.6412587412587413,0.9903846153846154,0.9903846153846154
0.153982,512,1545,15,918,0.35804195804195804,0.35804195804195804,0.009615384615384616,0.641958041958042,0.9903846153846154,0.9903846153846154
0.154203,511,1545,15,919,0.35734265734265735,0.35734265734265735,0.009615384615384616,0.6426573426573426,0.9903846153846154,0.9903846153846154
0.155869,510,1545,15,920,0.35664335664335667,0.35664335664335667,0.009615384615384616,0.6433566433566433,0.9903846153846154,0.9903846153846154
0.15629,509,1545,15,921,0.3559440559440559,0.3559440559440559,0.009615384615384616,0.644055944055944,0.9903846153846154,0.9903846153846154
0.15639,508,1545,15,922,0.35524475524475524,0.35524475524475524,0.009615384615384616,0.6447552447552447,0.9903846153846154,0.9903846153846154
0.156909,507,1545,15,923,0.35454545454545455,0.35454545454545455,0.009615384615384616,0.6454545454545455,0.9903846153846154,0.9903846153846154
0.157748,506,1545,15,924,0.35384615384615387,0.35384615384615387,0.009615384615384616,0.6461538461538462,0.9903846153846154,0.9903846153846154
0.158721,505,1545,15,925,0.3531468531468531,0.3531468531468531,0.009615384615384616,0.6468531468531469,0.9903846153846154,0.9903846153846154
0.159109,504,1545,15,926,0.35244755244755244,0.35244755244755244,0.009615384615384616,0.6475524475524476,0.9903846153846154,0.9903846153846154
0.159812,503,1545,15,927,0.35174825174825175,0.35174825174825175,0.009615384615384616,0.6482517482517482,0.9903846153846154,0.9903846153846154
0.160346,502,1545,15,928,0.35104895104895106,0.35104895104895106,0.009615384615384616,0.6489510489510489,0.9903846153846154,0.9903846153846154
0.160401,502,1546,14,928,0.35104895104895106,0.35104895104895106,0.008974358974358974,0.6489510489510489,0.9910256410256411,0.9910256410256411
0.160478,501,1546,14,929,0.3503496503496504,0.3503496503496504,0.008974358974358974,0.6496503496503496,0.9910256410256411,0.9910256410256411
0.160592,500,1546,14,930,0.34965034965034963,0.34965034965034963,0.008974358974358974,0.6503496503496503,0.9910256410256411,0.9910256410256411
0.161236,499,1546,14,931,0.34895104895104895,0.34895104895104895,0.008974358974358974,0.651048951048951,0.9910256410256411,0.9910256410256411
0.161894,498,1546,14,932,0.34825174825174826,0.34825174825174826,0.008974358974358974,0.6517482517482518,0.9910256410256411,0.9910256410256411
0.162162,497,1546,14,933,0.3475524475524476,0.3475524475524476,0.008974358974358974,0.6524475524475525,0.9910256410256411,0.9910256410256411
0.16314,496,1546,14,934,0.34685314685314683,0.34685314685314683,0.008974358974358974,0.6531468531468532,0.9910256410256411,0.9910256410256411
0.165673,495,1546,14,935,0.34615384615384615,0.34615384615384615,0.008974358974358974,0.6538461538461539,0.9910256410256411,0.9910256410256411
0.166292,494,1546,14,936,0.34545454545454546,0.34545454545454546,0.008974358974358974,0.6545454545454545,0.9910256410256411,0.9910256410256411
0.16636,493,1546,14,937,0.34475524475524477,0.34475524475524477,0.008974358974358974,0.6552447552447552,0.9910256410256411,0.9910256410256411
0.167045,492,1546,14,938,0.34405594405594403,0.34405594405594403,0.008974358974358974,0.6559440559440559,0.9910256410256411,0.9910256410256411
0.167145,491,1546,14,939,0.34335664335664334,0.34335664335664334,0.008974358974358974,0.6566433566433566,0.9910256410256411,0.9910256410256411
0.16787,490,1546,14,940,0.34265734265734266,0.34265734265734266,0.008974358974358974,0.6573426573426573,0.9910256410256411,0.9910256410256411
0.168236,489,1546,14,941,0.34195804195804197,0.34195804195804197,0.008974358974358974,0.6580419580419581,0.9910256410256411,0.9910256410256411
0.168719,488,1546,14,942,0.3412587412587413,0.3412587412587413,0.008974358974358974,0.6587412587412588,0.9910256410256411,0.9910256410256411
0.169006,487,1546,14,943,0.34055944055944054,0.34055944055944054,0.008974358974358974,0.6594405594405595,0.9910256410256411,0.9910256410256411
0.169249,486,1546,14,944,0.33986013986013985,0.33986013986013985,0.008974358974358974,0.6601398601398601,0.9910256410256411,0.9910256410256411
0.169548,485,1546,14,945,0.33916083916083917,0.33916083916083917,0.008974358974358974,0.6608391608391608,0.9910256410256411,0.9910256410256411
0.17004,484,1546,14,946,0.3384615384615385,0.3384615384615385,0.008974358974358974,0.6615384615384615,0.9910256410256411,0.9910256410256411
0.170143,483,1546,14,947,0.33776223776223774,0.33776223776223774,0.008974358974358974,0.6622377622377622,0.9910256410256411,0.9910256410256411
0.170501,482,1546,14,948,0.33706293706293705,0.33706293706293705,0.008974358974358974,0.6629370629370629,0.9910256410256411,0.9910256410256411
0.17095,481,1546,14,949,0.33636363636363636,0.33636363636363636,0.008974358974358974,0.6636363636363637,0.9910256410256411,0.9910256410256411
0.171171,480,1546,14,950,0.3356643356643357,0.3356643356643357,0.008974358974358974,0.6643356643356644,0.9910256410256411,0.9910256410256411
0.171611,479,1546,14,951,0.334965034965035,0.334965034965035,0.008974358974358974,0.6650349650349651,0.9910256410256411,0.9910256410256411
0.172174,478,1546,14,952,0.33426573426573425,0.33426573426573425,0.008974358974358974,0.6657342657342658,0.9910256410256411,0.9910256410256411
0.172598,477,1546,14,953,0.33356643356643356,0.33356643356643356,0.008974358974358974,0.6664335664335664,0.9910256410256411,0.9910256410256411
0.172977,476,1546,14,954,0.3328671328671329,0.3328671328671329,0.008974358974358974,0.6671328671328671,0.9910256410256411,0.9910256410256411
0.173168,475,1546,14,955,0.3321678321678322,0.3321678321678322,0.008974358974358974,0.6678321678321678,0.9910256410256411,0.9910256410256411
0.173364,474,1546,14,956,0.33146853146853145,0.33146853146853145,0.008974358974358974,0.6685314685314685,0.9910256410256411,0.9910256410256411
0.173834,473,1546,14,957,0.33076923076923076,0.33076923076923076,0.008974358974358974,0.6692307692307692,0.9910256410256411,0.9910256410256411
0.174537,472,1546,14,958,0.3300699300699301,0.3300699300699301,0.008974358974358974,0.66993006993007,0.9910256410256411,0.9910256410256411
0.174905,471,1546,14,959,0.3293706293706294,0.3293706293706294,0.008974358974358974,0.6706293706293707,0.9910256410256411,0.9910256410256411
0.175209,471,1547,13,959,0.3293706293706294,0.3293706293706294,0.008333333333333333,0.6706293706293707,0.9916666666666667,0.9916666666666667
0.17603,470,1547,13,960,0.32867132867132864,0.32867132867132864,0.008333333333333333,0.6713286713286714,0.9916666666666667,0.9916666666666667
0.176084,469,1547,13,961,0.32797202797202796,0.32797202797202796,0.008333333333333333,0.672027972027972,0.9916666666666667,0.9916666666666667
0.176136,469,1548,12,961,0.32797202797202796,0.32797202797202796,0.007692307692307693,0.672027972027972,0.9923076923076923,0.9923076923076923
0.176166,468,1548,12,962,0.32727272727272727,0.32727272727272727,0.007692307692307693,0.6727272727272727,0.9923076923076923,0.9923076923076923
0.177015,467,1548,12,963,0.3265734265734266,0.3265734265734266,0.007692307692307693,0.6734265734265734,0.9923076923076923,0.9923076923076923
0.178462,467,1549,11,963,0.3265734265734266,0.3265734265734266,0.007051282051282051,0.6734265734265734,0.992948717948718,0.992948717948718
0.181113,466,1549,11,964,0.3258741258741259,0.3258741258741259,0.007051282051282051,0.6741258741258741,0.992948717948718,0.992948717948718
0.181597,465,1549,11,965,0.32517482517482516,0.32517482517482516,0.007051282051282051,0.6748251748251748,0.992948717948718,0.992948717948718
0.181754,464,1549,11,966,0.32447552447552447,0.32447552447552447,0.007051282051282051,0.6755244755244755,0.992948717948718,0.992948717948718
0.181761,463,1549,11,967,0.3237762237762238,0.3237762237762238,0.007051282051282051,0.6762237762237763,0.992948717948718,0.992948717948718
0.181876,462,1549,11,968,0.3230769230769231,0.3230769230769231,0.007051282051282051,0.676923076923077,0.992948717948718,0.992948717948718
0.182042,461,1549,11,969,0.32237762237762235,0.32237762237762235,0.007051282051282051,0.6776223776223776,0.992948717948718,0.992948717948718
0.182126,460,1549,11,970,0.32167832167832167,0.32167832167832167,0.007051282051282051,0.6783216783216783,0.992948717948718,0.992948717948718
0.18257,459,1549,11,971,0.320979020979021,0.320979020979021,0.007051282051282051,0.679020979020979,0.992948717948718,0.992948717948718
0.183141,458,1549,11,972,0.3202797202797203,0.3202797202797203,0.007051282051282051,0.6797202797202797,0.992948717948718,0.992948717948718
0.183661,457,1549,11,973,0.3195804195804196,0.3195804195804196,0.007051282051282051,0.6804195804195804,0.992948717948718,0.992948717948718
0.184165,456,1549,11,974,0.31888111888111886,0.31888111888111886,0.007051282051282051,0.6811188811188811,0.992948717948718,0.992948717948718
0.184868,455,1549,11,975,0.3181818181818182,0.3181818181818182,0.007051282051282051,0.6818181818181818,0.992948717948718,0.992948717948718
0.185319,455,1550,10,975,0.3181818181818182,0.3181818181818182,0.00641025641025641,0.6818181818181818,0.9935897435897436,0.9935897435897436
0.185992,454,1550,10,976,0.3174825174825175,0.3174825174825175,0.00641025641025641,0.6825174825174826,0.9935897435897436,0.9935897435897436
0.1875,453,1550,10,977,0.3167832167832168,0.3167832167832168,0.00641025641025641,0.6832167832167833,0.9935897435897436,0.9935897435897436
0.188706,453,1551,9,977,0.3167832167832168,0.3167832167832168,0.0057692307692307696,0.6832167832167833,0.9942307692307693,0.9942307692307693
0.189189,452,1551,9,978,0.31608391608391606,0.31608391608391606,0.0057692307692307696,0.6839160839160839,0.9942307692307693,0.9942307692307693
0.189257,451,1551,9,979,0.3153846153846154,0.3153846153846154,0.0057692307692307696,0.6846153846153846,0.9942307692307693,0.9942307692307693
0.18929,450,1551,9,980,0.3146853146853147,0.3146853146853147,0.0057692307692307696,0.6853146853146853,0.9942307692307693,0.9942307692307693
0.189425,449,1551,9,981,0.313986013986014,0.313986013986014,0.0057692307692307696,0.686013986013986,0.9942307692307693,0.9942307692307693
0.189443,448,1551,9,982,0.3132867132867133,0.3132867132867133,0.0057692307692307696,0.6867132867132867,0.9942307692307693,0.9942307692307693
0.18975,448,1552,8,982,0.3132867132867133,0.3132867132867133,0.005128205128205128,0.6867132867132867,0.9948717948717949,0.9948717948717949
0.189882,447,1552,8,983,0.31258741258741257,0.31258741258741257,0.005128205128205128,0.6874125874125874,0.9948717948717949,0.9948717948717949
0.191683,446,1552,8,984,0.3118881118881119,0.3118881118881119,0.005128205128205128,0.6881118881118881,0.9948717948717949,0.9948717948717949
0.191887,445,1552,8,985,0.3111888111888112,0.3111888111888112,0.005128205128205128,0.6888111888111889,0.9948717948717949,0.9948717948717949
0.194203,444,1552,8,986,0.3104895104895105,0.3104895104895105,0.005128205128205128,0.6895104895104895,0.9948717948717949,0.9948717948717949
0.194702,443,1552,8,987,0.30979020979020977,0.30979020979020977,0.005128205128205128,0.6902097902097902,0.9948717948717949,0.9948717948717949
0.197232,443,1553,7,987,0.30979020979020977,0.30979020979020977,0.004487179487179487,0.6902097902097902,0.9955128205128205,0.9955128205128205
0.197368,442,1553,7,988,0.3090909090909091,0.3090909090909091,0.004487179487179487,0.6909090909090909,0.9955128205128205,0.9955128205128205
0.199463,441,1553,7,989,0.3083916083916084,0.3083916083916084,0.004487179487179487,0.6916083916083916,0.9955128205128205,0.9955128205128205
0.19987,441,1554,6,989,0.3083916083916084,0.3083916083916084,0.0038461538461538464,0.6916083916083916,0.9961538461538462,0.9961538461538462
0.199877,440,1554,6,990,0.3076923076923077,0.3076923076923077,0.0038461538461538464,0.6923076923076923,0.9961538461538462,0.9961538461538462
0.200583,439,1554,6,991,0.30699300699300697,0.30699300699300697,0.0038461538461538464,0.693006993006993,0.9961538461538462,0.9961538461538462
0.202173,438,1554,6,992,0.3062937062937063,0.3062937062937063,0.0038461538461538464,0.6937062937062937,0.9961538461538462,0.9961538461538462
0.203016,437,1554,6,993,0.3055944055944056,0.3055944055944056,0.0038461538461538464,0.6944055944055944,0.9961538461538462,0.9961538461538462
0.203325,436,1554,6,994,0.3048951048951049,0.3048951048951049,0.0038461538461538464,0.6951048951048951,0.9961538461538462,0.9961538461538462
0.203349,435,1554,6,995,0.3041958041958042,0.3041958041958042,0.0038461538461538464,0.6958041958041958,0.9961538461538462,0.9961538461538462
0.203731,434,1554,6,996,0.3034965034965035,0.3034965034965035,0.0038461538461538464,0.6965034965034965,0.9961538461538462,0.9961538461538462
0.204178,433,1554,6,997,0.3027972027972028,0.3027972027972028,0.0038461538461538464,0.6972027972027972,0.9961538461538462,0.9961538461538462
0.206064,432,1554,6,998,0.3020979020979021,0.3020979020979021,0.0038461538461538464,0.6979020979020979,0.9961538461538462,0.9961538461538462
0.206514,431,1554,6,999,0.3013986013986014,0.3013986013986014,0.0038461538461538464,0.6986013986013986,0.9961538461538462,0.9961538461538462
0.206792,430,1554,6,1000,0.3006993006993007,0.3006993006993007,0.0038461538461538464,0.6993006993006993,0.9961538461538462,0.9961538461538462
0.206854,429,1554,6,1001,0.3,0.3,0.0038461538461538464,0.7,0.9961538461538462,0.9961538461538462
0.207481,428,1554,6,1002,0.2993006993006993,0.2993006993006993,0.0038461538461538464,0.7006993006993008,0.9961538461538462,0.9961538461538462
0.208072,427,1554,6,1003,0.2986013986013986,0.2986013986013986,0.0038461538461538464,0.7013986013986014,0.9961538461538462,0.9961538461538462
0.208169,426,1554,6,1004,0.29790209790209793,0.29790209790209793,0.0038461538461538464,0.7020979020979021,0.9961538461538462,0.9961538461538462
0.208473,425,1554,6,1005,0.2972027972027972,0.2972027972027972,0.0038461538461538464,0.7027972027972028,0.9961538461538462,0.9961538461538462
0.208492,424,1554,6,1006,0.2965034965034965,0.2965034965034965,0.0038461538461538464,0.7034965034965035,0.9961538461538462,0.9961538461538462
0.210427,423,1554,6,1007,0.2958041958041958,0.2958041958041958,0.0038461538461538464,0.7041958041958042,0.9961538461538462,0.9961538461538462
0.211064,422,1554,6,1008,0.2951048951048951,0.2951048951048951,0.0038461538461538464,0.7048951048951049,0.9961538461538462,0.9961538461538462
0.211808,421,1554,6,1009,0.2944055944055944,0.2944055944055944,0.0038461538461538464,0.7055944055944056,0.9961538461538462,0.9961538461538462
0.21208,420,1554,6,1010,0.2937062937062937,0.2937062937062937,0.0038461538461538464,0.7062937062937062,0.9961538461538462,0.9961538461538462
0.212613,420,1555,5,1010,0.2937062937062937,0.2937062937062937,0.003205128205128205,0.7062937062937062,0.9967948717948718,0.9967948717948718
0.213181,419,1555,5,1011,0.293006993006993,0.293006993006993,0.003205128205128205,0.706993006993007,0.9967948717948718,0.9967948717948718
0.215533,419,1556,4,1011,0.293006993006993,0.293006993006993,0.002564102564102564,0.706993006993007,0.9974358974358974,0.9974358974358974
0.216526,418,1556,4,1012,0.2923076923076923,0.2923076923076923,0.002564102564102564,0.7076923076923077,0.9974358974358974,0.9974358974358974
0.216811,417,1556,4,1013,0.2916083916083916,0.2916083916083916,0.002564102564102564,0.7083916083916084,0.9974358974358974,0.9974358974358974
0.218902,416,1556,4,1014,0.2909090909090909,0.2909090909090909,0.002564102564102564,0.7090909090909091,0.9974358974358974,0.9974358974358974
0.219217,415,1556,4,1015,0.2902097902097902,0.2902097902097902,0.002564102564102564,0.7097902097902098,0.9974358974358974,0.9974358974358974
0.22109,414,1556,4,1016,0.2895104895104895,0.2895104895104895,0.002564102564102564,0.7104895104895105,0.9974358974358974,0.9974358974358974
0.221159,413,1556,4,1017,0.28881118881118883,0.28881118881118883,0.002564102564102564,0.7111888111888112,0.9974358974358974,0.9974358974358974
0.222741,412,1556,4,1018,0.2881118881118881,0.2881118881118881,0.002564102564102564,0.7118881118881119,0.9974358974358974,0.9974358974358974
0.223467,411,1556,4,1019,0.2874125874125874,0.2874125874125874,0.002564102564102564,0.7125874125874125,0.9974358974358974,0.9974358974358974
0.225111,410,1556,4,1020,0.2867132867132867,0.2867132867132867,0.002564102564102564,0.7132867132867133,0.9974358974358974,0.9974358974358974
0.226833,409,1556,4,1021,0.28601398601398603,0.28601398601398603,0.002564102564102564,0.713986013986014,0.9974358974358974,0.9974358974358974
0.227606,409,1557,3,1021,0.28601398601398603,0.28601398601398603,0.0019230769230769232,0.713986013986014,0.9980769230769231,0.9980769230769231
0.228875,408,1557,3,1022,0.2853146853146853,0.2853146853146853,0.0019230769230769232,0.7146853146853147,0.9980769230769231,0.9980769230769231
0.229358,407,1557,3,1023,0.2846153846153846,0.2846153846153846,0.0019230769230769232,0.7153846153846154,0.9980769230769231,0.9980769230769231
0.23301,406,1557,3,1024,0.2839160839160839,0.2839160839160839,0.0019230769230769232,0.7160839160839161,0.9980769230769231,0.9980769230769231
0.235787,406,1558,2,1024,0.2839160839160839,0.2839160839160839,0.001282051282051282,0.7160839160839161,0.9987179487179487,0.9987179487179487
0.236264,405,1558,2,1025,0.28321678321678323,0.28321678321678323,0.001282051282051282,0.7167832167832168,0.9987179487179487,0.9987179487179487
0.238179,405,1559,1,1025,0.28321678321678323,0.28321678321678323,0.000641025641025641,0.7167832167832168,0.9993589743589744,0.9993589743589744
0.238594,404,1559,1,1026,0.28251748251748254,0.28251748251748254,0.000641025641025641,0.7174825174825175,0.9993589743589744,0.9993589743589744
0.239322,403,1559,1,1027,0.2818181818181818,0.2818181818181818,0.000641025641025641,0.7181818181818181,0.9993589743589744,0.9993589743589744
0.240167,402,1559,1,1028,0.2811188811188811,0.2811188811188811,0.000641025641025641,0.7188811188811188,0.9993589743589744,0.9993589743589744
0.241236,401,1559,1,1029,0.2804195804195804,0.2804195804195804,0.000641025641025641,0.7195804195804196,0.9993589743589744,0.9993589743589744
0.241692,400,1559,1,1030,0.27972027972027974,0.27972027972027974,0.000641025641025641,0.7202797202797203,0.9993589743589744,0.9993589743589744
0.241778,399,1559,1,1031,0.279020979020979,0.279020979020979,0.000641025641025641,0.720979020979021,0.9993589743589744,0.9993589743589744
0.242075,398,1559,1,1032,0.2783216783216783,0.2783216783216783,0.000641025641025641,0.7216783216783217,0.9993589743589744,0.9993589743589744
0.242079,397,1559,1,1033,0.2776223776223776,0.2776223776223776,0.000641025641025641,0.7223776223776224,0.9993589743589744,0.9993589743589744
0.242707,396,1559,1,1034,0.27692307692307694,0.27692307692307694,0.000641025641025641,0.7230769230769231,0.9993589743589744,0.9993589743589744
0.244389,395,1559,1,1035,0.2762237762237762,0.2762237762237762,0.000641025641025641,0.7237762237762237,0.9993589743589744,0.9993589743589744
0.244804,394,1559,1,1036,0.2755244755244755,0.2755244755244755,0.000641025641025641,0.7244755244755244,0.9993589743589744,0.9993589743589744
0.245271,393,1559,1,1037,0.2748251748251748,0.2748251748251748,0.000641025641025641,0.7251748251748251,0.9993589743589744,0.9993589743589744
0.246057,392,1559,1,1038,0.27412587412587414,0.27412587412587414,0.000641025641025641,0.7258741258741259,0.9993589743589744,0.9993589743589744
0.248636,391,1559,1,1039,0.27342657342657345,0.27342657342657345,0.000641025641025641,0.7265734265734266,0.9993589743589744,0.9993589743589744
0.248691,390,1559,1,1040,0.2727272727272727,0.2727272727272727,0.000641025641025641,0.7272727272727273,0.9993589743589744,0.9993589743589744
0.249412,389,1559,1,1041,0.272027972027972,0.272027972027972,0.000641025641025641,0.727972027972028,0.9993589743589744,0.9993589743589744
0.25045,388,1559,1,1042,0.27132867132867133,0.27132867132867133,0.000641025641025641,0.7286713286713287,0.9993589743589744,0.9993589743589744
0.250873,387,1559,1,1043,0.27062937062937065,0.27062937062937065,0.000641025641025641,0.7293706293706294,0.9993589743589744,0.9993589743589744
0.251781,386,1559,1,1044,0.2699300699300699,0.2699300699300699,0.000641025641025641,0.73006993006993,0.9993589743589744,0.9993589743589744
0.251969,385,1559,1,1045,0.2692307692307692,0.2692307692307692,0.000641025641025641,0.7307692307692307,0.9993589743589744,0.9993589743589744
0.252618,384,1559,1,1046,0.26853146853146853,0.26853146853146853,0.000641025641025641,0.7314685314685314,0.9993589743589744,0.9993589743589744
0.253243,384,1560,0,1046,0.26853146853146853,0.26853146853146853,0.0,0.7314685314685314,1.0,1.0
0.254462,383,1560,0,1047,0.26783216783216784,0.26783216783216784,0.0,0.7321678321678322,1.0,1.0
0.254473,382,1560,0,1048,0.26713286713286716,0.26713286713286716,0.0,0.7328671328671329,1.0,1.0
0.254699,381,1560,0,1049,0.2664335664335664,0.2664335664335664,0.0,0.7335664335664336,1.0,1.0
0.256494,380,1560,0,1050,0.26573426573426573,0.26573426573426573,0.0,0.7342657342657343,1.0,1.0
0.257143,379,1560,0,1051,0.26503496503496504,0.26503496503496504,0.0,0.734965034965035,1.0,1.0
0.257413,378,1560,0,1052,0.26433566433566436,0.26433566433566436,0.0,0.7356643356643356,1.0,1.0
0.258213,377,1560,0,1053,0.2636363636363636,0.2636363636363636,0.0,0.7363636363636363,1.0,1.0
0.26065,376,1560,0,1054,0.2629370629370629,0.2629370629370629,0.0,0.737062937062937,1.0,1.0
0.262029,375,1560,0,1055,0.26223776223776224,0.26223776223776224,0.0,0.7377622377622378,1.0,1.0
0.262843,374,1560,0,1056,0.26153846153846155,0.26153846153846155,0.0,0.7384615384615385,1.0,1.0
0.263092,373,1560,0,1057,0.26083916083916087,0.26083916083916087,0.0,0.7391608391608392,1.0,1.0
0.264303,372,1560,0,1058,0.2601398601398601,0.2601398601398601,0.0,0.7398601398601399,1.0,1.0
0.264327,371,1560,0,1059,0.25944055944055944,0.25944055944055944,0.0,0.7405594405594406,1.0,1.0
0.264905,370,1560,0,1060,0.25874125874125875,0.25874125874125875,0.0,0.7412587412587412,1.0,1.0
0.265165,369,1560,0,1061,0.25804195804195806,0.25804195804195806,0.0,0.7419580419580419,1.0,1.0
0.272414,368,1560,0,1062,0.2573426573426573,0.2573426573426573,0.0,0.7426573426573426,1.0,1.0
0.273885,367,1560,0,1063,0.25664335664335663,0.25664335664335663,0.0,0.7433566433566433,1.0,1.0
0.27684,366,1560,0,1064,0.25594405594405595,0.25594405594405595,0.0,0.7440559440559441,1.0,1.0
0.281053,365,1560,0,1065,0.25524475524475526,0.25524475524475526,0.0,0.7447552447552448,1.0,1.0
0.281623,364,1560,0,1066,0.2545454545454545,0.2545454545454545,0.0,0.7454545454545455,1.0,1.0
0.285472,363,1560,0,1067,0.25384615384615383,0.25384615384615383,0.0,0.7461538461538462,1.0,1.0
0.285635,362,1560,0,1068,0.25314685314685315,0.25314685314685315,0.0,0.7468531468531469,1.0,1.0
0.285714,361,1560,0,1069,0.25244755244755246,0.25244755244755246,0.0,0.7475524475524475,1.0,1.0
0.285878,360,1560,0,1070,0.2517482517482518,0.2517482517482518,0.0,0.7482517482517482,1.0,1.0
0.289883,359,1560,0,1071,0.25104895104895103,0.25104895104895103,0.0,0.7489510489510489,1.0,1.0
0.291739,358,1560,0,1072,0.25034965034965034,0.25034965034965034,0.0,0.7496503496503496,1.0,1.0
0.293642,356,1560,0,1074,0.24895104895104894,0.24895104895104894,0.0,0.7510489510489511,1.0,1.0
0.296018,355,1560,0,1075,0.24825174825174826,0.24825174825174826,0.0,0.7517482517482518,1.0,1.0
0.29611,354,1560,0,1076,0.24755244755244754,0.24755244755244754,0.0,0.7524475524475525,1.0,1.0
0.296445,353,1560,0,1077,0.24685314685314685,0.24685314685314685,0.0,0.7531468531468531,1.0,1.0
0.297312,352,1560,0,1078,0.24615384615384617,0.24615384615384617,0.0,0.7538461538461538,1.0,1.0
0.30039,351,1560,0,1079,0.24545454545454545,0.24545454545454545,0.0,0.7545454545454545,1.0,1.0
0.302029,350,1560,0,1080,0.24475524475524477,0.24475524475524477,0.0,0.7552447552447552,1.0,1.0
0.308343,349,1560,0,1081,0.24405594405594405,0.24405594405594405,0.0,0.7559440559440559,1.0,1.0
0.312607,348,1560,0,1082,0.24335664335664337,0.24335664335664337,0.0,0.7566433566433567,1.0,1.0
0.312684,347,1560,0,1083,0.24265734265734265,0.24265734265734265,0.0,0.7573426573426574,1.0,1.0
0.315608,346,1560,0,1084,0.24195804195804196,0.24195804195804196,0.0,0.7580419580419581,1.0,1.0
0.317016,345,1560,0,1085,0.24125874125874125,0.24125874125874125,0.0,0.7587412587412588,1.0,1.0
0.319366,344,1560,0,1086,0.24055944055944056,0.24055944055944056,0.0,0.7594405594405594,1.0,1.0
0.325364,343,1560,0,1087,0.23986013986013985,0.23986013986013985,0.0,0.7601398601398601,1.0,1.0
0.326074,342,1560,0,1088,0.23916083916083916,0.23916083916083916,0.0,0.7608391608391608,1.0,1.0
0.328588,341,1560,0,1089,0.23846153846153847,0.23846153846153847,0.0,0.7615384615384615,1.0,1.0
0.334886,340,1560,0,1090,0.23776223776223776,0.23776223776223776,0.0,0.7622377622377622,1.0,1.0
0.335221,339,1560,0,1091,0.23706293706293707,0.23706293706293707,0.0,0.762937062937063,1.0,1.0
0.338355,338,1560,0,1092,0.23636363636363636,0.23636363636363636,0.0,0.7636363636363637,1.0,1.0
0.339581,337,1560,0,1093,0.23566433566433567,0.23566433566433567,0.0,0.7643356643356644,1.0,1.0
0.341928,336,1560,0,1094,0.23496503496503496,0.23496503496503496,0.0,0.765034965034965,1.0,1.0
0.344788,335,1560,0,1095,0.23426573426573427,0.23426573426573427,0.0,0.7657342657342657,1.0,1.0
0.346067,334,1560,0,1096,0.23356643356643356,0.23356643356643356,0.0,0.7664335664335664,1.0,1.0
0.346581,333,1560,0,1097,0.23286713286713287,0.23286713286713287,0.0,0.7671328671328671,1.0,1.0
0.347875,332,1560,0,1098,0.23216783216783216,0.23216783216783216,0.0,0.7678321678321678,1.0,1.0
0.350948,331,1560,0,1099,0.23146853146853147,0.23146853146853147,0.0,0.7685314685314686,1.0,1.0
0.35163,330,1560,0,1100,0.23076923076923078,0.23076923076923078,0.0,0.7692307692307693,1.0,1.0
0.351732,329,1560,0,1101,0.23006993006993007,0.23006993006993007,0.0,0.76993006993007,1.0,1.0
0.353153,328,1560,0,1102,0.22937062937062938,0.22937062937062938,0.0,0.7706293706293706,1.0,1.0
0.353846,327,1560,0,1103,0.22867132867132867,0.22867132867132867,0.0,0.7713286713286713,1.0,1.0
0.356655,326,1560,0,1104,0.22797202797202798,0.22797202797202798,0.0,0.772027972027972,1.0,1.0
0.356732,325,1560,0,1105,0.22727272727272727,0.22727272727272727,0.0,0.7727272727272727,1.0,1.0
0.357545,324,1560,0,1106,0.22657342657342658,0.22657342657342658,0.0,0.7734265734265734,1.0,1.0
0.360324,323,1560,0,1107,0.22587412587412586,0.22587412587412586,0.0,0.7741258741258741,1.0,1.0
0.361763,322,1560,0,1108,0.22517482517482518,0.22517482517482518,0.0,0.7748251748251749,1.0,1.0
0.36833,321,1560,0,1109,0.22447552447552446,0.22447552447552446,0.0,0.7755244755244756,1.0,1.0
0.371993,320,1560,0,1110,0.22377622377622378,0.22377622377622378,0.0,0.7762237762237763,1.0,1.0
0.372727,319,1560,0,1111,0.2230769230769231,0.2230769230769231,0.0,0.7769230769230769,1.0,1.0
0.374166,318,1560,0,1112,0.22237762237762237,0.22237762237762237,0.0,0.7776223776223776,1.0,1.0
0.379272,317,1560,0,1113,0.2216783216783217,0.2216783216783217,0.0,0.7783216783216783,1.0,1.0
0.37935,316,1560,0,1114,0.22097902097902097,0.22097902097902097,0.0,0.779020979020979,1.0,1.0
0.379651,315,1560,0,1115,0.2202797202797203,0.2202797202797203,0.0,0.7797202797202797,1.0,1.0
0.385045,314,1560,0,1116,0.21958041958041957,0.21958041958041957,0.0,0.7804195804195804,1.0,1.0
0.385417,313,1560,0,1117,0.21888111888111889,0.21888111888111889,0.0,0.7811188811188812,1.0,1.0
0.389934,312,1560,0,1118,0.21818181818181817,0.21818181818181817,0.0,0.7818181818181819,1.0,1.0
0.394231,311,1560,0,1119,0.21748251748251748,0.21748251748251748,0.0,0.7825174825174825,1.0,1.0
0.394542,310,1560,0,1120,0.21678321678321677,0.21678321678321677,0.0,0.7832167832167832,1.0,1.0
0.395122,309,1560,0,1121,0.21608391608391608,0.21608391608391608,0.0,0.7839160839160839,1.0,1.0
0.39528,308,1560,0,1122,0.2153846153846154,0.2153846153846154,0.0,0.7846153846153846,1.0,1.0
0.39627,307,1560,0,1123,0.21468531468531468,0.21468531468531468,0.0,0.7853146853146853,1.0,1.0
0.39808,306,1560,0,1124,0.213986013986014,0.213986013986014,0.0,0.786013986013986,1.0,1.0
0.4,305,1560,0,1125,0.21328671328671328,0.21328671328671328,0.0,0.7867132867132867,1.0,1.0
0.400112,304,1560,0,1126,0.2125874125874126,0.2125874125874126,0.0,0.7874125874125875,1.0,1.0
0.401961,303,1560,0,1127,0.21188811188811188,0.21188811188811188,0.0,0.7881118881118881,1.0,1.0
0.403509,302,1560,0,1128,0.2111888111888112,0.2111888111888112,0.0,0.7888111888111888,1.0,1.0
0.403563,301,1560,0,1129,0.21048951048951048,0.21048951048951048,0.0,0.7895104895104895,1.0,1.0
0.403687,300,1560,0,1130,0.2097902097902098,0.2097902097902098,0.0,0.7902097902097902,1.0,1.0
0.406398,299,1560,0,1131,0.20909090909090908,0.20909090909090908,0.0,0.7909090909090909,1.0,1.0
0.406468,298,1560,0,1132,0.2083916083916084,0.2083916083916084,0.0,0.7916083916083916,1.0,1.0
0.408033,297,1560,0,1133,0.2076923076923077,0.2076923076923077,0.0,0.7923076923076923,1.0,1.0
0.409878,296,1560,0,1134,0.206993006993007,0.206993006993007,0.0,0.793006993006993,1.0,1.0
0.410765,295,1560,0,1135,0.2062937062937063,0.2062937062937063,0.0,0.7937062937062938,1.0,1.0
0.415541,294,1560,0,1136,0.2055944055944056,0.2055944055944056,0.0,0.7944055944055944,1.0,1.0
0.416824,293,1560,0,1137,0.2048951048951049,0.2048951048951049,0.0,0.7951048951048951,1.0,1.0
0.42351,292,1560,0,1138,0.2041958041958042,0.2041958041958042,0.0,0.7958041958041958,1.0,1.0
0.425197,291,1560,0,1139,0.2034965034965035,0.2034965034965035,0.0,0.7965034965034965,1.0,1.0
0.429134,290,1560,0,1140,0.20279720279720279,0.20279720279720279,0.0,0.7972027972027972,1.0,1.0
0.429382,289,1560,0,1141,0.2020979020979021,0.2020979020979021,0.0,0.7979020979020979,1.0,1.0
0.429958,288,1560,0,1142,0.2013986013986014,0.2013986013986014,0.0,0.7986013986013986,1.0,1.0
0.430178,287,1560,0,1143,0.2006993006993007,0.2006993006993007,0.0,0.7993006993006992,1.0,1.0
0.440998,286,1560,0,1144,0.2,0.2,0.0,0.8,1.0,1.0
0.445568,285,1560,0,1145,0.1993006993006993,0.1993006993006993,0.0,0.8006993006993007,1.0,1.0
0.445819,284,1560,0,1146,0.1986013986013986,0.1986013986013986,0.0,0.8013986013986014,1.0,1.0
0.451462,283,1560,0,1147,0.1979020979020979,0.1979020979020979,0.0,0.8020979020979021,1.0,1.0
0.451878,282,1560,0,1148,0.1972027972027972,0.1972027972027972,0.0,0.8027972027972028,1.0,1.0
0.45412,281,1560,0,1149,0.1965034965034965,0.1965034965034965,0.0,0.8034965034965035,1.0,1.0
0.461361,280,1560,0,1150,0.1958041958041958,0.1958041958041958,0.0,0.8041958041958042,1.0,1.0
0.462633,279,1560,0,1151,0.1951048951048951,0.1951048951048951,0.0,0.8048951048951049,1.0,1.0
0.462985,278,1560,0,1152,0.1944055944055944,0.1944055944055944,0.0,0.8055944055944056,1.0,1.0
0.463469,277,1560,0,1153,0.19370629370629372,0.19370629370629372,0.0,0.8062937062937063,1.0,1.0
0.464351,276,1560,0,1154,0.193006993006993,0.193006993006993,0.0,0.806993006993007,1.0,1.0
0.466706,275,1560,0,1155,0.19230769230769232,0.19230769230769232,0.0,0.8076923076923077,1.0,1.0
0.467222,274,1560,0,1156,0.1916083916083916,0.1916083916083916,0.0,0.8083916083916084,1.0,1.0
0.467868,273,1560,0,1157,0.19090909090909092,0.19090909090909092,0.0,0.8090909090909091,1.0,1.0
0.469016,272,1560,0,1158,0.1902097902097902,0.1902097902097902,0.0,0.8097902097902098,1.0,1.0
0.472346,271,1560,0,1159,0.18951048951048952,0.18951048951048952,0.0,0.8104895104895105,1.0,1.0
0.473625,270,1560,0,1160,0.1888111888111888,0.1888111888111888,0.0,0.8111888111888111,1.0,1.0
0.474352,269,1560,0,1161,0.18811188811188811,0.18811188811188811,0.0,0.8118881118881119,1.0,1.0
0.476277,268,1560,0,1162,0.1874125874125874,0.1874125874125874,0.0,0.8125874125874126,1.0,1.0
0.476896,267,1560,0,1163,0.1867132867132867,0.1867132867132867,0.0,0.8132867132867133,1.0,1.0
0.477008,266,1560,0,1164,0.18601398601398603,0.18601398601398603,0.0,0.813986013986014,1.0,1.0
0.479078,265,1560,0,1165,0.1853146853146853,0.1853146853146853,0.0,0.8146853146853147,1.0,1.0
0.480512,264,1560,0,1166,0.18461538461538463,0.18461538461538463,0.0,0.8153846153846154,1.0,1.0
0.486171,263,1560,0,1167,0.1839160839160839,0.1839160839160839,0.0,0.8160839160839161,1.0,1.0
0.486453,262,1560,0,1168,0.18321678321678322,0.18321678321678322,0.0,0.8167832167832167,1.0,1.0
0.487941,261,1560,0,1169,0.1825174825174825,0.1825174825174825,0.0,0.8174825174825174,1.0,1.0
0.491033,260,1560,0,1170,0.18181818181818182,0.18181818181818182,0.0,0.8181818181818182,1.0,1.0
0.491898,259,1560,0,1171,0.1811188811188811,0.1811188811188811,0.0,0.8188811188811189,1.0,1.0
0.494085,258,1560,0,1172,0.18041958041958042,0.18041958041958042,0.0,0.8195804195804196,1.0,1.0
0.495906,257,1560,0,1173,0.1797202797202797,0.1797202797202797,0.0,0.8202797202797203,1.0,1.0
0.496,256,1560,0,1174,0.17902097902097902,0.17902097902097902,0.0,0.820979020979021,1.0,1.0
0.498235,255,1560,0,1175,0.17832167832167833,0.17832167832167833,0.0,0.8216783216783217,1.0,1.0
0.499388,254,1560,0,1176,0.17762237762237762,0.17762237762237762,0.0,0.8223776223776224,1.0,1.0
0.500289,253,1560,0,1177,0.17692307692307693,0.17692307692307693,0.0,0.823076923076923,1.0,1.0
0.501189,252,1560,0,1178,0.17622377622377622,0.17622377622377622,0.0,0.8237762237762237,1.0,1.0
0.503041,251,1560,0,1179,0.17552447552447553,0.17552447552447553,0.0,0.8244755244755245,1.0,1.0
0.503597,250,1560,0,1180,0.17482517482517482,0.17482517482517482,0.0,0.8251748251748252,1.0,1.0
0.50618,249,1560,0,1181,0.17412587412587413,0.17412587412587413,0.0,0.8258741258741259,1.0,1.0
0.506857,248,1560,0,1182,0.17342657342657342,0.17342657342657342,0.0,0.8265734265734266,1.0,1.0
0.509125,247,1560,0,1183,0.17272727272727273,0.17272727272727273,0.0,0.8272727272727273,1.0,1.0
0.509275,246,1560,0,1184,0.17202797202797201,0.17202797202797201,0.0,0.827972027972028,1.0,1.0
0.510863,245,1560,0,1185,0.17132867132867133,0.17132867132867133,0.0,0.8286713286713286,1.0,1.0
0.515284,244,1560,0,1186,0.17062937062937064,0.17062937062937064,0.0,0.8293706293706293,1.0,1.0
0.515452,243,1560,0,1187,0.16993006993006993,0.16993006993006993,0.0,0.83006993006993,1.0,1.0
0.515625,242,1560,0,1188,0.16923076923076924,0.16923076923076924,0.0,0.8307692307692308,1.0,1.0
0.515789,241,1560,0,1189,0.16853146853146853,0.16853146853146853,0.0,0.8314685314685315,1.0,1.0
0.517136,240,1560,0,1190,0.16783216783216784,0.16783216783216784,0.0,0.8321678321678322,1.0,1.0
0.517365,239,1560,0,1191,0.16713286713286712,0.16713286713286712,0.0,0.8328671328671329,1.0,1.0
0.519681,238,1560,0,1192,0.16643356643356644,0.16643356643356644,0.0,0.8335664335664336,1.0,1.0
0.521127,237,1560,0,1193,0.16573426573426572,0.16573426573426572,0.0,0.8342657342657342,1.0,1.0
0.521965,236,1560,0,1194,0.16503496503496504,0.16503496503496504,0.0,0.8349650349650349,1.0,1.0
0.523447,235,1560,0,1195,0.16433566433566432,0.16433566433566432,0.0,0.8356643356643356,1.0,1.0
0.524369,234,1560,0,1196,0.16363636363636364,0.16363636363636364,0.0,0.8363636363636363,1.0,1.0
0.525552,233,1560,0,1197,0.16293706293706295,0.16293706293706295,0.0,0.8370629370629371,1.0,1.0
0.529342,232,1560,0,1198,0.16223776223776223,0.16223776223776223,0.0,0.8377622377622378,1.0,1.0
0.531098,231,1560,0,1199,0.16153846153846155,0.16153846153846155,0.0,0.8384615384615385,1.0,1.0
0.531537,230,1560,0,1200,0.16083916083916083,0.16083916083916083,0.0,0.8391608391608392,1.0,1.0
0.531727,229,1560,0,1201,0.16013986013986015,0.16013986013986015,0.0,0.8398601398601399,1.0,1.0
0.541274,228,1560,0,1202,0.15944055944055943,0.15944055944055943,0.0,0.8405594405594405,1.0,1.0
0.54245,227,1560,0,1203,0.15874125874125875,0.15874125874125875,0.0,0.8412587412587412,1.0,1.0
0.548292,226,1560,0,1204,0.15804195804195803,0.15804195804195803,0.0,0.8419580419580419,1.0,1.0
0.549238,225,1560,0,1205,0.15734265734265734,0.15734265734265734,0.0,0.8426573426573427,1.0,1.0
0.550152,224,1560,0,1206,0.15664335664335666,0.15664335664335666,0.0,0.8433566433566434,1.0,1.0
0.554278,223,1560,0,1207,0.15594405594405594,0.15594405594405594,0.0,0.8440559440559441,1.0,1.0
0.55492,222,1560,0,1208,0.15524475524475526,0.15524475524475526,0.0,0.8447552447552448,1.0,1.0
0.560182,221,1560,0,1209,0.15454545454545454,0.15454545454545454,0.0,0.8454545454545455,1.0,1.0
0.560795,220,1560,0,1210,0.15384615384615385,0.15384615384615385,0.0,0.8461538461538461,1.0,1.0
0.561194,219,1560,0,1211,0.15314685314685314,0.15314685314685314,0.0,0.8468531468531468,1.0,1.0
0.561883,218,1560,0,1212,0.15244755244755245,0.15244755244755245,0.0,0.8475524475524475,1.0,1.0
0.563863,217,1560,0,1213,0.15174825174825174,0.15174825174825174,0.0,0.8482517482517482,1.0,1.0
0.565931,216,1560,0,1214,0.15104895104895105,0.15104895104895105,0.0,0.848951048951049,1.0,1.0
0.56738,215,1560,0,1215,0.15034965034965034,0.15034965034965034,0.0,0.8496503496503497,1.0,1.0
0.568754,214,1560,0,1216,0.14965034965034965,0.14965034965034965,0.0,0.8503496503496504,1.0,1.0
0.569926,213,1560,0,1217,0.14895104895104896,0.14895104895104896,0.0,0.8510489510489511,1.0,1.0
0.572892,212,1560,0,1218,0.14825174825174825,0.14825174825174825,0.0,0.8517482517482518,1.0,1.0
0.574732,211,1560,0,1219,0.14755244755244756,0.14755244755244756,0.0,0.8524475524475524,1.0,1.0
0.575071,210,1560,0,1220,0.14685314685314685,0.14685314685314685,0.0,0.8531468531468531,1.0,1.0
0.575494,209,1560,0,1221,0.14615384615384616,0.14615384615384616,0.0,0.8538461538461538,1.0,1.0
0.575527,208,1560,0,1222,0.14545454545454545,0.14545454545454545,0.0,0.8545454545454545,1.0,1.0
0.576665,207,1560,0,1223,0.14475524475524476,0.14475524475524476,0.0,0.8552447552447553,1.0,1.0
0.576801,206,1560,0,1224,0.14405594405594405,0.14405594405594405,0.0,0.855944055944056,1.0,1.0
0.576831,205,1560,0,1225,0.14335664335664336,0.14335664335664336,0.0,0.8566433566433567,1.0,1.0
0.582569,204,1560,0,1226,0.14265734265734265,0.14265734265734265,0.0,0.8573426573426574,1.0,1.0
0.582649,203,1560,0,1227,0.14195804195804196,0.14195804195804196,0.0,0.858041958041958,1.0,1.0
0.583702,202,1560,0,1228,0.14125874125874127,0.14125874125874127,0.0,0.8587412587412587,1.0,1.0
0.583771,201,1560,0,1229,0.14055944055944056,0.14055944055944056,0.0,0.8594405594405594,1.0,1.0
0.584507,200,1560,0,1230,0.13986013986013987,0.13986013986013987,0.0,0.8601398601398601,1.0,1.0
0.584615,199,1560,0,1231,0.13916083916083916,0.13916083916083916,0.0,0.8608391608391608,1.0,1.0
0.584706,198,1560,0,1232,0.13846153846153847,0.13846153846153847,0.0,0.8615384615384616,1.0,1.0
0.585652,197,1560,0,1233,0.13776223776223775,0.13776223776223775,0.0,0.8622377622377623,1.0,1.0
0.586823,196,1560,0,1234,0.13706293706293707,0.13706293706293707,0.0,0.862937062937063,1.0,1.0
0.589698,195,1560,0,1235,0.13636363636363635,0.13636363636363635,0.0,0.8636363636363636,1.0,1.0
0.592804,194,1560,0,1236,0.13566433566433567,0.13566433566433567,0.0,0.8643356643356643,1.0,1.0
0.592849,193,1560,0,1237,0.13496503496503495,0.13496503496503495,0.0,0.865034965034965,1.0,1.0
0.593281,192,1560,0,1238,0.13426573426573427,0.13426573426573427,0.0,0.8657342657342657,1.0,1.0
0.59335,191,1560,0,1239,0.13356643356643358,0.13356643356643358,0.0,0.8664335664335664,1.0,1.0
0.593731,190,1560,0,1240,0.13286713286713286,0.13286713286713286,0.0,0.8671328671328671,1.0,1.0
0.596523,189,1560,0,1241,0.13216783216783218,0.13216783216783218,0.0,0.8678321678321679,1.0,1.0
0.598847,188,1560,0,1242,0.13146853146853146,0.13146853146853146,0.0,0.8685314685314686,1.0,1.0
0.599084,187,1560,0,1243,0.13076923076923078,0.13076923076923078,0.0,0.8692307692307693,1.0,1.0
0.602706,186,1560,0,1244,0.13006993006993006,0.13006993006993006,0.0,0.8699300699300699,1.0,1.0
0.602879,185,1560,0,1245,0.12937062937062938,0.12937062937062938,0.0,0.8706293706293706,1.0,1.0
0.603012,184,1560,0,1246,0.12867132867132866,0.12867132867132866,0.0,0.8713286713286713,1.0,1.0
0.606823,183,1560,0,1247,0.12797202797202797,0.12797202797202797,0.0,0.872027972027972,1.0,1.0
0.608583,182,1560,0,1248,0.12727272727272726,0.12727272727272726,0.0,0.8727272727272727,1.0,1.0
0.608595,181,1560,0,1249,0.12657342657342657,0.12657342657342657,0.0,0.8734265734265734,1.0,1.0
0.609524,180,1560,0,1250,0.1258741258741259,0.1258741258741259,0.0,0.8741258741258742,1.0,1.0
0.611303,179,1560,0,1251,0.12517482517482517,0.12517482517482517,0.0,0.8748251748251749,1.0,1.0
0.613302,178,1560,0,1252,0.12447552447552447,0.12447552447552447,0.0,0.8755244755244755,1.0,1.0
0.615753,177,1560,0,1253,0.12377622377622377,0.12377622377622377,0.0,0.8762237762237762,1.0,1.0
0.61677,176,1560,0,1254,0.12307692307692308,0.12307692307692308,0.0,0.8769230769230769,1.0,1.0
0.618397,175,1560,0,1255,0.12237762237762238,0.12237762237762238,0.0,0.8776223776223776,1.0,1.0
0.619048,174,1560,0,1256,0.12167832167832168,0.12167832167832168,0.0,0.8783216783216783,1.0,1.0
0.624434,173,1560,0,1257,0.12097902097902098,0.12097902097902098,0.0,0.879020979020979,1.0,1.0
0.625695,172,1560,0,1258,0.12027972027972028,0.12027972027972028,0.0,0.8797202797202798,1.0,1.0
0.625708,171,1560,0,1259,0.11958041958041958,0.11958041958041958,0.0,0.8804195804195805,1.0,1.0
0.625895,170,1560,0,1260,0.11888111888111888,0.11888111888111888,0.0,0.8811188811188811,1.0,1.0
0.626287,169,1560,0,1261,0.11818181818181818,0.11818181818181818,0.0,0.8818181818181818,1.0,1.0
0.626328,168,1560,0,1262,0.11748251748251748,0.11748251748251748,0.0,0.8825174825174825,1.0,1.0
0.628083,167,1560,0,1263,0.11678321678321678,0.11678321678321678,0.0,0.8832167832167832,1.0,1.0
0.628644,166,1560,0,1264,0.11608391608391608,0.11608391608391608,0.0,0.8839160839160839,1.0,1.0
0.62933,165,1560,0,1265,0.11538461538461539,0.11538461538461539,0.0,0.8846153846153846,1.0,1.0
0.635814,164,1560,0,1266,0.11468531468531469,0.11468531468531469,0.0,0.8853146853146853,1.0,1.0
0.637648,163,1560,0,1267,0.11398601398601399,0.11398601398601399,0.0,0.8860139860139861,1.0,1.0
0.63827,162,1560,0,1268,0.11328671328671329,0.11328671328671329,0.0,0.8867132867132868,1.0,1.0
0.639316,161,1560,0,1269,0.11258741258741259,0.11258741258741259,0.0,0.8874125874125874,1.0,1.0
0.640068,160,1560,0,1270,0.11188811188811189,0.11188811188811189,0.0,0.8881118881118881,1.0,1.0
0.640676,159,1560,0,1271,0.11118881118881119,0.11118881118881119,0.0,0.8888111888111888,1.0,1.0
0.641085,158,1560,0,1272,0.11048951048951049,0.11048951048951049,0.0,0.8895104895104895,1.0,1.0
0.64557,157,1560,0,1273,0.10979020979020979,0.10979020979020979,0.0,0.8902097902097902,1.0,1.0
0.648045,156,1560,0,1274,0.10909090909090909,0.10909090909090909,0.0,0.8909090909090909,1.0,1.0
0.650267,155,1560,0,1275,0.10839160839160839,0.10839160839160839,0.0,0.8916083916083916,1.0,1.0
0.652614,154,1560,0,1276,0.1076923076923077,0.1076923076923077,0.0,0.8923076923076924,1.0,1.0
0.65277,153,1560,0,1277,0.106993006993007,0.106993006993007,0.0,0.893006993006993,1.0,1.0
0.656508,152,1560,0,1278,0.1062937062937063,0.1062937062937063,0.0,0.8937062937062937,1.0,1.0
0.660777,151,1560,0,1279,0.1055944055944056,0.1055944055944056,0.0,0.8944055944055944,1.0,1.0
0.661493,150,1560,0,1280,0.1048951048951049,0.1048951048951049,0.0,0.8951048951048951,1.0,1.0
0.661628,149,1560,0,1281,0.1041958041958042,0.1041958041958042,0.0,0.8958041958041958,1.0,1.0
0.662252,148,1560,0,1282,0.1034965034965035,0.1034965034965035,0.0,0.8965034965034965,1.0,1.0
0.663546,147,1560,0,1283,0.1027972027972028,0.1027972027972028,0.0,0.8972027972027972,1.0,1.0
0.663642,146,1560,0,1284,0.1020979020979021,0.1020979020979021,0.0,0.8979020979020979,1.0,1.0
0.670666,145,1560,0,1285,0.10139860139860139,0.10139860139860139,0.0,0.8986013986013986,1.0,1.0
0.674499,144,1560,0,1286,0.1006993006993007,0.1006993006993007,0.0,0.8993006993006993,1.0,1.0
0.676169,143,1560,0,1287,0.1,0.1,0.0,0.9,1.0,1.0
0.681471,142,1560,0,1288,0.0993006993006993,0.0993006993006993,0.0,0.9006993006993007,1.0,1.0
0.682896,141,1560,0,1289,0.0986013986013986,0.0986013986013986,0.0,0.9013986013986014,1.0,1.0
0.684051,140,1560,0,1290,0.0979020979020979,0.0979020979020979,0.0,0.9020979020979021,1.0,1.0
0.684302,139,1560,0,1291,0.0972027972027972,0.0972027972027972,0.0,0.9027972027972028,1.0,1.0
0.68589,138,1560,0,1292,0.0965034965034965,0.0965034965034965,0.0,0.9034965034965035,1.0,1.0
0.68619,137,1560,0,1293,0.0958041958041958,0.0958041958041958,0.0,0.9041958041958041,1.0,1.0
0.686496,136,1560,0,1294,0.0951048951048951,0.0951048951048951,0.0,0.9048951048951049,1.0,1.0
0.686601,135,1560,0,1295,0.0944055944055944,0.0944055944055944,0.0,0.9055944055944056,1.0,1.0
0.687424,134,1560,0,1296,0.0937062937062937,0.0937062937062937,0.0,0.9062937062937063,1.0,1.0
0.688594,133,1560,0,1297,0.09300699300699301,0.09300699300699301,0.0,0.906993006993007,1.0,1.0
0.689954,132,1560,0,1298,0.09230769230769231,0.09230769230769231,0.0,0.9076923076923077,1.0,1.0
0.690276,131,1560,0,1299,0.09160839160839161,0.09160839160839161,0.0,0.9083916083916084,1.0,1.0
0.691159,130,1560,0,1300,0.09090909090909091,0.09090909090909091,0.0,0.9090909090909091,1.0,1.0
0.691202,129,1560,0,1301,0.09020979020979021,0.09020979020979021,0.0,0.9097902097902097,1.0,1.0
0.691343,128,1560,0,1302,0.08951048951048951,0.08951048951048951,0.0,0.9104895104895104,1.0,1.0
0.693652,127,1560,0,1303,0.08881118881118881,0.08881118881118881,0.0,0.9111888111888112,1.0,1.0
0.693676,126,1560,0,1304,0.08811188811188811,0.08811188811188811,0.0,0.9118881118881119,1.0,1.0
0.693817,125,1560,0,1305,0.08741258741258741,0.08741258741258741,0.0,0.9125874125874126,1.0,1.0
0.694337,124,1560,0,1306,0.08671328671328671,0.08671328671328671,0.0,0.9132867132867133,1.0,1.0
0.69622,123,1560,0,1307,0.08601398601398601,0.08601398601398601,0.0,0.913986013986014,1.0,1.0
0.697421,122,1560,0,1308,0.08531468531468532,0.08531468531468532,0.0,0.9146853146853147,1.0,1.0
0.697784,121,1560,0,1309,0.08461538461538462,0.08461538461538462,0.0,0.9153846153846154,1.0,1.0
0.702672,120,1560,0,1310,0.08391608391608392,0.08391608391608392,0.0,0.916083916083916,1.0,1.0
0.703284,119,1560,0,1311,0.08321678321678322,0.08321678321678322,0.0,0.9167832167832168,1.0,1.0
0.704234,118,1560,0,1312,0.08251748251748252,0.08251748251748252,0.0,0.9174825174825175,1.0,1.0
0.70512,117,1560,0,1313,0.08181818181818182,0.08181818181818182,0.0,0.9181818181818182,1.0,1.0
0.705813,116,1560,0,1314,0.08111888111888112,0.08111888111888112,0.0,0.9188811188811189,1.0,1.0
0.706453,115,1560,0,1315,0.08041958041958042,0.08041958041958042,0.0,0.9195804195804196,1.0,1.0
0.714527,114,1560,0,1316,0.07972027972027972,0.07972027972027972,0.0,0.9202797202797203,1.0,1.0
0.714607,113,1560,0,1317,0.07902097902097902,0.07902097902097902,0.0,0.920979020979021,1.0,1.0
0.716958,112,1560,0,1318,0.07832167832167833,0.07832167832167833,0.0,0.9216783216783216,1.0,1.0
0.718487,111,1560,0,1319,0.07762237762237763,0.07762237762237763,0.0,0.9223776223776223,1.0,1.0
0.718531,110,1560,0,1320,0.07692307692307693,0.07692307692307693,0.0,0.9230769230769231,1.0,1.0
0.718768,109,1560,0,1321,0.07622377622377623,0.07622377622377623,0.0,0.9237762237762238,1.0,1.0
0.719489,108,1560,0,1322,0.07552447552447553,0.07552447552447553,0.0,0.9244755244755245,1.0,1.0
0.720313,107,1560,0,1323,0.07482517482517483,0.07482517482517483,0.0,0.9251748251748252,1.0,1.0
0.725348,106,1560,0,1324,0.07412587412587412,0.07412587412587412,0.0,0.9258741258741259,1.0,1.0
0.726646,105,1560,0,1325,0.07342657342657342,0.07342657342657342,0.0,0.9265734265734266,1.0,1.0
0.728273,104,1560,0,1326,0.07272727272727272,0.07272727272727272,0.0,0.9272727272727272,1.0,1.0
0.728643,103,1560,0,1327,0.07202797202797202,0.07202797202797202,0.0,0.9279720279720279,1.0,1.0
0.728671,102,1560,0,1328,0.07132867132867132,0.07132867132867132,0.0,0.9286713286713286,1.0,1.0
0.732794,101,1560,0,1329,0.07062937062937064,0.07062937062937064,0.0,0.9293706293706294,1.0,1.0
0.733249,100,1560,0,1330,0.06993006993006994,0.06993006993006994,0.0,0.9300699300699301,1.0,1.0
0.734266,99,1560,0,1331,0.06923076923076923,0.06923076923076923,0.0,0.9307692307692308,1.0,1.0
0.736358,98,1560,0,1332,0.06853146853146853,0.06853146853146853,0.0,0.9314685314685315,1.0,1.0
0.73665,97,1560,0,1333,0.06783216783216783,0.06783216783216783,0.0,0.9321678321678322,1.0,1.0
0.738195,96,1560,0,1334,0.06713286713286713,0.06713286713286713,0.0,0.9328671328671329,1.0,1.0
0.745721,95,1560,0,1335,0.06643356643356643,0.06643356643356643,0.0,0.9335664335664335,1.0,1.0
0.74789,94,1560,0,1336,0.06573426573426573,0.06573426573426573,0.0,0.9342657342657342,1.0,1.0
0.748656,93,1560,0,1337,0.06503496503496503,0.06503496503496503,0.0,0.9349650349650349,1.0,1.0
0.75072,92,1560,0,1338,0.06433566433566433,0.06433566433566433,0.0,0.9356643356643357,1.0,1.0
0.752132,91,1560,0,1339,0.06363636363636363,0.06363636363636363,0.0,0.9363636363636364,1.0,1.0
0.753959,90,1560,0,1340,0.06293706293706294,0.06293706293706294,0.0,0.9370629370629371,1.0,1.0
0.755464,89,1560,0,1341,0.062237762237762236,0.062237762237762236,0.0,0.9377622377622378,1.0,1.0
0.756959,88,1560,0,1342,0.06153846153846154,0.06153846153846154,0.0,0.9384615384615385,1.0,1.0
0.763331,87,1560,0,1343,0.06083916083916084,0.06083916083916084,0.0,0.9391608391608391,1.0,1.0
0.766913,86,1560,0,1344,0.06013986013986014,0.06013986013986014,0.0,0.9398601398601398,1.0,1.0
0.770308,85,1560,0,1345,0.05944055944055944,0.05944055944055944,0.0,0.9405594405594405,1.0,1.0
0.771171,84,1560,0,1346,0.05874125874125874,0.05874125874125874,0.0,0.9412587412587412,1.0,1.0
0.775336,83,1560,0,1347,0.05804195804195804,0.05804195804195804,0.0,0.941958041958042,1.0,1.0
0.775498,82,1560,0,1348,0.057342657342657345,0.057342657342657345,0.0,0.9426573426573427,1.0,1.0
0.777842,81,1560,0,1349,0.056643356643356645,0.056643356643356645,0.0,0.9433566433566434,1.0,1.0
0.778708,80,1560,0,1350,0.055944055944055944,0.055944055944055944,0.0,0.9440559440559441,1.0,1.0
0.779509,79,1560,0,1351,0.05524475524475524,0.05524475524475524,0.0,0.9447552447552447,1.0,1.0
0.780591,78,1560,0,1352,0.05454545454545454,0.05454545454545454,0.0,0.9454545454545454,1.0,1.0
0.784059,77,1560,0,1353,0.05384615384615385,0.05384615384615385,0.0,0.9461538461538461,1.0,1.0
0.788162,76,1560,0,1354,0.05314685314685315,0.05314685314685315,0.0,0.9468531468531468,1.0,1.0
0.788638,75,1560,0,1355,0.05244755244755245,0.05244755244755245,0.0,0.9475524475524476,1.0,1.0
0.788862,74,1560,0,1356,0.05174825174825175,0.05174825174825175,0.0,0.9482517482517483,1.0,1.0
0.789504,73,1560,0,1357,0.05104895104895105,0.05104895104895105,0.0,0.948951048951049,1.0,1.0
0.791986,72,1560,0,1358,0.05034965034965035,0.05034965034965035,0.0,0.9496503496503497,1.0,1.0
0.794538,71,1560,0,1359,0.04965034965034965,0.04965034965034965,0.0,0.9503496503496504,1.0,1.0
0.795707,70,1560,0,1360,0.04895104895104895,0.04895104895104895,0.0,0.951048951048951,1.0,1.0
0.796902,69,1560,0,1361,0.04825174825174825,0.04825174825174825,0.0,0.9517482517482517,1.0,1.0
0.797061,68,1560,0,1362,0.04755244755244755,0.04755244755244755,0.0,0.9524475524475524,1.0,1.0
0.79962,67,1560,0,1363,0.04685314685314685,0.04685314685314685,0.0,0.9531468531468531,1.0,1.0
0.807955,66,1560,0,1364,0.046153846153846156,0.046153846153846156,0.0,0.9538461538461539,1.0,1.0
0.813193,65,1560,0,1365,0.045454545454545456,0.045454545454545456,0.0,0.9545454545454546,1.0,1.0
0.81328,64,1560,0,1366,0.044755244755244755,0.044755244755244755,0.0,0.9552447552447553,1.0,1.0
0.814246,63,1560,0,1367,0.044055944055944055,0.044055944055944055,0.0,0.955944055944056,1.0,1.0
0.817488,62,1560,0,1368,0.043356643356643354,0.043356643356643354,0.0,0.9566433566433566,1.0,1.0
0.820134,61,1560,0,1369,0.04265734265734266,0.04265734265734266,0.0,0.9573426573426573,1.0,1.0
0.821319,60,1560,0,1370,0.04195804195804196,0.04195804195804196,0.0,0.958041958041958,1.0,1.0
0.823058,59,1560,0,1371,0.04125874125874126,0.04125874125874126,0.0,0.9587412587412587,1.0,1.0
0.824561,58,1560,0,1372,0.04055944055944056,0.04055944055944056,0.0,0.9594405594405594,1.0,1.0
0.831609,57,1560,0,1373,0.03986013986013986,0.03986013986013986,0.0,0.9601398601398602,1.0,1.0
0.834218,56,1560,0,1374,0.039160839160839164,0.039160839160839164,0.0,0.9608391608391609,1.0,1.0
0.838814,55,1560,0,1375,0.038461538461538464,0.038461538461538464,0.0,0.9615384615384616,1.0,1.0
0.83961,54,1560,0,1376,0.03776223776223776,0.03776223776223776,0.0,0.9622377622377623,1.0,1.0
0.840515,53,1560,0,1377,0.03706293706293706,0.03706293706293706,0.0,0.9629370629370629,1.0,1.0
0.845088,52,1560,0,1378,0.03636363636363636,0.03636363636363636,0.0,0.9636363636363636,1.0,1.0
0.845494,51,1560,0,1379,0.03566433566433566,0.03566433566433566,0.0,0.9643356643356643,1.0,1.0
0.849682,50,1560,0,1380,0.03496503496503497,0.03496503496503497,0.0,0.965034965034965,1.0,1.0
0.850384,49,1560,0,1381,0.03426573426573427,0.03426573426573427,0.0,0.9657342657342657,1.0,1.0
0.854638,48,1560,0,1382,0.033566433566433566,0.033566433566433566,0.0,0.9664335664335665,1.0,1.0
0.858662,47,1560,0,1383,0.032867132867132866,0.032867132867132866,0.0,0.9671328671328672,1.0,1.0
0.858857,46,1560,0,1384,0.032167832167832165,0.032167832167832165,0.0,0.9678321678321679,1.0,1.0
0.860228,45,1560,0,1385,0.03146853146853147,0.03146853146853147,0.0,0.9685314685314685,1.0,1.0
0.861432,44,1560,0,1386,0.03076923076923077,0.03076923076923077,0.0,0.9692307692307692,1.0,1.0
0.864558,43,1560,0,1387,0.03006993006993007,0.03006993006993007,0.0,0.9699300699300699,1.0,1.0
0.868152,42,1560,0,1388,0.02937062937062937,0.02937062937062937,0.0,0.9706293706293706,1.0,1.0
0.869258,41,1560,0,1389,0.028671328671328673,0.028671328671328673,0.0,0.9713286713286713,1.0,1.0
0.872414,40,1560,0,1390,0.027972027972027972,0.027972027972027972,0.0,0.972027972027972,1.0,1.0
0.873425,39,1560,0,1391,0.02727272727272727,0.02727272727272727,0.0,0.9727272727272728,1.0,1.0
0.874352,38,1560,0,1392,0.026573426573426574,0.026573426573426574,0.0,0.9734265734265735,1.0,1.0
0.874859,37,1560,0,1393,0.025874125874125874,0.025874125874125874,0.0,0.9741258741258741,1.0,1.0
0.878882,36,1560,0,1394,0.025174825174825177,0.025174825174825177,0.0,0.9748251748251748,1.0,1.0
0.880771,35,1560,0,1395,0.024475524475524476,0.024475524475524476,0.0,0.9755244755244755,1.0,1.0
0.881088,34,1560,0,1396,0.023776223776223775,0.023776223776223775,0.0,0.9762237762237762,1.0,1.0
0.881148,33,1560,0,1397,0.023076923076923078,0.023076923076923078,0.0,0.9769230769230769,1.0,1.0
0.884192,32,1560,0,1398,0.022377622377622378,0.022377622377622378,0.0,0.9776223776223776,1.0,1.0
0.884961,31,1560,0,1399,0.021678321678321677,0.021678321678321677,0.0,0.9783216783216783,1.0,1.0
0.887626,30,1560,0,1400,0.02097902097902098,0.02097902097902098,0.0,0.9790209790209791,1.0,1.0
0.888179,29,1560,0,1401,0.02027972027972028,0.02027972027972028,0.0,0.9797202797202798,1.0,1.0
0.888514,28,1560,0,1402,0.019580419580419582,0.019580419580419582,0.0,0.9804195804195804,1.0,1.0
0.888952,27,1560,0,1403,0.01888111888111888,0.01888111888111888,0.0,0.9811188811188811,1.0,1.0
0.897934,26,1560,0,1404,0.01818181818181818,0.01818181818181818,0.0,0.9818181818181818,1.0,1.0
0.901389,25,1560,0,1405,0.017482517482517484,0.017482517482517484,0.0,0.9825174825174825,1.0,1.0
0.903263,24,1560,0,1406,0.016783216783216783,0.016783216783216783,0.0,0.9832167832167832,1.0,1.0
0.906191,23,1560,0,1407,0.016083916083916083,0.016083916083916083,0.0,0.9839160839160839,1.0,1.0
0.906675,22,1560,0,1408,0.015384615384615385,0.015384615384615385,0.0,0.9846153846153847,1.0,1.0
0.907049,21,1560,0,1409,0.014685314685314685,0.014685314685314685,0.0,0.9853146853146854,1.0,1.0
0.907343,20,1560,0,1410,0.013986013986013986,0.013986013986013986,0.0,0.986013986013986,1.0,1.0
0.907418,19,1560,0,1411,0.013286713286713287,0.013286713286713287,0.0,0.9867132867132867,1.0,1.0
0.929774,18,1560,0,1412,0.012587412587412588,0.012587412587412588,0.0,0.9874125874125874,1.0,1.0
0.93267,17,1560,0,1413,0.011888111888111888,0.011888111888111888,0.0,0.9881118881118881,1.0,1.0
0.943461,16,1560,0,1414,0.011188811188811189,0.011188811188811189,0.0,0.9888111888111888,1.0,1.0
0.946469,15,1560,0,1415,0.01048951048951049,0.01048951048951049,0.0,0.9895104895104895,1.0,1.0
0.948433,14,1560,0,1416,0.009790209790209791,0.009790209790209791,0.0,0.9902097902097902,1.0,1.0
0.952886,13,1560,0,1417,0.00909090909090909,0.00909090909090909,0.0,0.990909090909091,1.0,1.0
0.958235,12,1560,0,1418,0.008391608391608392,0.008391608391608392,0.0,0.9916083916083916,1.0,1.0
0.964411,11,1560,0,1419,0.007692307692307693,0.007692307692307693,0.0,0.9923076923076923,1.0,1.0
0.96732,10,1560,0,1420,0.006993006993006993,0.006993006993006993,0.0,0.993006993006993,1.0,1.0
0.967354,9,1560,0,1421,0.006293706293706294,0.006293706293706294,0.0,0.9937062937062937,1.0,1.0
0.974646,8,1560,0,1422,0.005594405594405594,0.005594405594405594,0.0,0.9944055944055944,1.0,1.0
0.978799,7,1560,0,1423,0.0048951048951048955,0.0048951048951048955,0.0,0.9951048951048951,1.0,1.0
0.980638,6,1560,0,1424,0.004195804195804196,0.004195804195804196,0.0,0.9958041958041958,1.0,1.0
0.981689,5,1560,0,1425,0.0034965034965034965,0.0034965034965034965,0.0,0.9965034965034965,1.0,1.0
0.997955,4,1560,0,1426,0.002797202797202797,0.002797202797202797,0.0,0.9972027972027973,1.0,1.0
0.99872,3,1560,0,1427,0.002097902097902098,0.002097902097902098,0.0,0.9979020979020979,1.0,1.0
1.0,2,1560,0,1428,0.0013986013986013986,0.0013986013986013986,0.0,0.9986013986013986,1.0,1.0
1.0000000000000002,0,1560,0,1430,0.0,0.0,0.0,1.0,1.0,1.0
