threshold,VP,VN,FP,FN,TPR,S,FPR,FNR,TNR,E
-5e-324,1430,0,1560,0,1.0,1.0,1.0,0.0,0.0,0.0
0.0,1430,0,1560,0,1.0,1.0,1.0,0.0,0.0,0.0
0.000887,1408,488,1072,22,0.9846153846153847,0.9846153846153847,0.6871794871794872,0.015384615384615385,0.3128205128205128,0.3128205128205128
0.000907,1408,489,1071,22,0.9846153846153847,0.9846153846153847,0.6865384615384615,0.015384615384615385,0.31346153846153846,0.31346153846153846
0.000925,1408,490,1070,22,0.9846153846153847,0.9846153846153847,0.6858974358974359,0.015384615384615385,0.3141025641025641,0.3141025641025641
0.000926,1408,491,1069,22,0.9846153846153847,0.9846153846153847,0.6852564102564103,0.015384615384615385,0.31474358974358974,0.31474358974358974
0.000928,1408,492,1068,22,0.9846153846153847,0.9846153846153847,0.6846153846153846,0.015384615384615385,0.3153846153846154,0.3153846153846154
0.000936,1408,493,1067,22,0.9846153846153847,0.9846153846153847,0.683974358974359,0.015384615384615385,0.316025641025641,0.316025641025641
0.000945,1408,495,1065,22,0.9846153846153847,0.9846153846153847,0.6826923076923077,0.015384615384615385,0.3173076923076923,0.3173076923076923
0.000951,1408,496,1064,22,0.9846153846153847,0.9846153846153847,0.6820512820512821,0.015384615384615385,0.31794871794871793,0.31794871794871793
0.000954,1408,497,1063,22,0.9846153846153847,0.9846153846153847,0.6814102564102564,0.015384615384615385,0.31858974358974357,0.31858974358974357
0.000955,1408,499,1061,22,0.9846153846153847,0.9846153846153847,0.6801282051282052,0.015384615384615385,0.31987179487179485,0.31987179487179485
0.000958,1408,500,1060,22,0.9846153846153847,0.9846153846153847,0.6794871794871795,0.015384615384615385,0.32051282051282054,0.32051282051282054
0.000962,1408,501,1059,22,0.9846153846153847,0.9846153846153847,0.6788461538461539,0.015384615384615385,0.3211538461538462,0.3211538461538462
0.000963,1408,504,1056,22,0.9846153846153847,0.9846153846153847,0.676923076923077,0.015384615384615385,0.3230769230769231,0.3230769230769231
0.000965,1407,504,1056,23,0.9839160839160839,0.9839160839160839,0.676923076923077,0.016083916083916083,0.3230769230769231,0.3230769230769231
0.00097,1407,506,1054,23,0.9839160839160839,0.9839160839160839,0.6756410256410257,0.016083916083916083,0.3243589743589744,0.3243589743589744
0.000972,1407,507,1053,23,0.9839160839160839,0.9839160839160839,0.675,0.016083916083916083,0.325,0.325
0.000973,1407,508,1052,23,0.9839160839160839,0.9839160839160839,0.6743589743589744,0.016083916083916083,0.32564102564102565,0.32564102564102565
0.000982,1407,509,1051,23,0.9839160839160839,0.9839160839160839,0.6737179487179488,0.016083916083916083,0.3262820512820513,0.3262820512820513
0.001005,1407,510,1050,23,0.9839160839160839,0.9839160839160839,0.6730769230769231,0.016083916083916083,0.3269230769230769,0.3269230769230769
0.001014,1406,510,1050,24,0.9832167832167832,0.9832167832167832,0.6730769230769231,0.016783216783216783,0.3269230769230769,0.3269230769230769
0.001016,1406,512,1048,24,0.9832167832167832,0.9832167832167832,0.6717948717948717,0.016783216783216783,0.3282051282051282,0.3282051282051282
0.001018,1406,513,1047,24,0.9832167832167832,0.9832167832167832,0.6711538461538461,0.016783216783216783,0.32884615384615384,0.32884615384615384
0.001026,1406,514,1046,24,0.9832167832167832,0.9832167832167832,0.6705128205128205,0.016783216783216783,0.3294871794871795,0.3294871794871795
0.001032,1406,515,1045,24,0.9832167832167832,0.9832167832167832,0.6698717948717948,0.016783216783216783,0.3301282051282051,0.3301282051282051
0.001041,1406,516,1044,24,0.9832167832167832,0.9832167832167832,0.6692307692307692,0.016783216783216783,0.33076923076923076,0.33076923076923076
0.001046,1406,517,1043,24,0.9832167832167832,0.9832167832167832,0.6685897435897435,0.016783216783216783,0.3314102564102564,0.3314102564102564
0.00105,1406,518,1042,24,0.9832167832167832,0.9832167832167832,0.6679487179487179,0.016783216783216783,0.33205128205128204,0.33205128205128204
0.001052,1406,520,1040,24,0.9832167832167832,0.9832167832167832,0.6666666666666666,0.016783216783216783,0.3333333333333333,0.3333333333333333
0.001054,1406,521,1039,24,0.9832167832167832,0.9832167832167832,0.666025641025641,0.016783216783216783,0.33397435897435895,0.33397435897435895
0.001058,1405,522,1038,25,0.9825174825174825,0.9825174825174825,0.6653846153846154,0.017482517482517484,0.3346153846153846,0.3346153846153846
0.001059,1405,523,1037,25,0.9825174825174825,0.9825174825174825,0.6647435897435897,0.017482517482517484,0.33525641025641023,0.33525641025641023
0.001062,1405,524,1036,25,0.9825174825174825,0.9825174825174825,0.6641025641025641,0.017482517482517484,0.33589743589743587,0.33589743589743587
0.001075,1405,525,1035,25,0.9825174825174825,0.9825174825174825,0.6634615384615384,0.017482517482517484,0.33653846153846156,0.33653846153846156
0.001083,1404,525,1035,26,0.9818181818181818,0.9818181818181818,0.6634615384615384,0.01818181818181818,0.33653846153846156,0.33653846153846156
0.001088,1404,526,1034,26,0.9818181818181818,0.9818181818181818,0.6628205128205128,0.01818181818181818,0.3371794871794872,0.3371794871794872
0.001089,1404,527,1033,26,0.9818181818181818,0.9818181818181818,0.6621794871794872,0.01818181818181818,0.33782051282051284,0.33782051282051284
0.001095,1404,528,1032,26,0.9818181818181818,0.9818181818181818,0.6615384615384615,0.01818181818181818,0.3384615384615385,0.3384615384615385
0.001096,1404,529,1031,26,0.9818181818181818,0.9818181818181818,0.6608974358974359,0.01818181818181818,0.3391025641025641,0.3391025641025641
0.001103,1404,530,1030,26,0.9818181818181818,0.9818181818181818,0.6602564102564102,0.01818181818181818,0.33974358974358976,0.33974358974358976
0.001104,1404,531,1029,26,0.9818181818181818,0.9818181818181818,0.6596153846153846,0.01818181818181818,0.3403846153846154,0.3403846153846154
0.001107,1404,532,1028,26,0.9818181818181818,0.9818181818181818,0.658974358974359,0.01818181818181818,0.34102564102564104,0.34102564102564104
0.00111,1404,534,1026,26,0.9818181818181818,0.9818181818181818,0.6576923076923077,0.01818181818181818,0.3423076923076923,0.3423076923076923
0.001111,1404,535,1025,26,0.9818181818181818,0.9818181818181818,0.657051282051282,0.01818181818181818,0.34294871794871795,0.34294871794871795
0.001112,1404,536,1024,26,0.9818181818181818,0.9818181818181818,0.6564102564102564,0.01818181818181818,0.3435897435897436,0.3435897435897436
0.001114,1404,537,1023,26,0.9818181818181818,0.9818181818181818,0.6557692307692308,0.01818181818181818,0.34423076923076923,0.34423076923076923
0.001115,1403,537,1023,27,0.9811188811188811,0.9811188811188811,0.6557692307692308,0.01888111888111888,0.34423076923076923,0.34423076923076923
0.001116,1403,538,1022,27,0.9811188811188811,0.9811188811188811,0.6551282051282051,0.01888111888111888,0.34487179487179487,0.34487179487179487
0.001121,1403,539,1021,27,0.9811188811188811,0.9811188811188811,0.6544871794871795,0.01888111888111888,0.3455128205128205,0.3455128205128205
0.001125,1402,539,1021,28,0.9804195804195804,0.9804195804195804,0.6544871794871795,0.019580419580419582,0.3455128205128205,0.3455128205128205
0.001126,1402,540,1020,28,0.9804195804195804,0.9804195804195804,0.6538461538461539,0.019580419580419582,0.34615384615384615,0.34615384615384615
0.001127,1401,540,1020,29,0.9797202797202798,0.9797202797202798,0.6538461538461539,0.02027972027972028,0.34615384615384615,0.34615384615384615
0.00113,1401,541,1019,29,0.9797202797202798,0.9797202797202798,0.6532051282051282,0.02027972027972028,0.3467948717948718,0.3467948717948718
0.001133,1401,543,1017,29,0.9797202797202798,0.9797202797202798,0.6519230769230769,0.02027972027972028,0.34807692307692306,0.34807692307692306
0.001134,1401,544,1016,29,0.9797202797202798,0.9797202797202798,0.6512820512820513,0.02027972027972028,0.3487179487179487,0.3487179487179487
0.001142,1401,545,1015,29,0.9797202797202798,0.9797202797202798,0.6506410256410257,0.02027972027972028,0.34935897435897434,0.34935897435897434
0.001153,1401,546,1014,29,0.9797202797202798,0.9797202797202798,0.65,0.02027972027972028,0.35,0.35
0.00117,1401,547,1013,29,0.9797202797202798,0.9797202797202798,0.6493589743589744,0.02027972027972028,0.3506410256410256,0.3506410256410256
0.001179,1400,547,1013,30,0.9790209790209791,0.9790209790209791,0.6493589743589744,0.02097902097902098,0.3506410256410256,0.3506410256410256
0.001188,1400,548,1012,30,0.9790209790209791,0.9790209790209791,0.6487179487179487,0.02097902097902098,0.35128205128205126,0.35128205128205126
0.001189,1399,549,1011,31,0.9783216783216783,0.9783216783216783,0.6480769230769231,0.021678321678321677,0.35192307692307695,0.35192307692307695
0.001208,1399,550,1010,31,0.9783216783216783,0.9783216783216783,0.6474358974358975,0.021678321678321677,0.3525641025641026,0.3525641025641026
0.001222,1399,551,1009,31,0.9783216783216783,0.9783216783216783,0.6467948717948718,0.021678321678321677,0.3532051282051282,0.3532051282051282
0.001232,1399,552,1008,31,0.9783216783216783,0.9783216783216783,0.6461538461538462,0.021678321678321677,0.35384615384615387,0.35384615384615387
0.001236,1399,553,1007,31,0.9783216783216783,0.9783216783216783,0.6455128205128206,0.021678321678321677,0.3544871794871795,0.3544871794871795
0.001256,1399,554,1006,31,0.9783216783216783,0.9783216783216783,0.6448717948717949,0.021678321678321677,0.35512820512820514,0.35512820512820514
0.001259,1399,555,1005,31,0.9783216783216783,0.9783216783216783,0.6442307692307693,0.021678321678321677,0.3557692307692308,0.3557692307692308
0.001261,1399,556,1004,31,0.9783216783216783,0.9783216783216783,0.6435897435897436,0.021678321678321677,0.3564102564102564,0.3564102564102564
0.001263,1399,557,1003,31,0.9783216783216783,0.9783216783216783,0.642948717948718,0.021678321678321677,0.35705128205128206,0.35705128205128206
0.001284,1399,558,1002,31,0.9783216783216783,0.9783216783216783,0.6423076923076924,0.021678321678321677,0.3576923076923077,0.3576923076923077
0.00129,1399,560,1000,31,0.9783216783216783,0.9783216783216783,0.6410256410256411,0.021678321678321677,0.358974358974359,0.358974358974359
0.001304,1399,561,999,31,0.9783216783216783,0.9783216783216783,0.6403846153846153,0.021678321678321677,0.3596153846153846,0.3596153846153846
0.001311,1399,562,998,31,0.9783216783216783,0.9783216783216783,0.6397435897435897,0.021678321678321677,0.36025641025641025,0.36025641025641025
0.00135,1398,562,998,32,0.9776223776223776,0.9776223776223776,0.6397435897435897,0.022377622377622378,0.36025641025641025,0.36025641025641025
0.001353,1397,562,998,33,0.9769230769230769,0.9769230769230769,0.6397435897435897,0.023076923076923078,0.36025641025641025,0.36025641025641025
0.001399,1397,563,997,33,0.9769230769230769,0.9769230769230769,0.639102564102564,0.023076923076923078,0.3608974358974359,0.3608974358974359
0.001412,1397,564,996,33,0.9769230769230769,0.9769230769230769,0.6384615384615384,0.023076923076923078,0.36153846153846153,0.36153846153846153
0.00142,1396,564,996,34,0.9762237762237762,0.9762237762237762,0.6384615384615384,0.023776223776223775,0.36153846153846153,0.36153846153846153
0.001425,1396,565,995,34,0.9762237762237762,0.9762237762237762,0.6378205128205128,0.023776223776223775,0.36217948717948717,0.36217948717948717
0.001435,1395,565,995,35,0.9755244755244755,0.9755244755244755,0.6378205128205128,0.024475524475524476,0.36217948717948717,0.36217948717948717
0.001546,1395,566,994,35,0.9755244755244755,0.9755244755244755,0.6371794871794871,0.024475524475524476,0.3628205128205128,0.3628205128205128
0.00156,1395,567,993,35,0.9755244755244755,0.9755244755244755,0.6365384615384615,0.024475524475524476,0.36346153846153845,0.36346153846153845
0.001618,1395,568,992,35,0.9755244755244755,0.9755244755244755,0.6358974358974359,0.024475524475524476,0.3641025641025641,0.3641025641025641
0.001629,1395,569,991,35,0.9755244755244755,0.9755244755244755,0.6352564102564102,0.024475524475524476,0.3647435897435897,0.3647435897435897
0.001639,1395,570,990,35,0.9755244755244755,0.9755244755244755,0.6346153846153846,0.024475524475524476,0.36538461538461536,0.36538461538461536
0.001653,1395,571,989,35,0.9755244755244755,0.9755244755244755,0.6339743589743589,0.024475524475524476,0.366025641025641,0.366025641025641
0.001794,1395,572,988,35,0.9755244755244755,0.9755244755244755,0.6333333333333333,0.024475524475524476,0.36666666666666664,0.36666666666666664
0.001842,1395,573,987,35,0.9755244755244755,0.9755244755244755,0.6326923076923077,0.024475524475524476,0.36730769230769234,0.36730769230769234
0.00185,1395,574,986,35,0.9755244755244755,0.9755244755244755,0.632051282051282,0.024475524475524476,0.367948717948718,0.367948717948718
0.001854,1395,575,985,35,0.9755244755244755,0.9755244755244755,0.6314102564102564,0.024475524475524476,0.3685897435897436,0.3685897435897436
0.001876,1395,576,984,35,0.9755244755244755,0.9755244755244755,0.6307692307692307,0.024475524475524476,0.36923076923076925,0.36923076923076925
0.001885,1395,577,983,35,0.9755244755244755,0.9755244755244755,0.6301282051282051,0.024475524475524476,0.3698717948717949,0.3698717948717949
0.001889,1395,578,982,35,0.9755244755244755,0.9755244755244755,0.6294871794871795,0.024475524475524476,0.37051282051282053,0.37051282051282053
0.001896,1395,580,980,35,0.9755244755244755,0.9755244755244755,0.6282051282051282,0.024475524475524476,0.3717948717948718,0.3717948717948718
0.001905,1395,581,979,35,0.9755244755244755,0.9755244755244755,0.6275641025641026,0.024475524475524476,0.37243589743589745,0.37243589743589745
0.001908,1394,581,979,36,0.9748251748251748,0.9748251748251748,0.6275641025641026,0.025174825174825177,0.37243589743589745,0.37243589743589745
0.001925,1393,581,979,37,0.9741258741258741,0.9741258741258741,0.6275641025641026,0.025874125874125874,0.37243589743589745,0.37243589743589745
0.001927,1393,582,978,37,0.9741258741258741,0.9741258741258741,0.6269230769230769,0.025874125874125874,0.3730769230769231,0.3730769230769231
0.001929,1393,583,977,37,0.9741258741258741,0.9741258741258741,0.6262820512820513,0.025874125874125874,0.3737179487179487,0.3737179487179487
0.001931,1393,584,976,37,0.9741258741258741,0.9741258741258741,0.6256410256410256,0.025874125874125874,0.37435897435897436,0.37435897435897436
0.001936,1393,585,975,37,0.9741258741258741,0.9741258741258741,0.625,0.025874125874125874,0.375,0.375
0.001946,1393,586,974,37,0.9741258741258741,0.9741258741258741,0.6243589743589744,0.025874125874125874,0.37564102564102564,0.37564102564102564
0.001951,1393,588,972,37,0.9741258741258741,0.9741258741258741,0.6230769230769231,0.025874125874125874,0.3769230769230769,0.3769230769230769
0.001957,1393,589,971,37,0.9741258741258741,0.9741258741258741,0.6224358974358974,0.025874125874125874,0.37756410256410255,0.37756410256410255
0.001963,1393,590,970,37,0.9741258741258741,0.9741258741258741,0.6217948717948718,0.025874125874125874,0.3782051282051282,0.3782051282051282
0.001967,1392,590,970,38,0.9734265734265735,0.9734265734265735,0.6217948717948718,0.026573426573426574,0.3782051282051282,0.3782051282051282
0.00197,1392,591,969,38,0.9734265734265735,0.9734265734265735,0.6211538461538462,0.026573426573426574,0.37884615384615383,0.37884615384615383
0.001974,1392,592,968,38,0.9734265734265735,0.9734265734265735,0.6205128205128205,0.026573426573426574,0.37948717948717947,0.37948717948717947
0.001988,1392,594,966,38,0.9734265734265735,0.9734265734265735,0.6192307692307693,0.026573426573426574,0.38076923076923075,0.38076923076923075
0.002026,1392,595,965,38,0.9734265734265735,0.9734265734265735,0.6185897435897436,0.026573426573426574,0.3814102564102564,0.3814102564102564
0.002047,1392,596,964,38,0.9734265734265735,0.9734265734265735,0.617948717948718,0.026573426573426574,0.382051282051282,0.382051282051282
0.002088,1391,596,964,39,0.9727272727272728,0.9727272727272728,0.617948717948718,0.02727272727272727,0.382051282051282,0.382051282051282
0.002101,1391,597,963,39,0.9727272727272728,0.9727272727272728,0.6173076923076923,0.02727272727272727,0.38269230769230766,0.38269230769230766
0.002112,1390,597,963,40,0.972027972027972,0.972027972027972,0.6173076923076923,0.027972027972027972,0.38269230769230766,0.38269230769230766
0.002119,1390,598,962,40,0.972027972027972,0.972027972027972,0.6166666666666667,0.027972027972027972,0.38333333333333336,0.38333333333333336
0.002123,1389,599,961,41,0.9713286713286713,0.9713286713286713,0.6160256410256411,0.028671328671328673,0.383974358974359,0.383974358974359
0.002125,1389,600,960,41,0.9713286713286713,0.9713286713286713,0.6153846153846154,0.028671328671328673,0.38461538461538464,0.38461538461538464
0.002134,1388,601,959,42,0.9706293706293706,0.9706293706293706,0.6147435897435898,0.02937062937062937,0.3852564102564103,0.3852564102564103
0.002137,1388,602,958,42,0.9706293706293706,0.9706293706293706,0.6141025641025641,0.02937062937062937,0.3858974358974359,0.3858974358974359
0.002148,1388,604,956,42,0.9706293706293706,0.9706293706293706,0.6128205128205129,0.02937062937062937,0.3871794871794872,0.3871794871794872
0.002195,1387,604,956,43,0.9699300699300699,0.9699300699300699,0.6128205128205129,0.03006993006993007,0.3871794871794872,0.3871794871794872
0.002212,1386,604,956,44,0.9692307692307692,0.9692307692307692,0.6128205128205129,0.03076923076923077,0.3871794871794872,0.3871794871794872
0.002227,1386,605,955,44,0.9692307692307692,0.9692307692307692,0.6121794871794872,0.03076923076923077,0.38782051282051283,0.38782051282051283
0.00223,1385,605,955,45,0.9685314685314685,0.9685314685314685,0.6121794871794872,0.03146853146853147,0.38782051282051283,0.38782051282051283
0.002291,1385,606,954,45,0.9685314685314685,0.9685314685314685,0.6115384615384616,0.03146853146853147,0.38846153846153847,0.38846153846153847
0.002296,1385,607,953,45,0.9685314685314685,0.9685314685314685,0.610897435897436,0.03146853146853147,0.3891025641025641,0.3891025641025641
0.002307,1385,608,952,45,0.9685314685314685,0.9685314685314685,0.6102564102564103,0.03146853146853147,0.38974358974358975,0.38974358974358975
0.002317,1385,609,951,45,0.9685314685314685,0.9685314685314685,0.6096153846153847,0.03146853146853147,0.3903846153846154,0.3903846153846154
0.002328,1385,610,950,45,0.9685314685314685,0.9685314685314685,0.6089743589743589,0.03146853146853147,0.391025641025641,0.391025641025641
0.002347,1385,611,949,45,0.9685314685314685,0.9685314685314685,0.6083333333333333,0.03146853146853147,0.39166666666666666,0.39166666666666666
0.002445,1384,611,949,46,0.9678321678321679,0.9678321678321679,0.6083333333333333,0.032167832167832165,0.39166666666666666,0.39166666666666666
0.002522,1384,612,948,46,0.9678321678321679,0.9678321678321679,0.6076923076923076,0.032167832167832165,0.3923076923076923,0.3923076923076923
0.002574,1384,613,947,46,0.9678321678321679,0.9678321678321679,0.607051282051282,0.032167832167832165,0.39294871794871794,0.39294871794871794
0.002577,1384,614,946,46,0.9678321678321679,0.9678321678321679,0.6064102564102564,0.032167832167832165,0.3935897435897436,0.3935897435897436
0.002611,1384,615,945,46,0.9678321678321679,0.9678321678321679,0.6057692307692307,0.032167832167832165,0.3942307692307692,0.3942307692307692
0.002695,1383,615,945,47,0.9671328671328672,0.9671328671328672,0.6057692307692307,0.032867132867132866,0.3942307692307692,0.3942307692307692
0.002721,1383,616,944,47,0.9671328671328672,0.9671328671328672,0.6051282051282051,0.032867132867132866,0.39487179487179486,0.39487179487179486
0.002725,1383,617,943,47,0.9671328671328672,0.9671328671328672,0.6044871794871794,0.032867132867132866,0.3955128205128205,0.3955128205128205
0.002742,1383,618,942,47,0.9671328671328672,0.9671328671328672,0.6038461538461538,0.032867132867132866,0.39615384615384613,0.39615384615384613
0.002755,1383,619,941,47,0.9671328671328672,0.9671328671328672,0.6032051282051282,0.032867132867132866,0.3967948717948718,0.3967948717948718
0.002788,1382,619,941,48,0.9664335664335665,0.9664335664335665,0.6032051282051282,0.033566433566433566,0.3967948717948718,0.3967948717948718
0.002791,1382,620,940,48,0.9664335664335665,0.9664335664335665,0.6025641025641025,0.033566433566433566,0.3974358974358974,0.3974358974358974
0.002814,1382,621,939,48,0.9664335664335665,0.9664335664335665,0.6019230769230769,0.033566433566433566,0.39807692307692305,0.39807692307692305
0.002828,1382,622,938,48,0.9664335664335665,0.9664335664335665,0.6012820512820513,0.033566433566433566,0.39871794871794874,0.39871794871794874
0.002833,1381,622,938,49,0.9657342657342657,0.9657342657342657,0.6012820512820513,0.03426573426573427,0.39871794871794874,0.39871794871794874
0.002865,1380,622,938,50,0.965034965034965,0.965034965034965,0.6012820512820513,0.03496503496503497,0.39871794871794874,0.39871794871794874
0.002868,1380,623,937,50,0.965034965034965,0.965034965034965,0.6006410256410256,0.03496503496503497,0.3993589743589744,0.3993589743589744
0.002871,1380,624,936,50,0.965034965034965,0.965034965034965,0.6,0.03496503496503497,0.4,0.4
0.002874,1380,626,934,50,0.965034965034965,0.965034965034965,0.5987179487179487,0.03496503496503497,0.4012820512820513,0.4012820512820513
0.002882,1380,628,932,50,0.965034965034965,0.965034965034965,0.5974358974358974,0.03496503496503497,0.4025641025641026,0.4025641025641026
0.00291,1380,629,931,50,0.965034965034965,0.965034965034965,0.5967948717948718,0.03496503496503497,0.4032051282051282,0.4032051282051282
0.002911,1379,630,930,51,0.9643356643356643,0.9643356643356643,0.5961538461538461,0.03566433566433566,0.40384615384615385,0.40384615384615385
0.002933,1379,631,929,51,0.9643356643356643,0.9643356643356643,0.5955128205128205,0.03566433566433566,0.4044871794871795,0.4044871794871795
0.002967,1378,632,928,52,0.9636363636363636,0.9636363636363636,0.5948717948717949,0.03636363636363636,0.40512820512820513,0.40512820512820513
0.002994,1378,633,927,52,0.9636363636363636,0.9636363636363636,0.5942307692307692,0.03636363636363636,0.40576923076923077,0.40576923076923077
0.003018,1377,634,926,53,0.9629370629370629,0.9629370629370629,0.5935897435897436,0.03706293706293706,0.4064102564102564,0.4064102564102564
0.00304,1376,634,926,54,0.9622377622377623,0.9622377622377623,0.5935897435897436,0.03776223776223776,0.4064102564102564,0.4064102564102564
0.003074,1376,635,925,54,0.9622377622377623,0.9622377622377623,0.592948717948718,0.03776223776223776,0.40705128205128205,0.40705128205128205
0.00308,1376,636,924,54,0.9622377622377623,0.9622377622377623,0.5923076923076923,0.03776223776223776,0.4076923076923077,0.4076923076923077
0.003112,1376,637,923,54,0.9622377622377623,0.9622377622377623,0.5916666666666667,0.03776223776223776,0.4083333333333333,0.4083333333333333
0.003115,1376,638,922,54,0.9622377622377623,0.9622377622377623,0.591025641025641,0.03776223776223776,0.40897435897435896,0.40897435897435896
0.003119,1376,639,921,54,0.9622377622377623,0.9622377622377623,0.5903846153846154,0.03776223776223776,0.4096153846153846,0.4096153846153846
0.003128,1375,639,921,55,0.9615384615384616,0.9615384615384616,0.5903846153846154,0.038461538461538464,0.4096153846153846,0.4096153846153846
0.003132,1374,639,921,56,0.9608391608391609,0.9608391608391609,0.5903846153846154,0.039160839160839164,0.4096153846153846,0.4096153846153846
0.003135,1374,640,920,56,0.9608391608391609,0.9608391608391609,0.5897435897435898,0.039160839160839164,0.41025641025641024,0.41025641025641024
0.003145,1374,641,919,56,0.9608391608391609,0.9608391608391609,0.5891025641025641,0.039160839160839164,0.4108974358974359,0.4108974358974359
0.003151,1374,642,918,56,0.9608391608391609,0.9608391608391609,0.5884615384615385,0.039160839160839164,0.4115384615384615,0.4115384615384615
0.003205,1374,643,917,56,0.9608391608391609,0.9608391608391609,0.5878205128205128,0.039160839160839164,0.41217948717948716,0.41217948717948716
0.003219,1374,644,916,56,0.9608391608391609,0.9608391608391609,0.5871794871794872,0.039160839160839164,0.4128205128205128,0.4128205128205128
0.003241,1374,645,915,56,0.9608391608391609,0.9608391608391609,0.5865384615384616,0.039160839160839164,0.41346153846153844,0.41346153846153844
0.003261,1374,646,914,56,0.9608391608391609,0.9608391608391609,0.5858974358974359,0.039160839160839164,0.41410256410256413,0.41410256410256413
0.003264,1374,647,913,56,0.9608391608391609,0.9608391608391609,0.5852564102564103,0.039160839160839164,0.41474358974358977,0.41474358974358977
0.003279,1374,648,912,56,0.9608391608391609,0.9608391608391609,0.5846153846153846,0.039160839160839164,0.4153846153846154,0.4153846153846154
0.003293,1374,649,911,56,0.9608391608391609,0.9608391608391609,0.583974358974359,0.039160839160839164,0.41602564102564105,0.41602564102564105
0.0033,1373,649,911,57,0.9601398601398602,0.9601398601398602,0.583974358974359,0.03986013986013986,0.41602564102564105,0.41602564102564105
0.003308,1373,650,910,57,0.9601398601398602,0.9601398601398602,0.5833333333333334,0.03986013986013986,0.4166666666666667,0.4166666666666667
0.003311,1372,650,910,58,0.9594405594405594,0.9594405594405594,0.5833333333333334,0.04055944055944056,0.4166666666666667,0.4166666666666667
0.003341,1371,651,909,59,0.9587412587412587,0.9587412587412587,0.5826923076923077,0.04125874125874126,0.4173076923076923,0.4173076923076923
0.003344,1371,652,908,59,0.9587412587412587,0.9587412587412587,0.5820512820512821,0.04125874125874126,0.41794871794871796,0.41794871794871796
0.003352,1371,653,907,59,0.9587412587412587,0.9587412587412587,0.5814102564102565,0.04125874125874126,0.4185897435897436,0.4185897435897436
0.003401,1371,656,904,59,0.9587412587412587,0.9587412587412587,0.5794871794871795,0.04125874125874126,0.4205128205128205,0.4205128205128205
0.003421,1371,657,903,59,0.9587412587412587,0.9587412587412587,0.5788461538461539,0.04125874125874126,0.42115384615384616,0.42115384615384616
0.003552,1370,657,903,60,0.958041958041958,0.958041958041958,0.5788461538461539,0.04195804195804196,0.42115384615384616,0.42115384615384616
0.003559,1370,658,902,60,0.958041958041958,0.958041958041958,0.5782051282051283,0.04195804195804196,0.4217948717948718,0.4217948717948718
0.003589,1370,659,901,60,0.958041958041958,0.958041958041958,0.5775641025641025,0.04195804195804196,0.42243589743589743,0.42243589743589743
0.003606,1370,660,900,60,0.958041958041958,0.958041958041958,0.5769230769230769,0.04195804195804196,0.4230769230769231,0.4230769230769231
0.003607,1370,661,899,60,0.958041958041958,0.958041958041958,0.5762820512820512,0.04195804195804196,0.4237179487179487,0.4237179487179487
0.003653,1370,662,898,60,0.958041958041958,0.958041958041958,0.5756410256410256,0.04195804195804196,0.42435897435897435,0.42435897435897435
0.003656,1370,663,897,60,0.958041958041958,0.958041958041958,0.575,0.04195804195804196,0.425,0.425
0.003663,1369,663,897,61,0.9573426573426573,0.9573426573426573,0.575,0.04265734265734266,0.425,0.425
0.003676,1369,664,896,61,0.9573426573426573,0.9573426573426573,0.5743589743589743,0.04265734265734266,0.4256410256410256,0.4256410256410256
0.00368,1369,665,895,61,0.9573426573426573,0.9573426573426573,0.5737179487179487,0.04265734265734266,0.42628205128205127,0.42628205128205127
0.003681,1369,666,894,61,0.9573426573426573,0.9573426573426573,0.573076923076923,0.04265734265734266,0.4269230769230769,0.4269230769230769
0.003687,1369,668,892,61,0.9573426573426573,0.9573426573426573,0.5717948717948718,0.04265734265734266,0.4282051282051282,0.4282051282051282
0.003704,1369,670,890,61,0.9573426573426573,0.9573426573426573,0.5705128205128205,0.04265734265734266,0.42948717948717946,0.42948717948717946
0.003714,1369,671,889,61,0.9573426573426573,0.9573426573426573,0.5698717948717948,0.04265734265734266,0.43012820512820515,0.43012820512820515
0.003735,1369,672,888,61,0.9573426573426573,0.9573426573426573,0.5692307692307692,0.04265734265734266,0.4307692307692308,0.4307692307692308
0.003741,1369,673,887,61,0.9573426573426573,0.9573426573426573,0.5685897435897436,0.04265734265734266,0.43141025641025643,0.43141025641025643
0.003759,1369,674,886,61,0.9573426573426573,0.9573426573426573,0.5679487179487179,0.04265734265734266,0.43205128205128207,0.43205128205128207
0.003763,1369,675,885,61,0.9573426573426573,0.9573426573426573,0.5673076923076923,0.04265734265734266,0.4326923076923077,0.4326923076923077
0.003777,1369,676,884,61,0.9573426573426573,0.9573426573426573,0.5666666666666667,0.04265734265734266,0.43333333333333335,0.43333333333333335
0.003797,1369,678,882,61,0.9573426573426573,0.9573426573426573,0.5653846153846154,0.04265734265734266,0.4346153846153846,0.4346153846153846
0.003799,1369,679,881,61,0.9573426573426573,0.9573426573426573,0.5647435897435897,0.04265734265734266,0.43525641025641026,0.43525641025641026
0.003802,1368,679,881,62,0.9566433566433566,0.9566433566433566,0.5647435897435897,0.043356643356643354,0.43525641025641026,0.43525641025641026
0.003831,1368,681,879,62,0.9566433566433566,0.9566433566433566,0.5634615384615385,0.043356643356643354,0.43653846153846154,0.43653846153846154
0.003881,1368,682,878,62,0.9566433566433566,0.9566433566433566,0.5628205128205128,0.043356643356643354,0.4371794871794872,0.4371794871794872
0.003895,1368,683,877,62,0.9566433566433566,0.9566433566433566,0.5621794871794872,0.043356643356643354,0.4378205128205128,0.4378205128205128
0.003937,1368,684,876,62,0.9566433566433566,0.9566433566433566,0.5615384615384615,0.043356643356643354,0.43846153846153846,0.43846153846153846
0.003941,1368,685,875,62,0.9566433566433566,0.9566433566433566,0.5608974358974359,0.043356643356643354,0.4391025641025641,0.4391025641025641
0.003984,1368,686,874,62,0.9566433566433566,0.9566433566433566,0.5602564102564103,0.043356643356643354,0.43974358974358974,0.43974358974358974
0.004049,1368,688,872,62,0.9566433566433566,0.9566433566433566,0.558974358974359,0.043356643356643354,0.441025641025641,0.441025641025641
0.004053,1367,688,872,63,0.955944055944056,0.955944055944056,0.558974358974359,0.044055944055944055,0.441025641025641,0.441025641025641
0.004076,1367,690,870,63,0.955944055944056,0.955944055944056,0.5576923076923077,0.044055944055944055,0.4423076923076923,0.4423076923076923
0.004107,1367,691,869,63,0.955944055944056,0.955944055944056,0.5570512820512821,0.044055944055944055,0.44294871794871793,0.44294871794871793
0.004115,1367,692,868,63,0.955944055944056,0.955944055944056,0.5564102564102564,0.044055944055944055,0.44358974358974357,0.44358974358974357
0.004145,1366,692,868,64,0.9552447552447553,0.9552447552447553,0.5564102564102564,0.044755244755244755,0.44358974358974357,0.44358974358974357
0.004171,1365,692,868,65,0.9545454545454546,0.9545454545454546,0.5564102564102564,0.045454545454545456,0.44358974358974357,0.44358974358974357
0.004215,1365,693,867,65,0.9545454545454546,0.9545454545454546,0.5557692307692308,0.045454545454545456,0.4442307692307692,0.4442307692307692
0.004224,1365,696,864,65,0.9545454545454546,0.9545454545454546,0.5538461538461539,0.045454545454545456,0.4461538461538462,0.4461538461538462
0.004292,1365,698,862,65,0.9545454545454546,0.9545454545454546,0.5525641025641026,0.045454545454545456,0.44743589743589746,0.44743589743589746
0.004298,1365,699,861,65,0.9545454545454546,0.9545454545454546,0.551923076923077,0.045454545454545456,0.4480769230769231,0.4480769230769231
0.004334,1365,700,860,65,0.9545454545454546,0.9545454545454546,0.5512820512820513,0.045454545454545456,0.44871794871794873,0.44871794871794873
0.004338,1365,701,859,65,0.9545454545454546,0.9545454545454546,0.5506410256410257,0.045454545454545456,0.4493589743589744,0.4493589743589744
0.004342,1365,702,858,65,0.9545454545454546,0.9545454545454546,0.55,0.045454545454545456,0.45,0.45
0.004353,1364,702,858,66,0.9538461538461539,0.9538461538461539,0.55,0.046153846153846156,0.45,0.45
0.004391,1364,703,857,66,0.9538461538461539,0.9538461538461539,0.5493589743589744,0.046153846153846156,0.45064102564102565,0.45064102564102565
0.004405,1363,703,857,67,0.9531468531468531,0.9531468531468531,0.5493589743589744,0.04685314685314685,0.45064102564102565,0.45064102564102565
0.00442,1363,704,856,67,0.9531468531468531,0.9531468531468531,0.5487179487179488,0.04685314685314685,0.4512820512820513,0.4512820512820513
0.004498,1363,705,855,67,0.9531468531468531,0.9531468531468531,0.5480769230769231,0.04685314685314685,0.4519230769230769,0.4519230769230769
0.004499,1363,706,854,67,0.9531468531468531,0.9531468531468531,0.5474358974358975,0.04685314685314685,0.45256410256410257,0.45256410256410257
0.004515,1363,707,853,67,0.9531468531468531,0.9531468531468531,0.5467948717948717,0.04685314685314685,0.4532051282051282,0.4532051282051282
0.004556,1363,708,852,67,0.9531468531468531,0.9531468531468531,0.5461538461538461,0.04685314685314685,0.45384615384615384,0.45384615384615384
0.004561,1363,709,851,67,0.9531468531468531,0.9531468531468531,0.5455128205128205,0.04685314685314685,0.4544871794871795,0.4544871794871795
0.004582,1362,710,850,68,0.9524475524475524,0.9524475524475524,0.5448717948717948,0.04755244755244755,0.4551282051282051,0.4551282051282051
0.004598,1362,711,849,68,0.9524475524475524,0.9524475524475524,0.5442307692307692,0.04755244755244755,0.45576923076923076,0.45576923076923076
0.004608,1362,712,848,68,0.9524475524475524,0.9524475524475524,0.5435897435897435,0.04755244755244755,0.4564102564102564,0.4564102564102564
0.004615,1362,714,846,68,0.9524475524475524,0.9524475524475524,0.5423076923076923,0.04755244755244755,0.4576923076923077,0.4576923076923077
0.00463,1362,715,845,68,0.9524475524475524,0.9524475524475524,0.5416666666666666,0.04755244755244755,0.4583333333333333,0.4583333333333333
0.004673,1362,716,844,68,0.9524475524475524,0.9524475524475524,0.541025641025641,0.04755244755244755,0.45897435897435895,0.45897435897435895
0.004689,1361,716,844,69,0.9517482517482517,0.9517482517482517,0.541025641025641,0.04825174825174825,0.45897435897435895,0.45897435897435895
0.004704,1361,717,843,69,0.9517482517482517,0.9517482517482517,0.5403846153846154,0.04825174825174825,0.4596153846153846,0.4596153846153846
0.004713,1361,718,842,69,0.9517482517482517,0.9517482517482517,0.5397435897435897,0.04825174825174825,0.46025641025641023,0.46025641025641023
0.004721,1361,719,841,69,0.9517482517482517,0.9517482517482517,0.5391025641025641,0.04825174825174825,0.46089743589743587,0.46089743589743587
0.004773,1361,720,840,69,0.9517482517482517,0.9517482517482517,0.5384615384615384,0.04825174825174825,0.46153846153846156,0.46153846153846156
0.004785,1361,721,839,69,0.9517482517482517,0.9517482517482517,0.5378205128205128,0.04825174825174825,0.4621794871794872,0.4621794871794872
0.004825,1360,721,839,70,0.951048951048951,0.951048951048951,0.5378205128205128,0.04895104895104895,0.4621794871794872,0.4621794871794872
0.004837,1360,722,838,70,0.951048951048951,0.951048951048951,0.5371794871794872,0.04895104895104895,0.46282051282051284,0.46282051282051284
0.004884,1359,723,837,71,0.9503496503496504,0.9503496503496504,0.5365384615384615,0.04965034965034965,0.4634615384615385,0.4634615384615385
0.004894,1358,723,837,72,0.9496503496503497,0.9496503496503497,0.5365384615384615,0.05034965034965035,0.4634615384615385,0.4634615384615385
0.004896,1357,723,837,73,0.948951048951049,0.948951048951049,0.5365384615384615,0.05104895104895105,0.4634615384615385,0.4634615384615385
0.004902,1356,723,837,74,0.9482517482517483,0.9482517482517483,0.5365384615384615,0.05174825174825175,0.4634615384615385,0.4634615384615385
0.004916,1356,724,836,74,0.9482517482517483,0.9482517482517483,0.5358974358974359,0.05174825174825175,0.4641025641025641,0.4641025641025641
0.004926,1355,724,836,75,0.9475524475524476,0.9475524475524476,0.5358974358974359,0.05244755244755245,0.4641025641025641,0.4641025641025641
0.004946,1355,725,835,75,0.9475524475524476,0.9475524475524476,0.5352564102564102,0.05244755244755245,0.46474358974358976,0.46474358974358976
0.00495,1355,726,834,75,0.9475524475524476,0.9475524475524476,0.5346153846153846,0.05244755244755245,0.4653846153846154,0.4653846153846154
0.00503,1355,727,833,75,0.9475524475524476,0.9475524475524476,0.533974358974359,0.05244755244755245,0.46602564102564104,0.46602564102564104
0.005035,1354,727,833,76,0.9468531468531468,0.9468531468531468,0.533974358974359,0.05314685314685315,0.46602564102564104,0.46602564102564104
0.00504,1354,728,832,76,0.9468531468531468,0.9468531468531468,0.5333333333333333,0.05314685314685315,0.4666666666666667,0.4666666666666667
0.005057,1354,729,831,76,0.9468531468531468,0.9468531468531468,0.5326923076923077,0.05314685314685315,0.4673076923076923,0.4673076923076923
0.005063,1354,730,830,76,0.9468531468531468,0.9468531468531468,0.532051282051282,0.05314685314685315,0.46794871794871795,0.46794871794871795
0.005092,1353,730,830,77,0.9461538461538461,0.9461538461538461,0.532051282051282,0.05384615384615385,0.46794871794871795,0.46794871794871795
0.005109,1353,731,829,77,0.9461538461538461,0.9461538461538461,0.5314102564102564,0.05384615384615385,0.4685897435897436,0.4685897435897436
0.005133,1352,731,829,78,0.9454545454545454,0.9454545454545454,0.5314102564102564,0.05454545454545454,0.4685897435897436,0.4685897435897436
0.005241,1352,732,828,78,0.9454545454545454,0.9454545454545454,0.5307692307692308,0.05454545454545454,0.46923076923076923,0.46923076923076923
0.005263,1352,733,827,78,0.9454545454545454,0.9454545454545454,0.5301282051282051,0.05454545454545454,0.46987179487179487,0.46987179487179487
0.005308,1352,734,826,78,0.9454545454545454,0.9454545454545454,0.5294871794871795,0.05454545454545454,0.4705128205128205,0.4705128205128205
0.005313,1352,735,825,78,0.9454545454545454,0.9454545454545454,0.5288461538461539,0.05454545454545454,0.47115384615384615,0.47115384615384615
0.005325,1352,736,824,78,0.9454545454545454,0.9454545454545454,0.5282051282051282,0.05454545454545454,0.4717948717948718,0.4717948717948718
0.005342,1352,737,823,78,0.9454545454545454,0.9454545454545454,0.5275641025641026,0.05454545454545454,0.4724358974358974,0.4724358974358974
0.005357,1352,738,822,78,0.9454545454545454,0.9454545454545454,0.5269230769230769,0.05454545454545454,0.47307692307692306,0.47307692307692306
0.005376,1352,739,821,78,0.9454545454545454,0.9454545454545454,0.5262820512820513,0.05454545454545454,0.4737179487179487,0.4737179487179487
0.0054,1351,739,821,79,0.9447552447552447,0.9447552447552447,0.5262820512820513,0.05524475524475524,0.4737179487179487,0.4737179487179487
0.005413,1350,740,820,80,0.9440559440559441,0.9440559440559441,0.5256410256410257,0.055944055944055944,0.47435897435897434,0.47435897435897434
0.005417,1349,740,820,81,0.9433566433566434,0.9433566433566434,0.5256410256410257,0.056643356643356645,0.47435897435897434,0.47435897435897434
0.00543,1349,742,818,81,0.9433566433566434,0.9433566433566434,0.5243589743589744,0.056643356643356645,0.4756410256410256,0.4756410256410256
0.005479,1349,743,817,81,0.9433566433566434,0.9433566433566434,0.5237179487179487,0.056643356643356645,0.47628205128205126,0.47628205128205126
0.005484,1349,744,816,81,0.9433566433566434,0.9433566433566434,0.5230769230769231,0.056643356643356645,0.47692307692307695,0.47692307692307695
0.005507,1349,745,815,81,0.9433566433566434,0.9433566433566434,0.5224358974358975,0.056643356643356645,0.4775641025641026,0.4775641025641026
0.005574,1349,746,814,81,0.9433566433566434,0.9433566433566434,0.5217948717948718,0.056643356643356645,0.4782051282051282,0.4782051282051282
0.005623,1349,747,813,81,0.9433566433566434,0.9433566433566434,0.5211538461538462,0.056643356643356645,0.47884615384615387,0.47884615384615387
0.005642,1349,748,812,81,0.9433566433566434,0.9433566433566434,0.5205128205128206,0.056643356643356645,0.4794871794871795,0.4794871794871795
0.005655,1349,749,811,81,0.9433566433566434,0.9433566433566434,0.5198717948717949,0.056643356643356645,0.48012820512820514,0.48012820512820514
0.005727,1349,750,810,81,0.9433566433566434,0.9433566433566434,0.5192307692307693,0.056643356643356645,0.4807692307692308,0.4807692307692308
0.005741,1348,750,810,82,0.9426573426573427,0.9426573426573427,0.5192307692307693,0.057342657342657345,0.4807692307692308,0.4807692307692308
0.005753,1348,751,809,82,0.9426573426573427,0.9426573426573427,0.5185897435897436,0.057342657342657345,0.4814102564102564,0.4814102564102564
0.00576,1348,752,808,82,0.9426573426573427,0.9426573426573427,0.517948717948718,0.057342657342657345,0.48205128205128206,0.48205128205128206
0.005775,1348,753,807,82,0.9426573426573427,0.9426573426573427,0.5173076923076924,0.057342657342657345,0.4826923076923077,0.4826923076923077
0.005803,1348,754,806,82,0.9426573426573427,0.9426573426573427,0.5166666666666667,0.057342657342657345,0.48333333333333334,0.48333333333333334
0.005814,1348,755,805,82,0.9426573426573427,0.9426573426573427,0.5160256410256411,0.057342657342657345,0.483974358974359,0.483974358974359
0.005831,1348,756,804,82,0.9426573426573427,0.9426573426573427,0.5153846153846153,0.057342657342657345,0.4846153846153846,0.4846153846153846
0.005859,1347,756,804,83,0.941958041958042,0.941958041958042,0.5153846153846153,0.05804195804195804,0.4846153846153846,0.4846153846153846
0.005882,1347,757,803,83,0.941958041958042,0.941958041958042,0.5147435897435897,0.05804195804195804,0.48525641025641025,0.48525641025641025
0.005888,1347,758,802,83,0.941958041958042,0.941958041958042,0.514102564102564,0.05804195804195804,0.4858974358974359,0.4858974358974359
0.0059,1347,759,801,83,0.941958041958042,0.941958041958042,0.5134615384615384,0.05804195804195804,0.48653846153846153,0.48653846153846153
0.005935,1347,760,800,83,0.941958041958042,0.941958041958042,0.5128205128205128,0.05804195804195804,0.48717948717948717,0.48717948717948717
0.005997,1347,761,799,83,0.941958041958042,0.941958041958042,0.5121794871794871,0.05804195804195804,0.4878205128205128,0.4878205128205128
0.006061,1347,762,798,83,0.941958041958042,0.941958041958042,0.5115384615384615,0.05804195804195804,0.48846153846153845,0.48846153846153845
0.006098,1346,763,797,84,0.9412587412587412,0.9412587412587412,0.5108974358974359,0.05874125874125874,0.4891025641025641,0.4891025641025641
0.00611,1346,764,796,84,0.9412587412587412,0.9412587412587412,0.5102564102564102,0.05874125874125874,0.4897435897435897,0.4897435897435897
0.006126,1346,765,795,84,0.9412587412587412,0.9412587412587412,0.5096153846153846,0.05874125874125874,0.49038461538461536,0.49038461538461536
0.006154,1346,766,794,84,0.9412587412587412,0.9412587412587412,0.5089743589743589,0.05874125874125874,0.491025641025641,0.491025641025641
0.006158,1346,767,793,84,0.9412587412587412,0.9412587412587412,0.5083333333333333,0.05874125874125874,0.49166666666666664,0.49166666666666664
0.006188,1346,768,792,84,0.9412587412587412,0.9412587412587412,0.5076923076923077,0.05874125874125874,0.49230769230769234,0.49230769230769234
0.006196,1346,769,791,84,0.9412587412587412,0.9412587412587412,0.507051282051282,0.05874125874125874,0.492948717948718,0.492948717948718
0.006202,1345,769,791,85,0.9405594405594405,0.9405594405594405,0.507051282051282,0.05944055944055944,0.492948717948718,0.492948717948718
0.006211,1345,770,790,85,0.9405594405594405,0.9405594405594405,0.5064102564102564,0.05944055944055944,0.4935897435897436,0.4935897435897436
0.00625,1345,771,789,85,0.9405594405594405,0.9405594405594405,0.5057692307692307,0.05944055944055944,0.49423076923076925,0.49423076923076925
0.006263,1345,772,788,85,0.9405594405594405,0.9405594405594405,0.5051282051282051,0.05944055944055944,0.4948717948717949,0.4948717948717949
0.006266,1345,773,787,85,0.9405594405594405,0.9405594405594405,0.5044871794871795,0.05944055944055944,0.49551282051282053,0.49551282051282053
0.006289,1345,774,786,85,0.9405594405594405,0.9405594405594405,0.5038461538461538,0.05944055944055944,0.49615384615384617,0.49615384615384617
0.006335,1345,775,785,85,0.9405594405594405,0.9405594405594405,0.5032051282051282,0.05944055944055944,0.4967948717948718,0.4967948717948718
0.006341,1345,776,784,85,0.9405594405594405,0.9405594405594405,0.5025641025641026,0.05944055944055944,0.49743589743589745,0.49743589743589745
0.006352,1345,777,783,85,0.9405594405594405,0.9405594405594405,0.5019230769230769,0.05944055944055944,0.4980769230769231,0.4980769230769231
0.006397,1345,778,782,85,0.9405594405594405,0.9405594405594405,0.5012820512820513,0.05944055944055944,0.4987179487179487,0.4987179487179487
0.006427,1345,779,781,85,0.9405594405594405,0.9405594405594405,0.5006410256410256,0.05944055944055944,0.49935897435897436,0.49935897435897436
0.006438,1345,780,780,85,0.9405594405594405,0.9405594405594405,0.5,0.05944055944055944,0.5,0.5
0.00647,1345,781,779,85,0.9405594405594405,0.9405594405594405,0.49935897435897436,0.05944055944055944,0.5006410256410256,0.5006410256410256
0.006506,1345,782,778,85,0.9405594405594405,0.9405594405594405,0.4987179487179487,0.05944055944055944,0.5012820512820513,0.5012820512820513
0.006557,1345,783,777,85,0.9405594405594405,0.9405594405594405,0.4980769230769231,0.05944055944055944,0.5019230769230769,0.5019230769230769
0.006579,1344,783,777,86,0.9398601398601398,0.9398601398601398,0.4980769230769231,0.06013986013986014,0.5019230769230769,0.5019230769230769
0.006586,1344,785,775,86,0.9398601398601398,0.9398601398601398,0.4967948717948718,0.06013986013986014,0.5032051282051282,0.5032051282051282
0.006591,1343,785,775,87,0.9391608391608391,0.9391608391608391,0.4967948717948718,0.06083916083916084,0.5032051282051282,0.5032051282051282
0.006596,1342,785,775,88,0.9384615384615385,0.9384615384615385,0.4967948717948718,0.06153846153846154,0.5032051282051282,0.5032051282051282
0.00661,1342,786,774,88,0.9384615384615385,0.9384615384615385,0.49615384615384617,0.06153846153846154,0.5038461538461538,0.5038461538461538
0.006623,1342,787,773,88,0.9384615384615385,0.9384615384615385,0.49551282051282053,0.06153846153846154,0.5044871794871795,0.5044871794871795
0.006654,1342,788,772,88,0.9384615384615385,0.9384615384615385,0.4948717948717949,0.06153846153846154,0.5051282051282051,0.5051282051282051
0.006674,1342,789,771,88,0.9384615384615385,0.9384615384615385,0.49423076923076925,0.06153846153846154,0.5057692307692307,0.5057692307692307
0.006689,1342,790,770,88,0.9384615384615385,0.9384615384615385,0.4935897435897436,0.06153846153846154,0.5064102564102564,0.5064102564102564
0.006705,1342,791,769,88,0.9384615384615385,0.9384615384615385,0.492948717948718,0.06153846153846154,0.507051282051282,0.507051282051282
0.006711,1342,792,768,88,0.9384615384615385,0.9384615384615385,0.49230769230769234,0.06153846153846154,0.5076923076923077,0.5076923076923077
0.006749,1341,792,768,89,0.9377622377622378,0.9377622377622378,0.49230769230769234,0.062237762237762236,0.5076923076923077,0.5076923076923077
0.006809,1340,792,768,90,0.9370629370629371,0.9370629370629371,0.49230769230769234,0.06293706293706294,0.5076923076923077,0.5076923076923077
0.006834,1340,793,767,90,0.9370629370629371,0.9370629370629371,0.49166666666666664,0.06293706293706294,0.5083333333333333,0.5083333333333333
0.006857,1339,793,767,91,0.9363636363636364,0.9363636363636364,0.49166666666666664,0.06363636363636363,0.5083333333333333,0.5083333333333333
0.006873,1339,794,766,91,0.9363636363636364,0.9363636363636364,0.491025641025641,0.06363636363636363,0.5089743589743589,0.5089743589743589
0.006883,1339,795,765,91,0.9363636363636364,0.9363636363636364,0.49038461538461536,0.06363636363636363,0.5096153846153846,0.5096153846153846
0.006889,1339,796,764,91,0.9363636363636364,0.9363636363636364,0.4897435897435897,0.06363636363636363,0.5102564102564102,0.5102564102564102
0.007034,1339,798,762,91,0.9363636363636364,0.9363636363636364,0.48846153846153845,0.06363636363636363,0.5115384615384615,0.5115384615384615
0.007092,1339,799,761,91,0.9363636363636364,0.9363636363636364,0.4878205128205128,0.06363636363636363,0.5121794871794871,0.5121794871794871
0.007099,1339,800,760,91,0.9363636363636364,0.9363636363636364,0.48717948717948717,0.06363636363636363,0.5128205128205128,0.5128205128205128
0.007117,1339,801,759,91,0.9363636363636364,0.9363636363636364,0.48653846153846153,0.06363636363636363,0.5134615384615384,0.5134615384615384
0.007126,1339,802,758,91,0.9363636363636364,0.9363636363636364,0.4858974358974359,0.06363636363636363,0.514102564102564,0.514102564102564
0.007255,1338,802,758,92,0.9356643356643357,0.9356643356643357,0.4858974358974359,0.06433566433566433,0.514102564102564,0.514102564102564
0.007308,1338,803,757,92,0.9356643356643357,0.9356643356643357,0.48525641025641025,0.06433566433566433,0.5147435897435897,0.5147435897435897
0.007376,1338,804,756,92,0.9356643356643357,0.9356643356643357,0.4846153846153846,0.06433566433566433,0.5153846153846153,0.5153846153846153
0.007386,1338,806,754,92,0.9356643356643357,0.9356643356643357,0.48333333333333334,0.06433566433566433,0.5166666666666667,0.5166666666666667
0.007389,1338,807,753,92,0.9356643356643357,0.9356643356643357,0.4826923076923077,0.06433566433566433,0.5173076923076924,0.5173076923076924
0.007439,1338,808,752,92,0.9356643356643357,0.9356643356643357,0.48205128205128206,0.06433566433566433,0.517948717948718,0.517948717948718
0.007512,1337,808,752,93,0.9349650349650349,0.9349650349650349,0.48205128205128206,0.06503496503496503,0.517948717948718,0.517948717948718
0.00754,1337,809,751,93,0.9349650349650349,0.9349650349650349,0.4814102564102564,0.06503496503496503,0.5185897435897436,0.5185897435897436
0.007559,1337,810,750,93,0.9349650349650349,0.9349650349650349,0.4807692307692308,0.06503496503496503,0.5192307692307693,0.5192307692307693
0.007576,1337,811,749,93,0.9349650349650349,0.9349650349650349,0.48012820512820514,0.06503496503496503,0.5198717948717949,0.5198717948717949
0.007583,1336,811,749,94,0.9342657342657342,0.9342657342657342,0.48012820512820514,0.06573426573426573,0.5198717948717949,0.5198717948717949
0.007599,1336,812,748,94,0.9342657342657342,0.9342657342657342,0.4794871794871795,0.06573426573426573,0.5205128205128206,0.5205128205128206
0.007744,1336,813,747,94,0.9342657342657342,0.9342657342657342,0.47884615384615387,0.06573426573426573,0.5211538461538462,0.5211538461538462
0.007752,1336,814,746,94,0.9342657342657342,0.9342657342657342,0.4782051282051282,0.06573426573426573,0.5217948717948718,0.5217948717948718
0.007759,1335,814,746,95,0.9335664335664335,0.9335664335664335,0.4782051282051282,0.06643356643356643,0.5217948717948718,0.5217948717948718
0.007821,1335,815,745,95,0.9335664335664335,0.9335664335664335,0.4775641025641026,0.06643356643356643,0.5224358974358975,0.5224358974358975
0.007839,1335,816,744,95,0.9335664335664335,0.9335664335664335,0.47692307692307695,0.06643356643356643,0.5230769230769231,0.5230769230769231
0.007843,1335,817,743,95,0.9335664335664335,0.9335664335664335,0.47628205128205126,0.06643356643356643,0.5237179487179487,0.5237179487179487
0.007874,1335,818,742,95,0.9335664335664335,0.9335664335664335,0.4756410256410256,0.06643356643356643,0.5243589743589744,0.5243589743589744
0.007892,1335,820,740,95,0.9335664335664335,0.9335664335664335,0.47435897435897434,0.06643356643356643,0.5256410256410257,0.5256410256410257
0.007901,1335,821,739,95,0.9335664335664335,0.9335664335664335,0.4737179487179487,0.06643356643356643,0.5262820512820513,0.5262820512820513
0.007937,1335,822,738,95,0.9335664335664335,0.9335664335664335,0.47307692307692306,0.06643356643356643,0.5269230769230769,0.5269230769230769
0.007987,1335,823,737,95,0.9335664335664335,0.9335664335664335,0.4724358974358974,0.06643356643356643,0.5275641025641026,0.5275641025641026
0.008018,1335,824,736,95,0.9335664335664335,0.9335664335664335,0.4717948717948718,0.06643356643356643,0.5282051282051282,0.5282051282051282
0.008056,1335,825,735,95,0.9335664335664335,0.9335664335664335,0.47115384615384615,0.06643356643356643,0.5288461538461539,0.5288461538461539
0.008065,1335,826,734,95,0.9335664335664335,0.9335664335664335,0.4705128205128205,0.06643356643356643,0.5294871794871795,0.5294871794871795
0.008092,1335,828,732,95,0.9335664335664335,0.9335664335664335,0.46923076923076923,0.06643356643356643,0.5307692307692308,0.5307692307692308
0.008114,1334,828,732,96,0.9328671328671329,0.9328671328671329,0.46923076923076923,0.06713286713286713,0.5307692307692308,0.5307692307692308
0.008168,1334,829,731,96,0.9328671328671329,0.9328671328671329,0.4685897435897436,0.06713286713286713,0.5314102564102564,0.5314102564102564
0.008227,1334,830,730,96,0.9328671328671329,0.9328671328671329,0.46794871794871795,0.06713286713286713,0.532051282051282,0.532051282051282
0.00829,1334,831,729,96,0.9328671328671329,0.9328671328671329,0.4673076923076923,0.06713286713286713,0.5326923076923077,0.5326923076923077
0.008351,1334,832,728,96,0.9328671328671329,0.9328671328671329,0.4666666666666667,0.06713286713286713,0.5333333333333333,0.5333333333333333
0.00838,1333,832,728,97,0.9321678321678322,0.9321678321678322,0.4666666666666667,0.06783216783216783,0.5333333333333333,0.5333333333333333
0.008448,1333,833,727,97,0.9321678321678322,0.9321678321678322,0.46602564102564104,0.06783216783216783,0.533974358974359,0.533974358974359
0.008475,1333,834,726,97,0.9321678321678322,0.9321678321678322,0.4653846153846154,0.06783216783216783,0.5346153846153846,0.5346153846153846
0.008529,1333,836,724,97,0.9321678321678322,0.9321678321678322,0.4641025641025641,0.06783216783216783,0.5358974358974359,0.5358974358974359
0.008547,1333,838,722,97,0.9321678321678322,0.9321678321678322,0.46282051282051284,0.06783216783216783,0.5371794871794872,0.5371794871794872
0.008563,1333,839,721,97,0.9321678321678322,0.9321678321678322,0.4621794871794872,0.06783216783216783,0.5378205128205128,0.5378205128205128
0.008584,1333,840,720,97,0.9321678321678322,0.9321678321678322,0.46153846153846156,0.06783216783216783,0.5384615384615384,0.5384615384615384
0.008677,1333,841,719,97,0.9321678321678322,0.9321678321678322,0.46089743589743587,0.06783216783216783,0.5391025641025641,0.5391025641025641
0.008705,1333,842,718,97,0.9321678321678322,0.9321678321678322,0.46025641025641023,0.06783216783216783,0.5397435897435897,0.5397435897435897
0.008734,1333,843,717,97,0.9321678321678322,0.9321678321678322,0.4596153846153846,0.06783216783216783,0.5403846153846154,0.5403846153846154
0.008785,1333,844,716,97,0.9321678321678322,0.9321678321678322,0.45897435897435895,0.06783216783216783,0.541025641025641,0.541025641025641
0.008791,1333,845,715,97,0.9321678321678322,0.9321678321678322,0.4583333333333333,0.06783216783216783,0.5416666666666666,0.5416666666666666
0.008824,1332,845,715,98,0.9314685314685315,0.9314685314685315,0.4583333333333333,0.06853146853146853,0.5416666666666666,0.5416666666666666
0.008826,1332,846,714,98,0.9314685314685315,0.9314685314685315,0.4576923076923077,0.06853146853146853,0.5423076923076923,0.5423076923076923
0.008929,1332,847,713,98,0.9314685314685315,0.9314685314685315,0.45705128205128204,0.06853146853146853,0.5429487179487179,0.5429487179487179
0.008951,1331,849,711,99,0.9307692307692308,0.9307692307692308,0.45576923076923076,0.06923076923076923,0.5442307692307692,0.5442307692307692
0.008969,1331,850,710,99,0.9307692307692308,0.9307692307692308,0.4551282051282051,0.06923076923076923,0.5448717948717948,0.5448717948717948
0.009009,1331,851,709,99,0.9307692307692308,0.9307692307692308,0.4544871794871795,0.06923076923076923,0.5455128205128205,0.5455128205128205
0.009074,1331,852,708,99,0.9307692307692308,0.9307692307692308,0.45384615384615384,0.06923076923076923,0.5461538461538461,0.5461538461538461
0.009082,1331,853,707,99,0.9307692307692308,0.9307692307692308,0.4532051282051282,0.06923076923076923,0.5467948717948717,0.5467948717948717
0.009132,1331,854,706,99,0.9307692307692308,0.9307692307692308,0.45256410256410257,0.06923076923076923,0.5474358974358975,0.5474358974358975
0.009191,1331,855,705,99,0.9307692307692308,0.9307692307692308,0.4519230769230769,0.06923076923076923,0.5480769230769231,0.5480769230769231
0.009238,1331,856,704,99,0.9307692307692308,0.9307692307692308,0.4512820512820513,0.06923076923076923,0.5487179487179488,0.5487179487179488
0.009285,1331,857,703,99,0.9307692307692308,0.9307692307692308,0.45064102564102565,0.06923076923076923,0.5493589743589744,0.5493589743589744
0.009336,1331,858,702,99,0.9307692307692308,0.9307692307692308,0.45,0.06923076923076923,0.55,0.55
0.009425,1331,859,701,99,0.9307692307692308,0.9307692307692308,0.4493589743589744,0.06923076923076923,0.5506410256410257,0.5506410256410257
0.009454,1331,860,700,99,0.9307692307692308,0.9307692307692308,0.44871794871794873,0.06923076923076923,0.5512820512820513,0.5512820512820513
0.009467,1331,861,699,99,0.9307692307692308,0.9307692307692308,0.4480769230769231,0.06923076923076923,0.551923076923077,0.551923076923077
0.009497,1331,862,698,99,0.9307692307692308,0.9307692307692308,0.44743589743589746,0.06923076923076923,0.5525641025641026,0.5525641025641026
0.009506,1331,863,697,99,0.9307692307692308,0.9307692307692308,0.4467948717948718,0.06923076923076923,0.5532051282051282,0.5532051282051282
0.009533,1331,864,696,99,0.9307692307692308,0.9307692307692308,0.4461538461538462,0.06923076923076923,0.5538461538461539,0.5538461538461539
0.009534,1330,864,696,100,0.9300699300699301,0.9300699300699301,0.4461538461538462,0.06993006993006994,0.5538461538461539,0.5538461538461539
0.009698,1330,865,695,100,0.9300699300699301,0.9300699300699301,0.44551282051282054,0.06993006993006994,0.5544871794871795,0.5544871794871795
0.009709,1330,866,694,100,0.9300699300699301,0.9300699300699301,0.44487179487179485,0.06993006993006994,0.5551282051282052,0.5551282051282052
0.009732,1330,867,693,100,0.9300699300699301,0.9300699300699301,0.4442307692307692,0.06993006993006994,0.5557692307692308,0.5557692307692308
0.009756,1330,868,692,100,0.9300699300699301,0.9300699300699301,0.44358974358974357,0.06993006993006994,0.5564102564102564,0.5564102564102564
0.009766,1330,869,691,100,0.9300699300699301,0.9300699300699301,0.44294871794871793,0.06993006993006994,0.5570512820512821,0.5570512820512821
0.009772,1330,870,690,100,0.9300699300699301,0.9300699300699301,0.4423076923076923,0.06993006993006994,0.5576923076923077,0.5576923076923077
0.009792,1330,871,689,100,0.9300699300699301,0.9300699300699301,0.44166666666666665,0.06993006993006994,0.5583333333333333,0.5583333333333333
0.009858,1329,871,689,101,0.9293706293706294,0.9293706293706294,0.44166666666666665,0.07062937062937064,0.5583333333333333,0.5583333333333333
0.009864,1328,871,689,102,0.9286713286713286,0.9286713286713286,0.44166666666666665,0.07132867132867132,0.5583333333333333,0.5583333333333333
0.009938,1328,872,688,102,0.9286713286713286,0.9286713286713286,0.441025641025641,0.07132867132867132,0.558974358974359,0.558974358974359
0.009946,1327,872,688,103,0.9279720279720279,0.9279720279720279,0.441025641025641,0.07202797202797202,0.558974358974359,0.558974358974359
0.00997,1327,873,687,103,0.9279720279720279,0.9279720279720279,0.4403846153846154,0.07202797202797202,0.5596153846153846,0.5596153846153846
0.009989,1327,874,686,103,0.9279720279720279,0.9279720279720279,0.43974358974358974,0.07202797202797202,0.5602564102564103,0.5602564102564103
0.010011,1327,875,685,103,0.9279720279720279,0.9279720279720279,0.4391025641025641,0.07202797202797202,0.5608974358974359,0.5608974358974359
0.01005,1327,876,684,103,0.9279720279720279,0.9279720279720279,0.43846153846153846,0.07202797202797202,0.5615384615384615,0.5615384615384615
0.01013,1327,877,683,103,0.9279720279720279,0.9279720279720279,0.4378205128205128,0.07202797202797202,0.5621794871794872,0.5621794871794872
0.010142,1326,877,683,104,0.9272727272727272,0.9272727272727272,0.4378205128205128,0.07272727272727272,0.5621794871794872,0.5621794871794872
0.010163,1326,878,682,104,0.9272727272727272,0.9272727272727272,0.4371794871794872,0.07272727272727272,0.5628205128205128,0.5628205128205128
0.010166,1326,879,681,104,0.9272727272727272,0.9272727272727272,0.43653846153846154,0.07272727272727272,0.5634615384615385,0.5634615384615385
0.010185,1326,880,680,104,0.9272727272727272,0.9272727272727272,0.4358974358974359,0.07272727272727272,0.5641025641025641,0.5641025641025641
0.010225,1326,881,679,104,0.9272727272727272,0.9272727272727272,0.43525641025641026,0.07272727272727272,0.5647435897435897,0.5647435897435897
0.010235,1326,882,678,104,0.9272727272727272,0.9272727272727272,0.4346153846153846,0.07272727272727272,0.5653846153846154,0.5653846153846154
0.010242,1326,883,677,104,0.9272727272727272,0.9272727272727272,0.433974358974359,0.07272727272727272,0.566025641025641,0.566025641025641
0.010297,1326,884,676,104,0.9272727272727272,0.9272727272727272,0.43333333333333335,0.07272727272727272,0.5666666666666667,0.5666666666666667
0.010319,1326,885,675,104,0.9272727272727272,0.9272727272727272,0.4326923076923077,0.07272727272727272,0.5673076923076923,0.5673076923076923
0.010323,1326,886,674,104,0.9272727272727272,0.9272727272727272,0.43205128205128207,0.07272727272727272,0.5679487179487179,0.5679487179487179
0.010407,1325,886,674,105,0.9265734265734266,0.9265734265734266,0.43205128205128207,0.07342657342657342,0.5679487179487179,0.5679487179487179
0.010417,1324,886,674,106,0.9258741258741259,0.9258741258741259,0.43205128205128207,0.07412587412587412,0.5679487179487179,0.5679487179487179
0.01046,1324,887,673,106,0.9258741258741259,0.9258741258741259,0.43141025641025643,0.07412587412587412,0.5685897435897436,0.5685897435897436
0.010486,1324,888,672,106,0.9258741258741259,0.9258741258741259,0.4307692307692308,0.07412587412587412,0.5692307692307692,0.5692307692307692
0.010536,1324,890,670,106,0.9258741258741259,0.9258741258741259,0.42948717948717946,0.07412587412587412,0.5705128205128205,0.5705128205128205
0.010551,1324,891,669,106,0.9258741258741259,0.9258741258741259,0.4288461538461538,0.07412587412587412,0.5711538461538461,0.5711538461538461
0.010604,1323,891,669,107,0.9251748251748252,0.9251748251748252,0.4288461538461538,0.07482517482517483,0.5711538461538461,0.5711538461538461
0.010669,1323,892,668,107,0.9251748251748252,0.9251748251748252,0.4282051282051282,0.07482517482517483,0.5717948717948718,0.5717948717948718
0.010766,1323,893,667,107,0.9251748251748252,0.9251748251748252,0.42756410256410254,0.07482517482517483,0.5724358974358974,0.5724358974358974
0.010848,1323,894,666,107,0.9251748251748252,0.9251748251748252,0.4269230769230769,0.07482517482517483,0.573076923076923,0.573076923076923
0.010858,1322,894,666,108,0.9244755244755245,0.9244755244755245,0.4269230769230769,0.07552447552447553,0.573076923076923,0.573076923076923
0.010883,1322,895,665,108,0.9244755244755245,0.9244755244755245,0.42628205128205127,0.07552447552447553,0.5737179487179487,0.5737179487179487
0.010929,1322,896,664,108,0.9244755244755245,0.9244755244755245,0.4256410256410256,0.07552447552447553,0.5743589743589743,0.5743589743589743
0.011033,1321,896,664,109,0.9237762237762238,0.9237762237762238,0.4256410256410256,0.07622377622377623,0.5743589743589743,0.5743589743589743
0.01105,1320,896,664,110,0.9230769230769231,0.9230769230769231,0.4256410256410256,0.07692307692307693,0.5743589743589743,0.5743589743589743
0.011078,1319,896,664,111,0.9223776223776223,0.9223776223776223,0.4256410256410256,0.07762237762237763,0.5743589743589743,0.5743589743589743
0.011094,1318,896,664,112,0.9216783216783216,0.9216783216783216,0.4256410256410256,0.07832167832167833,0.5743589743589743,0.5743589743589743
0.011099,1318,897,663,112,0.9216783216783216,0.9216783216783216,0.425,0.07832167832167833,0.575,0.575
0.011189,1318,898,662,112,0.9216783216783216,0.9216783216783216,0.42435897435897435,0.07832167832167833,0.5756410256410256,0.5756410256410256
0.011204,1318,899,661,112,0.9216783216783216,0.9216783216783216,0.4237179487179487,0.07832167832167833,0.5762820512820512,0.5762820512820512
0.011208,1318,900,660,112,0.9216783216783216,0.9216783216783216,0.4230769230769231,0.07832167832167833,0.5769230769230769,0.5769230769230769
0.011218,1317,900,660,113,0.920979020979021,0.920979020979021,0.4230769230769231,0.07902097902097902,0.5769230769230769,0.5769230769230769
0.011236,1316,900,660,114,0.9202797202797203,0.9202797202797203,0.4230769230769231,0.07972027972027972,0.5769230769230769,0.5769230769230769
0.011246,1316,901,659,114,0.9202797202797203,0.9202797202797203,0.42243589743589743,0.07972027972027972,0.5775641025641025,0.5775641025641025
0.01125,1315,901,659,115,0.9195804195804196,0.9195804195804196,0.42243589743589743,0.08041958041958042,0.5775641025641025,0.5775641025641025
0.01138,1315,902,658,115,0.9195804195804196,0.9195804195804196,0.4217948717948718,0.08041958041958042,0.5782051282051283,0.5782051282051283
0.01145,1314,902,658,116,0.9188811188811189,0.9188811188811189,0.4217948717948718,0.08111888111888112,0.5782051282051283,0.5782051282051283
0.011483,1314,903,657,116,0.9188811188811189,0.9188811188811189,0.42115384615384616,0.08111888111888112,0.5788461538461539,0.5788461538461539
0.011521,1314,904,656,116,0.9188811188811189,0.9188811188811189,0.4205128205128205,0.08111888111888112,0.5794871794871795,0.5794871794871795
0.011535,1313,904,656,117,0.9181818181818182,0.9181818181818182,0.4205128205128205,0.08181818181818182,0.5794871794871795,0.5794871794871795
0.011538,1313,905,655,117,0.9181818181818182,0.9181818181818182,0.4198717948717949,0.08181818181818182,0.5801282051282052,0.5801282051282052
0.011628,1313,906,654,117,0.9181818181818182,0.9181818181818182,0.41923076923076924,0.08181818181818182,0.5807692307692308,0.5807692307692308
0.01169,1312,907,653,118,0.9174825174825175,0.9174825174825175,0.4185897435897436,0.08251748251748252,0.5814102564102565,0.5814102564102565
0.01174,1312,908,652,118,0.9174825174825175,0.9174825174825175,0.41794871794871796,0.08251748251748252,0.5820512820512821,0.5820512820512821
0.011834,1312,909,651,118,0.9174825174825175,0.9174825174825175,0.4173076923076923,0.08251748251748252,0.5826923076923077,0.5826923076923077
0.011853,1312,910,650,118,0.9174825174825175,0.9174825174825175,0.4166666666666667,0.08251748251748252,0.5833333333333334,0.5833333333333334
0.011881,1312,911,649,118,0.9174825174825175,0.9174825174825175,0.41602564102564105,0.08251748251748252,0.583974358974359,0.583974358974359
0.011893,1312,912,648,118,0.9174825174825175,0.9174825174825175,0.4153846153846154,0.08251748251748252,0.5846153846153846,0.5846153846153846
0.01194,1312,913,647,118,0.9174825174825175,0.9174825174825175,0.41474358974358977,0.08251748251748252,0.5852564102564103,0.5852564102564103
0.012016,1312,914,646,118,0.9174825174825175,0.9174825174825175,0.41410256410256413,0.08251748251748252,0.5858974358974359,0.5858974358974359
0.012061,1311,914,646,119,0.9167832167832168,0.9167832167832168,0.41410256410256413,0.08321678321678322,0.5858974358974359,0.5858974358974359
0.012082,1310,914,646,120,0.916083916083916,0.916083916083916,0.41410256410256413,0.08391608391608392,0.5858974358974359,0.5858974358974359
0.012109,1309,914,646,121,0.9153846153846154,0.9153846153846154,0.41410256410256413,0.08461538461538462,0.5858974358974359,0.5858974358974359
0.012161,1309,915,645,121,0.9153846153846154,0.9153846153846154,0.41346153846153844,0.08461538461538462,0.5865384615384616,0.5865384615384616
0.012182,1309,916,644,121,0.9153846153846154,0.9153846153846154,0.4128205128205128,0.08461538461538462,0.5871794871794872,0.5871794871794872
0.012195,1309,917,643,121,0.9153846153846154,0.9153846153846154,0.41217948717948716,0.08461538461538462,0.5878205128205128,0.5878205128205128
0.012277,1308,918,642,122,0.9146853146853147,0.9146853146853147,0.4115384615384615,0.08531468531468532,0.5884615384615385,0.5884615384615385
0.012295,1308,919,641,122,0.9146853146853147,0.9146853146853147,0.4108974358974359,0.08531468531468532,0.5891025641025641,0.5891025641025641
0.012311,1308,920,640,122,0.9146853146853147,0.9146853146853147,0.41025641025641024,0.08531468531468532,0.5897435897435898,0.5897435897435898
0.012358,1307,920,640,123,0.913986013986014,0.913986013986014,0.41025641025641024,0.08601398601398601,0.5897435897435898,0.5897435897435898
0.012384,1307,921,639,123,0.913986013986014,0.913986013986014,0.4096153846153846,0.08601398601398601,0.5903846153846154,0.5903846153846154
0.012405,1306,921,639,124,0.9132867132867133,0.9132867132867133,0.4096153846153846,0.08671328671328671,0.5903846153846154,0.5903846153846154
0.012524,1306,922,638,124,0.9132867132867133,0.9132867132867133,0.40897435897435896,0.08671328671328671,0.591025641025641,0.591025641025641
0.012526,1305,922,638,125,0.9125874125874126,0.9125874125874126,0.40897435897435896,0.08741258741258741,0.591025641025641,0.591025641025641
0.012594,1305,923,637,125,0.9125874125874126,0.9125874125874126,0.4083333333333333,0.08741258741258741,0.5916666666666667,0.5916666666666667
0.012618,1305,924,636,125,0.9125874125874126,0.9125874125874126,0.4076923076923077,0.08741258741258741,0.5923076923076923,0.5923076923076923
0.012632,1305,925,635,125,0.9125874125874126,0.9125874125874126,0.40705128205128205,0.08741258741258741,0.592948717948718,0.592948717948718
0.012645,1305,926,634,125,0.9125874125874126,0.9125874125874126,0.4064102564102564,0.08741258741258741,0.5935897435897436,0.5935897435897436
0.012672,1305,927,633,125,0.9125874125874126,0.9125874125874126,0.40576923076923077,0.08741258741258741,0.5942307692307692,0.5942307692307692
0.012776,1304,927,633,126,0.9118881118881119,0.9118881118881119,0.40576923076923077,0.08811188811188811,0.5942307692307692,0.5942307692307692
0.012793,1303,927,633,127,0.9111888111888112,0.9111888111888112,0.40576923076923077,0.08881118881118881,0.5942307692307692,0.5942307692307692
0.012821,1303,928,632,127,0.9111888111888112,0.9111888111888112,0.40512820512820513,0.08881118881118881,0.5948717948717949,0.5948717948717949
0.012846,1303,929,631,127,0.9111888111888112,0.9111888111888112,0.4044871794871795,0.08881118881118881,0.5955128205128205,0.5955128205128205
0.01297,1302,929,631,128,0.9104895104895104,0.9104895104895104,0.4044871794871795,0.08951048951048951,0.5955128205128205,0.5955128205128205
0.012987,1302,930,630,128,0.9104895104895104,0.9104895104895104,0.40384615384615385,0.08951048951048951,0.5961538461538461,0.5961538461538461
0.013058,1302,932,628,128,0.9104895104895104,0.9104895104895104,0.4025641025641026,0.08951048951048951,0.5974358974358974,0.5974358974358974
0.013096,1302,933,627,128,0.9104895104895104,0.9104895104895104,0.40192307692307694,0.08951048951048951,0.5980769230769231,0.5980769230769231
0.013105,1302,934,626,128,0.9104895104895104,0.9104895104895104,0.4012820512820513,0.08951048951048951,0.5987179487179487,0.5987179487179487
0.013109,1302,935,625,128,0.9104895104895104,0.9104895104895104,0.40064102564102566,0.08951048951048951,0.5993589743589743,0.5993589743589743
0.013175,1302,936,624,128,0.9104895104895104,0.9104895104895104,0.4,0.08951048951048951,0.6,0.6
0.013225,1302,937,623,128,0.9104895104895104,0.9104895104895104,0.3993589743589744,0.08951048951048951,0.6006410256410256,0.6006410256410256
0.01323,1302,938,622,128,0.9104895104895104,0.9104895104895104,0.39871794871794874,0.08951048951048951,0.6012820512820513,0.6012820512820513
0.013279,1302,939,621,128,0.9104895104895104,0.9104895104895104,0.39807692307692305,0.08951048951048951,0.6019230769230769,0.6019230769230769
0.013333,1301,939,621,129,0.9097902097902097,0.9097902097902097,0.39807692307692305,0.09020979020979021,0.6019230769230769,0.6019230769230769
0.013441,1301,940,620,129,0.9097902097902097,0.9097902097902097,0.3974358974358974,0.09020979020979021,0.6025641025641025,0.6025641025641025
0.013498,1300,940,620,130,0.9090909090909091,0.9090909090909091,0.3974358974358974,0.09090909090909091,0.6025641025641025,0.6025641025641025
0.013584,1300,941,619,130,0.9090909090909091,0.9090909090909091,0.3967948717948718,0.09090909090909091,0.6032051282051282,0.6032051282051282
0.013587,1300,942,618,130,0.9090909090909091,0.9090909090909091,0.39615384615384613,0.09090909090909091,0.6038461538461538,0.6038461538461538
0.013597,1300,943,617,130,0.9090909090909091,0.9090909090909091,0.3955128205128205,0.09090909090909091,0.6044871794871794,0.6044871794871794
0.013605,1299,943,617,131,0.9083916083916084,0.9083916083916084,0.3955128205128205,0.09160839160839161,0.6044871794871794,0.6044871794871794
0.013614,1299,944,616,131,0.9083916083916084,0.9083916083916084,0.39487179487179486,0.09160839160839161,0.6051282051282051,0.6051282051282051
0.013736,1298,944,616,132,0.9076923076923077,0.9076923076923077,0.39487179487179486,0.09230769230769231,0.6051282051282051,0.6051282051282051
0.013799,1298,945,615,132,0.9076923076923077,0.9076923076923077,0.3942307692307692,0.09230769230769231,0.6057692307692307,0.6057692307692307
0.01382,1298,946,614,132,0.9076923076923077,0.9076923076923077,0.3935897435897436,0.09230769230769231,0.6064102564102564,0.6064102564102564
0.01383,1298,947,613,132,0.9076923076923077,0.9076923076923077,0.39294871794871794,0.09230769230769231,0.607051282051282,0.607051282051282
0.013889,1298,948,612,132,0.9076923076923077,0.9076923076923077,0.3923076923076923,0.09230769230769231,0.6076923076923076,0.6076923076923076
0.013928,1297,948,612,133,0.906993006993007,0.906993006993007,0.3923076923076923,0.09300699300699301,0.6076923076923076,0.6076923076923076
0.013941,1297,949,611,133,0.906993006993007,0.906993006993007,0.39166666666666666,0.09300699300699301,0.6083333333333333,0.6083333333333333
0.013942,1297,950,610,133,0.906993006993007,0.906993006993007,0.391025641025641,0.09300699300699301,0.6089743589743589,0.6089743589743589
0.013944,1296,950,610,134,0.9062937062937063,0.9062937062937063,0.391025641025641,0.0937062937062937,0.6089743589743589,0.6089743589743589
0.013953,1295,950,610,135,0.9055944055944056,0.9055944055944056,0.391025641025641,0.0944055944055944,0.6089743589743589,0.6089743589743589
0.014006,1295,951,609,135,0.9055944055944056,0.9055944055944056,0.3903846153846154,0.0944055944055944,0.6096153846153847,0.6096153846153847
0.014085,1294,952,608,136,0.9048951048951049,0.9048951048951049,0.38974358974358975,0.0951048951048951,0.6102564102564103,0.6102564102564103
0.014113,1294,953,607,136,0.9048951048951049,0.9048951048951049,0.3891025641025641,0.0951048951048951,0.610897435897436,0.610897435897436
0.014115,1294,954,606,136,0.9048951048951049,0.9048951048951049,0.38846153846153847,0.0951048951048951,0.6115384615384616,0.6115384615384616
0.014199,1294,955,605,136,0.9048951048951049,0.9048951048951049,0.38782051282051283,0.0951048951048951,0.6121794871794872,0.6121794871794872
0.014231,1294,956,604,136,0.9048951048951049,0.9048951048951049,0.3871794871794872,0.0951048951048951,0.6128205128205129,0.6128205128205129
0.014286,1293,956,604,137,0.9041958041958041,0.9041958041958041,0.3871794871794872,0.0958041958041958,0.6128205128205129,0.6128205128205129
0.014363,1293,958,602,137,0.9041958041958041,0.9041958041958041,0.3858974358974359,0.0958041958041958,0.6141025641025641,0.6141025641025641
0.014365,1293,959,601,137,0.9041958041958041,0.9041958041958041,0.3852564102564103,0.0958041958041958,0.6147435897435898,0.6147435897435898
0.014379,1292,959,601,138,0.9034965034965035,0.9034965034965035,0.3852564102564103,0.0965034965034965,0.6147435897435898,0.6147435897435898
0.014409,1291,959,601,139,0.9027972027972028,0.9027972027972028,0.3852564102564103,0.0972027972027972,0.6147435897435898,0.6147435897435898
0.014448,1290,959,601,140,0.9020979020979021,0.9020979020979021,0.3852564102564103,0.0979020979020979,0.6147435897435898,0.6147435897435898
0.014493,1290,960,600,140,0.9020979020979021,0.9020979020979021,0.38461538461538464,0.0979020979020979,0.6153846153846154,0.6153846153846154
0.014507,1290,961,599,140,0.9020979020979021,0.9020979020979021,0.383974358974359,0.0979020979020979,0.6160256410256411,0.6160256410256411
0.014535,1290,962,598,140,0.9020979020979021,0.9020979020979021,0.38333333333333336,0.0979020979020979,0.6166666666666667,0.6166666666666667
0.014553,1290,963,597,140,0.9020979020979021,0.9020979020979021,0.38269230769230766,0.0979020979020979,0.6173076923076923,0.6173076923076923
0.01462,1290,964,596,140,0.9020979020979021,0.9020979020979021,0.382051282051282,0.0979020979020979,0.617948717948718,0.617948717948718
0.014634,1290,965,595,140,0.9020979020979021,0.9020979020979021,0.3814102564102564,0.0979020979020979,0.6185897435897436,0.6185897435897436
0.014679,1289,965,595,141,0.9013986013986014,0.9013986013986014,0.3814102564102564,0.0986013986013986,0.6185897435897436,0.6185897435897436
0.014706,1288,965,595,142,0.9006993006993007,0.9006993006993007,0.3814102564102564,0.0993006993006993,0.6185897435897436,0.6185897435897436
0.014747,1288,966,594,142,0.9006993006993007,0.9006993006993007,0.38076923076923075,0.0993006993006993,0.6192307692307693,0.6192307692307693
0.014797,1288,967,593,142,0.9006993006993007,0.9006993006993007,0.3801282051282051,0.0993006993006993,0.6198717948717949,0.6198717948717949
0.014806,1287,967,593,143,0.9,0.9,0.3801282051282051,0.1,0.6198717948717949,0.6198717948717949
0.014925,1286,967,593,144,0.8993006993006993,0.8993006993006993,0.3801282051282051,0.1006993006993007,0.6198717948717949,0.6198717948717949
0.015048,1286,968,592,144,0.8993006993006993,0.8993006993006993,0.37948717948717947,0.1006993006993007,0.6205128205128205,0.6205128205128205
0.01506,1285,968,592,145,0.8986013986013986,0.8986013986013986,0.37948717948717947,0.10139860139860139,0.6205128205128205,0.6205128205128205
0.015165,1285,969,591,145,0.8986013986013986,0.8986013986013986,0.37884615384615383,0.10139860139860139,0.6211538461538462,0.6211538461538462
0.015213,1285,970,590,145,0.8986013986013986,0.8986013986013986,0.3782051282051282,0.10139860139860139,0.6217948717948718,0.6217948717948718
0.015429,1285,971,589,145,0.8986013986013986,0.8986013986013986,0.37756410256410255,0.10139860139860139,0.6224358974358974,0.6224358974358974
0.015464,1285,972,588,145,0.8986013986013986,0.8986013986013986,0.3769230769230769,0.10139860139860139,0.6230769230769231,0.6230769230769231
0.015519,1285,973,587,145,0.8986013986013986,0.8986013986013986,0.3762820512820513,0.10139860139860139,0.6237179487179487,0.6237179487179487
0.015528,1285,974,586,145,0.8986013986013986,0.8986013986013986,0.37564102564102564,0.10139860139860139,0.6243589743589744,0.6243589743589744
0.015534,1285,975,585,145,0.8986013986013986,0.8986013986013986,0.375,0.10139860139860139,0.625,0.625
0.015559,1284,975,585,146,0.8979020979020979,0.8979020979020979,0.375,0.1020979020979021,0.625,0.625
0.015564,1283,975,585,147,0.8972027972027972,0.8972027972027972,0.375,0.1027972027972028,0.625,0.625
0.015595,1283,976,584,147,0.8972027972027972,0.8972027972027972,0.37435897435897436,0.1027972027972028,0.6256410256410256,0.6256410256410256
0.015596,1283,977,583,147,0.8972027972027972,0.8972027972027972,0.3737179487179487,0.1027972027972028,0.6262820512820513,0.6262820512820513
0.015707,1282,977,583,148,0.8965034965034965,0.8965034965034965,0.3737179487179487,0.1034965034965035,0.6262820512820513,0.6262820512820513
0.015748,1282,978,582,148,0.8965034965034965,0.8965034965034965,0.3730769230769231,0.1034965034965035,0.6269230769230769,0.6269230769230769
0.015764,1282,979,581,148,0.8965034965034965,0.8965034965034965,0.37243589743589745,0.1034965034965035,0.6275641025641026,0.6275641025641026
0.015873,1281,980,580,149,0.8958041958041958,0.8958041958041958,0.3717948717948718,0.1041958041958042,0.6282051282051282,0.6282051282051282
0.015942,1281,981,579,149,0.8958041958041958,0.8958041958041958,0.37115384615384617,0.1041958041958042,0.6288461538461538,0.6288461538461538
0.015968,1281,982,578,149,0.8958041958041958,0.8958041958041958,0.37051282051282053,0.1041958041958042,0.6294871794871795,0.6294871794871795
0.01601,1281,983,577,149,0.8958041958041958,0.8958041958041958,0.3698717948717949,0.1041958041958042,0.6301282051282051,0.6301282051282051
0.016016,1280,983,577,150,0.8951048951048951,0.8951048951048951,0.3698717948717949,0.1048951048951049,0.6301282051282051,0.6301282051282051
0.016048,1280,984,576,150,0.8951048951048951,0.8951048951048951,0.36923076923076925,0.1048951048951049,0.6307692307692307,0.6307692307692307
0.016064,1279,984,576,151,0.8944055944055944,0.8944055944055944,0.36923076923076925,0.1055944055944056,0.6307692307692307,0.6307692307692307
0.01608,1278,984,576,152,0.8937062937062937,0.8937062937062937,0.36923076923076925,0.1062937062937063,0.6307692307692307,0.6307692307692307
0.016083,1278,985,575,152,0.8937062937062937,0.8937062937062937,0.3685897435897436,0.1062937062937063,0.6314102564102564,0.6314102564102564
0.016086,1278,986,574,152,0.8937062937062937,0.8937062937062937,0.367948717948718,0.1062937062937063,0.632051282051282,0.632051282051282
0.016098,1278,987,573,152,0.8937062937062937,0.8937062937062937,0.36730769230769234,0.1062937062937063,0.6326923076923077,0.6326923076923077
0.016143,1277,987,573,153,0.893006993006993,0.893006993006993,0.36730769230769234,0.106993006993007,0.6326923076923077,0.6326923076923077
0.016187,1277,988,572,153,0.893006993006993,0.893006993006993,0.36666666666666664,0.106993006993007,0.6333333333333333,0.6333333333333333
0.016206,1277,989,571,153,0.893006993006993,0.893006993006993,0.366025641025641,0.106993006993007,0.6339743589743589,0.6339743589743589
0.016251,1276,989,571,154,0.8923076923076924,0.8923076923076924,0.366025641025641,0.1076923076923077,0.6339743589743589,0.6339743589743589
0.016298,1275,989,571,155,0.8916083916083916,0.8916083916083916,0.366025641025641,0.10839160839160839,0.6339743589743589,0.6339743589743589
0.016304,1275,990,570,155,0.8916083916083916,0.8916083916083916,0.36538461538461536,0.10839160839160839,0.6346153846153846,0.6346153846153846
0.016327,1275,991,569,155,0.8916083916083916,0.8916083916083916,0.3647435897435897,0.10839160839160839,0.6352564102564102,0.6352564102564102
0.016345,1275,992,568,155,0.8916083916083916,0.8916083916083916,0.3641025641025641,0.10839160839160839,0.6358974358974359,0.6358974358974359
0.016352,1275,993,567,155,0.8916083916083916,0.8916083916083916,0.36346153846153845,0.10839160839160839,0.6365384615384615,0.6365384615384615
0.016362,1275,994,566,155,0.8916083916083916,0.8916083916083916,0.3628205128205128,0.10839160839160839,0.6371794871794871,0.6371794871794871
0.016376,1275,995,565,155,0.8916083916083916,0.8916083916083916,0.36217948717948717,0.10839160839160839,0.6378205128205128,0.6378205128205128
0.016377,1274,995,565,156,0.8909090909090909,0.8909090909090909,0.36217948717948717,0.10909090909090909,0.6378205128205128,0.6378205128205128
0.016411,1274,996,564,156,0.8909090909090909,0.8909090909090909,0.36153846153846153,0.10909090909090909,0.6384615384615384,0.6384615384615384
0.016427,1274,997,563,156,0.8909090909090909,0.8909090909090909,0.3608974358974359,0.10909090909090909,0.639102564102564,0.639102564102564
0.016429,1273,997,563,157,0.8902097902097902,0.8902097902097902,0.3608974358974359,0.10979020979020979,0.639102564102564,0.639102564102564
0.016432,1273,998,562,157,0.8902097902097902,0.8902097902097902,0.36025641025641025,0.10979020979020979,0.6397435897435897,0.6397435897435897
0.016441,1272,998,562,158,0.8895104895104895,0.8895104895104895,0.36025641025641025,0.11048951048951049,0.6397435897435897,0.6397435897435897
0.016499,1272,999,561,158,0.8895104895104895,0.8895104895104895,0.3596153846153846,0.11048951048951049,0.6403846153846153,0.6403846153846153
0.016521,1272,1000,560,158,0.8895104895104895,0.8895104895104895,0.358974358974359,0.11048951048951049,0.6410256410256411,0.6410256410256411
0.016591,1272,1001,559,158,0.8895104895104895,0.8895104895104895,0.35833333333333334,0.11048951048951049,0.6416666666666667,0.6416666666666667
0.016593,1271,1001,559,159,0.8888111888111888,0.8888111888111888,0.35833333333333334,0.11118881118881119,0.6416666666666667,0.6416666666666667
0.016647,1270,1001,559,160,0.8881118881118881,0.8881118881118881,0.35833333333333334,0.11188811188811189,0.6416666666666667,0.6416666666666667
0.016667,1270,1002,558,160,0.8881118881118881,0.8881118881118881,0.3576923076923077,0.11188811188811189,0.6423076923076924,0.6423076923076924
0.016713,1270,1003,557,160,0.8881118881118881,0.8881118881118881,0.35705128205128206,0.11188811188811189,0.642948717948718,0.642948717948718
0.016816,1270,1004,556,160,0.8881118881118881,0.8881118881118881,0.3564102564102564,0.11188811188811189,0.6435897435897436,0.6435897435897436
0.016832,1269,1004,556,161,0.8874125874125874,0.8874125874125874,0.3564102564102564,0.11258741258741259,0.6435897435897436,0.6435897435897436
0.016933,1269,1005,555,161,0.8874125874125874,0.8874125874125874,0.3557692307692308,0.11258741258741259,0.6442307692307693,0.6442307692307693
0.016997,1269,1006,554,161,0.8874125874125874,0.8874125874125874,0.35512820512820514,0.11258741258741259,0.6448717948717949,0.6448717948717949
0.017017,1269,1007,553,161,0.8874125874125874,0.8874125874125874,0.3544871794871795,0.11258741258741259,0.6455128205128206,0.6455128205128206
0.017045,1268,1007,553,162,0.8867132867132868,0.8867132867132868,0.3544871794871795,0.11328671328671329,0.6455128205128206,0.6455128205128206
0.017052,1268,1008,552,162,0.8867132867132868,0.8867132867132868,0.35384615384615387,0.11328671328671329,0.6461538461538462,0.6461538461538462
0.017131,1267,1008,552,163,0.8860139860139861,0.8860139860139861,0.35384615384615387,0.11398601398601399,0.6461538461538462,0.6461538461538462
0.017157,1267,1009,551,163,0.8860139860139861,0.8860139860139861,0.3532051282051282,0.11398601398601399,0.6467948717948718,0.6467948717948718
0.017202,1267,1010,550,163,0.8860139860139861,0.8860139860139861,0.3525641025641026,0.11398601398601399,0.6474358974358975,0.6474358974358975
0.017227,1266,1010,550,164,0.8853146853146853,0.8853146853146853,0.3525641025641026,0.11468531468531469,0.6474358974358975,0.6474358974358975
0.017241,1266,1011,549,164,0.8853146853146853,0.8853146853146853,0.35192307692307695,0.11468531468531469,0.6480769230769231,0.6480769230769231
0.017354,1266,1012,548,164,0.8853146853146853,0.8853146853146853,0.35128205128205126,0.11468531468531469,0.6487179487179487,0.6487179487179487
0.017476,1266,1013,547,164,0.8853146853146853,0.8853146853146853,0.3506410256410256,0.11468531468531469,0.6493589743589744,0.6493589743589744
0.017488,1265,1013,547,165,0.8846153846153846,0.8846153846153846,0.3506410256410256,0.11538461538461539,0.6493589743589744,0.6493589743589744
0.017526,1264,1013,547,166,0.8839160839160839,0.8839160839160839,0.3506410256410256,0.11608391608391608,0.6493589743589744,0.6493589743589744
0.017528,1264,1014,546,166,0.8839160839160839,0.8839160839160839,0.35,0.11608391608391608,0.65,0.65
0.017568,1264,1015,545,166,0.8839160839160839,0.8839160839160839,0.34935897435897434,0.11608391608391608,0.6506410256410257,0.6506410256410257
0.017602,1264,1016,544,166,0.8839160839160839,0.8839160839160839,0.3487179487179487,0.11608391608391608,0.6512820512820513,0.6512820512820513
0.01768,1263,1016,544,167,0.8832167832167832,0.8832167832167832,0.3487179487179487,0.11678321678321678,0.6512820512820513,0.6512820512820513
0.01784,1263,1017,543,167,0.8832167832167832,0.8832167832167832,0.34807692307692306,0.11678321678321678,0.6519230769230769,0.6519230769230769
0.017891,1263,1018,542,167,0.8832167832167832,0.8832167832167832,0.3474358974358974,0.11678321678321678,0.6525641025641026,0.6525641025641026
0.01791,1263,1019,541,167,0.8832167832167832,0.8832167832167832,0.3467948717948718,0.11678321678321678,0.6532051282051282,0.6532051282051282
0.017937,1263,1020,540,167,0.8832167832167832,0.8832167832167832,0.34615384615384615,0.11678321678321678,0.6538461538461539,0.6538461538461539
0.017957,1262,1020,540,168,0.8825174825174825,0.8825174825174825,0.34615384615384615,0.11748251748251748,0.6538461538461539,0.6538461538461539
0.018034,1262,1021,539,168,0.8825174825174825,0.8825174825174825,0.3455128205128205,0.11748251748251748,0.6544871794871795,0.6544871794871795
0.018072,1262,1022,538,168,0.8825174825174825,0.8825174825174825,0.34487179487179487,0.11748251748251748,0.6551282051282051,0.6551282051282051
0.018092,1262,1023,537,168,0.8825174825174825,0.8825174825174825,0.34423076923076923,0.11748251748251748,0.6557692307692308,0.6557692307692308
0.01813,1261,1023,537,169,0.8818181818181818,0.8818181818181818,0.34423076923076923,0.11818181818181818,0.6557692307692308,0.6557692307692308
0.018149,1261,1024,536,169,0.8818181818181818,0.8818181818181818,0.3435897435897436,0.11818181818181818,0.6564102564102564,0.6564102564102564
0.018237,1261,1025,535,169,0.8818181818181818,0.8818181818181818,0.34294871794871795,0.11818181818181818,0.657051282051282,0.657051282051282
0.01827,1261,1026,534,169,0.8818181818181818,0.8818181818181818,0.3423076923076923,0.11818181818181818,0.6576923076923077,0.6576923076923077
0.018391,1260,1026,534,170,0.8811188811188811,0.8811188811188811,0.3423076923076923,0.11888111888111888,0.6576923076923077,0.6576923076923077
0.018418,1260,1027,533,170,0.8811188811188811,0.8811188811188811,0.3416666666666667,0.11888111888111888,0.6583333333333333,0.6583333333333333
0.018454,1259,1027,533,171,0.8804195804195805,0.8804195804195805,0.3416666666666667,0.11958041958041958,0.6583333333333333,0.6583333333333333
0.0185,1259,1028,532,171,0.8804195804195805,0.8804195804195805,0.34102564102564104,0.11958041958041958,0.658974358974359,0.658974358974359
0.018775,1259,1029,531,171,0.8804195804195805,0.8804195804195805,0.3403846153846154,0.11958041958041958,0.6596153846153846,0.6596153846153846
0.018893,1259,1030,530,171,0.8804195804195805,0.8804195804195805,0.33974358974358976,0.11958041958041958,0.6602564102564102,0.6602564102564102
0.019048,1259,1031,529,171,0.8804195804195805,0.8804195804195805,0.3391025641025641,0.11958041958041958,0.6608974358974359,0.6608974358974359
0.019332,1259,1032,528,171,0.8804195804195805,0.8804195804195805,0.3384615384615385,0.11958041958041958,0.6615384615384615,0.6615384615384615
0.019355,1259,1033,527,171,0.8804195804195805,0.8804195804195805,0.33782051282051284,0.11958041958041958,0.6621794871794872,0.6621794871794872
0.019361,1258,1033,527,172,0.8797202797202798,0.8797202797202798,0.33782051282051284,0.12027972027972028,0.6621794871794872,0.6621794871794872
0.019417,1258,1034,526,172,0.8797202797202798,0.8797202797202798,0.3371794871794872,0.12027972027972028,0.6628205128205128,0.6628205128205128
0.019438,1258,1035,525,172,0.8797202797202798,0.8797202797202798,0.33653846153846156,0.12027972027972028,0.6634615384615384,0.6634615384615384
0.019474,1258,1036,524,172,0.8797202797202798,0.8797202797202798,0.33589743589743587,0.12027972027972028,0.6641025641025641,0.6641025641025641
0.019556,1258,1037,523,172,0.8797202797202798,0.8797202797202798,0.33525641025641023,0.12027972027972028,0.6647435897435897,0.6647435897435897
0.019587,1258,1038,522,172,0.8797202797202798,0.8797202797202798,0.3346153846153846,0.12027972027972028,0.6653846153846154,0.6653846153846154
0.019718,1258,1039,521,172,0.8797202797202798,0.8797202797202798,0.33397435897435895,0.12027972027972028,0.666025641025641,0.666025641025641
0.019789,1258,1040,520,172,0.8797202797202798,0.8797202797202798,0.3333333333333333,0.12027972027972028,0.6666666666666666,0.6666666666666666
0.019802,1257,1040,520,173,0.879020979020979,0.879020979020979,0.3333333333333333,0.12097902097902098,0.6666666666666666,0.6666666666666666
0.01983,1257,1041,519,173,0.879020979020979,0.879020979020979,0.3326923076923077,0.12097902097902098,0.6673076923076923,0.6673076923076923
0.019856,1256,1041,519,174,0.8783216783216783,0.8783216783216783,0.3326923076923077,0.12167832167832168,0.6673076923076923,0.6673076923076923
0.019943,1256,1042,518,174,0.8783216783216783,0.8783216783216783,0.33205128205128204,0.12167832167832168,0.6679487179487179,0.6679487179487179
0.019947,1256,1043,517,174,0.8783216783216783,0.8783216783216783,0.3314102564102564,0.12167832167832168,0.6685897435897435,0.6685897435897435
0.019965,1256,1044,516,174,0.8783216783216783,0.8783216783216783,0.33076923076923076,0.12167832167832168,0.6692307692307692,0.6692307692307692
0.02002,1255,1044,516,175,0.8776223776223776,0.8776223776223776,0.33076923076923076,0.12237762237762238,0.6692307692307692,0.6692307692307692
0.020027,1255,1045,515,175,0.8776223776223776,0.8776223776223776,0.3301282051282051,0.12237762237762238,0.6698717948717948,0.6698717948717948
0.020038,1255,1046,514,175,0.8776223776223776,0.8776223776223776,0.3294871794871795,0.12237762237762238,0.6705128205128205,0.6705128205128205
0.020086,1255,1047,513,175,0.8776223776223776,0.8776223776223776,0.32884615384615384,0.12237762237762238,0.6711538461538461,0.6711538461538461
0.020151,1255,1048,512,175,0.8776223776223776,0.8776223776223776,0.3282051282051282,0.12237762237762238,0.6717948717948717,0.6717948717948717
0.020218,1255,1049,511,175,0.8776223776223776,0.8776223776223776,0.32756410256410257,0.12237762237762238,0.6724358974358975,0.6724358974358975
0.020314,1255,1050,510,175,0.8776223776223776,0.8776223776223776,0.3269230769230769,0.12237762237762238,0.6730769230769231,0.6730769230769231
0.020339,1254,1050,510,176,0.8769230769230769,0.8769230769230769,0.3269230769230769,0.12307692307692308,0.6730769230769231,0.6730769230769231
0.02037,1254,1051,509,176,0.8769230769230769,0.8769230769230769,0.3262820512820513,0.12307692307692308,0.6737179487179488,0.6737179487179488
0.02045,1254,1052,508,176,0.8769230769230769,0.8769230769230769,0.32564102564102565,0.12307692307692308,0.6743589743589744,0.6743589743589744
0.020501,1253,1052,508,177,0.8762237762237762,0.8762237762237762,0.32564102564102565,0.12377622377622377,0.6743589743589744,0.6743589743589744
0.020568,1252,1052,508,178,0.8755244755244755,0.8755244755244755,0.32564102564102565,0.12447552447552447,0.6743589743589744,0.6743589743589744
0.020576,1251,1052,508,179,0.8748251748251749,0.8748251748251749,0.32564102564102565,0.12517482517482517,0.6743589743589744,0.6743589743589744
0.020592,1251,1053,507,179,0.8748251748251749,0.8748251748251749,0.325,0.12517482517482517,0.675,0.675
0.020677,1250,1053,507,180,0.8741258741258742,0.8741258741258742,0.325,0.1258741258741259,0.675,0.675
0.020702,1250,1054,506,180,0.8741258741258742,0.8741258741258742,0.3243589743589744,0.1258741258741259,0.6756410256410257,0.6756410256410257
0.020788,1250,1055,505,180,0.8741258741258742,0.8741258741258742,0.32371794871794873,0.1258741258741259,0.6762820512820513,0.6762820512820513
0.020804,1250,1056,504,180,0.8741258741258742,0.8741258741258742,0.3230769230769231,0.1258741258741259,0.676923076923077,0.676923076923077
0.02086,1249,1056,504,181,0.8734265734265734,0.8734265734265734,0.3230769230769231,0.12657342657342657,0.676923076923077,0.676923076923077
0.020875,1249,1057,503,181,0.8734265734265734,0.8734265734265734,0.32243589743589746,0.12657342657342657,0.6775641025641026,0.6775641025641026
0.020916,1249,1058,502,181,0.8734265734265734,0.8734265734265734,0.3217948717948718,0.12657342657342657,0.6782051282051282,0.6782051282051282
0.02097,1248,1058,502,182,0.8727272727272727,0.8727272727272727,0.3217948717948718,0.12727272727272726,0.6782051282051282,0.6782051282051282
0.020979,1247,1058,502,183,0.872027972027972,0.872027972027972,0.3217948717948718,0.12797202797202797,0.6782051282051282,0.6782051282051282
0.021016,1247,1059,501,183,0.872027972027972,0.872027972027972,0.3211538461538462,0.12797202797202797,0.6788461538461539,0.6788461538461539
0.021318,1246,1059,501,184,0.8713286713286713,0.8713286713286713,0.3211538461538462,0.12867132867132866,0.6788461538461539,0.6788461538461539
0.021324,1246,1060,500,184,0.8713286713286713,0.8713286713286713,0.32051282051282054,0.12867132867132866,0.6794871794871795,0.6794871794871795
0.021401,1246,1061,499,184,0.8713286713286713,0.8713286713286713,0.31987179487179485,0.12867132867132866,0.6801282051282052,0.6801282051282052
0.021429,1246,1062,498,184,0.8713286713286713,0.8713286713286713,0.3192307692307692,0.12867132867132866,0.6807692307692308,0.6807692307692308
0.021544,1246,1063,497,184,0.8713286713286713,0.8713286713286713,0.31858974358974357,0.12867132867132866,0.6814102564102564,0.6814102564102564
0.021598,1246,1064,496,184,0.8713286713286713,0.8713286713286713,0.31794871794871793,0.12867132867132866,0.6820512820512821,0.6820512820512821
0.021617,1246,1065,495,184,0.8713286713286713,0.8713286713286713,0.3173076923076923,0.12867132867132866,0.6826923076923077,0.6826923076923077
0.02168,1245,1065,495,185,0.8706293706293706,0.8706293706293706,0.3173076923076923,0.12937062937062938,0.6826923076923077,0.6826923076923077
0.021864,1244,1065,495,186,0.8699300699300699,0.8699300699300699,0.3173076923076923,0.13006993006993006,0.6826923076923077,0.6826923076923077
0.021906,1244,1066,494,186,0.8699300699300699,0.8699300699300699,0.31666666666666665,0.13006993006993006,0.6833333333333333,0.6833333333333333
0.022,1244,1067,493,186,0.8699300699300699,0.8699300699300699,0.316025641025641,0.13006993006993006,0.683974358974359,0.683974358974359
0.022022,1244,1068,492,186,0.8699300699300699,0.8699300699300699,0.3153846153846154,0.13006993006993006,0.6846153846153846,0.6846153846153846
0.022044,1244,1069,491,186,0.8699300699300699,0.8699300699300699,0.31474358974358974,0.13006993006993006,0.6852564102564103,0.6852564102564103
0.02214,1243,1069,491,187,0.8692307692307693,0.8692307692307693,0.31474358974358974,0.13076923076923078,0.6852564102564103,0.6852564102564103
0.022317,1243,1070,490,187,0.8692307692307693,0.8692307692307693,0.3141025641025641,0.13076923076923078,0.6858974358974359,0.6858974358974359
0.022329,1243,1071,489,187,0.8692307692307693,0.8692307692307693,0.31346153846153846,0.13076923076923078,0.6865384615384615,0.6865384615384615
0.02236,1242,1071,489,188,0.8685314685314686,0.8685314685314686,0.31346153846153846,0.13146853146853146,0.6865384615384615,0.6865384615384615
0.022396,1241,1071,489,189,0.8678321678321679,0.8678321678321679,0.31346153846153846,0.13216783216783218,0.6865384615384615,0.6865384615384615
0.022409,1241,1072,488,189,0.8678321678321679,0.8678321678321679,0.3128205128205128,0.13216783216783218,0.6871794871794872,0.6871794871794872
0.022556,1241,1073,487,189,0.8678321678321679,0.8678321678321679,0.3121794871794872,0.13216783216783218,0.6878205128205128,0.6878205128205128
0.022624,1241,1074,486,189,0.8678321678321679,0.8678321678321679,0.31153846153846154,0.13216783216783218,0.6884615384615385,0.6884615384615385
0.022785,1241,1075,485,189,0.8678321678321679,0.8678321678321679,0.3108974358974359,0.13216783216783218,0.6891025641025641,0.6891025641025641
0.022798,1241,1076,484,189,0.8678321678321679,0.8678321678321679,0.31025641025641026,0.13216783216783218,0.6897435897435897,0.6897435897435897
0.022911,1241,1077,483,189,0.8678321678321679,0.8678321678321679,0.3096153846153846,0.13216783216783218,0.6903846153846154,0.6903846153846154
0.022931,1240,1077,483,190,0.8671328671328671,0.8671328671328671,0.3096153846153846,0.13286713286713286,0.6903846153846154,0.6903846153846154
0.022936,1239,1077,483,191,0.8664335664335664,0.8664335664335664,0.3096153846153846,0.13356643356643358,0.6903846153846154,0.6903846153846154
0.022989,1239,1078,482,191,0.8664335664335664,0.8664335664335664,0.308974358974359,0.13356643356643358,0.691025641025641,0.691025641025641
0.023004,1239,1079,481,191,0.8664335664335664,0.8664335664335664,0.30833333333333335,0.13356643356643358,0.6916666666666667,0.6916666666666667
0.023009,1239,1080,480,191,0.8664335664335664,0.8664335664335664,0.3076923076923077,0.13356643356643358,0.6923076923076923,0.6923076923076923
0.023023,1238,1080,480,192,0.8657342657342657,0.8657342657342657,0.3076923076923077,0.13426573426573427,0.6923076923076923,0.6923076923076923
0.023041,1237,1080,480,193,0.865034965034965,0.865034965034965,0.3076923076923077,0.13496503496503495,0.6923076923076923,0.6923076923076923
0.023066,1236,1080,480,194,0.8643356643356643,0.8643356643356643,0.3076923076923077,0.13566433566433567,0.6923076923076923,0.6923076923076923
0.023085,1236,1081,479,194,0.8643356643356643,0.8643356643356643,0.30705128205128207,0.13566433566433567,0.6929487179487179,0.6929487179487179
0.023121,1236,1082,478,194,0.8643356643356643,0.8643356643356643,0.30641025641025643,0.13566433566433567,0.6935897435897436,0.6935897435897436
0.02331,1235,1082,478,195,0.8636363636363636,0.8636363636363636,0.30641025641025643,0.13636363636363635,0.6935897435897436,0.6935897435897436
0.023343,1235,1083,477,195,0.8636363636363636,0.8636363636363636,0.3057692307692308,0.13636363636363635,0.6942307692307692,0.6942307692307692
0.023469,1235,1084,476,195,0.8636363636363636,0.8636363636363636,0.30512820512820515,0.13636363636363635,0.6948717948717948,0.6948717948717948
0.023681,1235,1085,475,195,0.8636363636363636,0.8636363636363636,0.30448717948717946,0.13636363636363635,0.6955128205128205,0.6955128205128205
0.023684,1235,1086,474,195,0.8636363636363636,0.8636363636363636,0.3038461538461538,0.13636363636363635,0.6961538461538461,0.6961538461538461
0.023707,1235,1087,473,195,0.8636363636363636,0.8636363636363636,0.3032051282051282,0.13636363636363635,0.6967948717948718,0.6967948717948718
0.02378,1235,1088,472,195,0.8636363636363636,0.8636363636363636,0.30256410256410254,0.13636363636363635,0.6974358974358974,0.6974358974358974
0.02381,1235,1089,471,195,0.8636363636363636,0.8636363636363636,0.3019230769230769,0.13636363636363635,0.698076923076923,0.698076923076923
0.023839,1235,1090,470,195,0.8636363636363636,0.8636363636363636,0.30128205128205127,0.13636363636363635,0.6987179487179487,0.6987179487179487
0.023899,1234,1090,470,196,0.862937062937063,0.862937062937063,0.30128205128205127,0.13706293706293707,0.6987179487179487,0.6987179487179487
0.024096,1234,1091,469,196,0.862937062937063,0.862937062937063,0.3006410256410256,0.13706293706293707,0.6993589743589743,0.6993589743589743
0.024164,1233,1091,469,197,0.8622377622377623,0.8622377622377623,0.3006410256410256,0.13776223776223775,0.6993589743589743,0.6993589743589743
0.024213,1233,1092,468,197,0.8622377622377623,0.8622377622377623,0.3,0.13776223776223775,0.7,0.7
0.024277,1232,1092,468,198,0.8615384615384616,0.8615384615384616,0.3,0.13846153846153847,0.7,0.7
0.02439,1231,1092,468,199,0.8608391608391608,0.8608391608391608,0.3,0.13916083916083916,0.7,0.7
0.02449,1231,1093,467,199,0.8608391608391608,0.8608391608391608,0.29935897435897435,0.13916083916083916,0.7006410256410256,0.7006410256410256
0.024641,1231,1094,466,199,0.8608391608391608,0.8608391608391608,0.2987179487179487,0.13916083916083916,0.7012820512820512,0.7012820512820512
0.024691,1231,1095,465,199,0.8608391608391608,0.8608391608391608,0.2980769230769231,0.13916083916083916,0.7019230769230769,0.7019230769230769
0.024717,1231,1096,464,199,0.8608391608391608,0.8608391608391608,0.29743589743589743,0.13916083916083916,0.7025641025641025,0.7025641025641025
0.024752,1231,1097,463,199,0.8608391608391608,0.8608391608391608,0.2967948717948718,0.13916083916083916,0.7032051282051283,0.7032051282051283
0.024764,1230,1097,463,200,0.8601398601398601,0.8601398601398601,0.2967948717948718,0.13986013986013987,0.7032051282051283,0.7032051282051283
0.024977,1230,1098,462,200,0.8601398601398601,0.8601398601398601,0.29615384615384616,0.13986013986013987,0.7038461538461539,0.7038461538461539
0.025025,1230,1100,460,200,0.8601398601398601,0.8601398601398601,0.2948717948717949,0.13986013986013987,0.7051282051282052,0.7051282051282052
0.025078,1230,1101,459,200,0.8601398601398601,0.8601398601398601,0.29423076923076924,0.13986013986013987,0.7057692307692308,0.7057692307692308
0.025105,1229,1101,459,201,0.8594405594405594,0.8594405594405594,0.29423076923076924,0.14055944055944056,0.7057692307692308,0.7057692307692308
0.025169,1229,1102,458,201,0.8594405594405594,0.8594405594405594,0.2935897435897436,0.14055944055944056,0.7064102564102565,0.7064102564102565
0.025194,1229,1103,457,201,0.8594405594405594,0.8594405594405594,0.29294871794871796,0.14055944055944056,0.7070512820512821,0.7070512820512821
0.025257,1229,1104,456,201,0.8594405594405594,0.8594405594405594,0.2923076923076923,0.14055944055944056,0.7076923076923077,0.7076923076923077
0.025666,1229,1105,455,201,0.8594405594405594,0.8594405594405594,0.2916666666666667,0.14055944055944056,0.7083333333333334,0.7083333333333334
0.025667,1229,1106,454,201,0.8594405594405594,0.8594405594405594,0.29102564102564105,0.14055944055944056,0.708974358974359,0.708974358974359
0.025668,1229,1107,453,201,0.8594405594405594,0.8594405594405594,0.2903846153846154,0.14055944055944056,0.7096153846153846,0.7096153846153846
0.025714,1229,1108,452,201,0.8594405594405594,0.8594405594405594,0.28974358974358977,0.14055944055944056,0.7102564102564103,0.7102564102564103
0.025826,1228,1108,452,202,0.8587412587412587,0.8587412587412587,0.28974358974358977,0.14125874125874127,0.7102564102564103,0.7102564102564103
0.026042,1228,1109,451,202,0.8587412587412587,0.8587412587412587,0.28910256410256413,0.14125874125874127,0.7108974358974359,0.7108974358974359
0.026344,1228,1110,450,202,0.8587412587412587,0.8587412587412587,0.28846153846153844,0.14125874125874127,0.7115384615384616,0.7115384615384616
0.026393,1227,1110,450,203,0.858041958041958,0.858041958041958,0.28846153846153844,0.14195804195804196,0.7115384615384616,0.7115384615384616
0.026467,1227,1111,449,203,0.858041958041958,0.858041958041958,0.2878205128205128,0.14195804195804196,0.7121794871794872,0.7121794871794872
0.026528,1227,1112,448,203,0.858041958041958,0.858041958041958,0.28717948717948716,0.14195804195804196,0.7128205128205128,0.7128205128205128
0.026596,1226,1112,448,204,0.8573426573426574,0.8573426573426574,0.28717948717948716,0.14265734265734265,0.7128205128205128,0.7128205128205128
0.026654,1226,1113,447,204,0.8573426573426574,0.8573426573426574,0.2865384615384615,0.14265734265734265,0.7134615384615385,0.7134615384615385
0.026795,1226,1114,446,204,0.8573426573426574,0.8573426573426574,0.2858974358974359,0.14265734265734265,0.7141025641025641,0.7141025641025641
0.026807,1225,1114,446,205,0.8566433566433567,0.8566433566433567,0.2858974358974359,0.14335664335664336,0.7141025641025641,0.7141025641025641
0.026839,1225,1115,445,205,0.8566433566433567,0.8566433566433567,0.28525641025641024,0.14335664335664336,0.7147435897435898,0.7147435897435898
0.026954,1225,1116,444,205,0.8566433566433567,0.8566433566433567,0.2846153846153846,0.14335664335664336,0.7153846153846154,0.7153846153846154
0.026987,1224,1116,444,206,0.855944055944056,0.855944055944056,0.2846153846153846,0.14405594405594405,0.7153846153846154,0.7153846153846154
0.026992,1224,1117,443,206,0.855944055944056,0.855944055944056,0.28397435897435896,0.14405594405594405,0.716025641025641,0.716025641025641
0.027027,1224,1118,442,206,0.855944055944056,0.855944055944056,0.2833333333333333,0.14405594405594405,0.7166666666666667,0.7166666666666667
0.027125,1223,1118,442,207,0.8552447552447553,0.8552447552447553,0.2833333333333333,0.14475524475524476,0.7166666666666667,0.7166666666666667
0.027128,1222,1118,442,208,0.8545454545454545,0.8545454545454545,0.2833333333333333,0.14545454545454545,0.7166666666666667,0.7166666666666667
0.027304,1222,1119,441,208,0.8545454545454545,0.8545454545454545,0.2826923076923077,0.14545454545454545,0.7173076923076923,0.7173076923076923
0.027337,1222,1120,440,208,0.8545454545454545,0.8545454545454545,0.28205128205128205,0.14545454545454545,0.717948717948718,0.717948717948718
0.027533,1222,1121,439,208,0.8545454545454545,0.8545454545454545,0.2814102564102564,0.14545454545454545,0.7185897435897436,0.7185897435897436
0.027579,1222,1122,438,208,0.8545454545454545,0.8545454545454545,0.28076923076923077,0.14545454545454545,0.7192307692307692,0.7192307692307692
0.027594,1222,1123,437,208,0.8545454545454545,0.8545454545454545,0.28012820512820513,0.14545454545454545,0.7198717948717949,0.7198717948717949
0.027855,1222,1124,436,208,0.8545454545454545,0.8545454545454545,0.2794871794871795,0.14545454545454545,0.7205128205128205,0.7205128205128205
0.028249,1222,1125,435,208,0.8545454545454545,0.8545454545454545,0.27884615384615385,0.14545454545454545,0.7211538461538461,0.7211538461538461
0.028409,1221,1125,435,209,0.8538461538461538,0.8538461538461538,0.27884615384615385,0.14615384615384616,0.7211538461538461,0.7211538461538461
0.028666,1221,1126,434,209,0.8538461538461538,0.8538461538461538,0.2782051282051282,0.14615384615384616,0.7217948717948718,0.7217948717948718
0.028829,1221,1127,433,209,0.8538461538461538,0.8538461538461538,0.2775641025641026,0.14615384615384616,0.7224358974358974,0.7224358974358974
0.028834,1221,1128,432,209,0.8538461538461538,0.8538461538461538,0.27692307692307694,0.14615384615384616,0.7230769230769231,0.7230769230769231
0.028866,1221,1129,431,209,0.8538461538461538,0.8538461538461538,0.2762820512820513,0.14615384615384616,0.7237179487179487,0.7237179487179487
0.028875,1220,1129,431,210,0.8531468531468531,0.8531468531468531,0.2762820512820513,0.14685314685314685,0.7237179487179487,0.7237179487179487
0.028902,1219,1129,431,211,0.8524475524475524,0.8524475524475524,0.2762820512820513,0.14755244755244756,0.7237179487179487,0.7237179487179487
0.028945,1219,1130,430,211,0.8524475524475524,0.8524475524475524,0.27564102564102566,0.14755244755244756,0.7243589743589743,0.7243589743589743
0.028947,1219,1131,429,211,0.8524475524475524,0.8524475524475524,0.275,0.14755244755244756,0.725,0.725
0.028973,1219,1132,428,211,0.8524475524475524,0.8524475524475524,0.2743589743589744,0.14755244755244756,0.7256410256410256,0.7256410256410256
0.02905,1218,1132,428,212,0.8517482517482518,0.8517482517482518,0.2743589743589744,0.14825174825174825,0.7256410256410256,0.7256410256410256
0.029091,1217,1132,428,213,0.8510489510489511,0.8510489510489511,0.2743589743589744,0.14895104895104896,0.7256410256410256,0.7256410256410256
0.029098,1216,1132,428,214,0.8503496503496504,0.8503496503496504,0.2743589743589744,0.14965034965034965,0.7256410256410256,0.7256410256410256
0.029155,1216,1133,427,214,0.8503496503496504,0.8503496503496504,0.27371794871794874,0.14965034965034965,0.7262820512820513,0.7262820512820513
0.029234,1216,1134,426,214,0.8503496503496504,0.8503496503496504,0.27307692307692305,0.14965034965034965,0.7269230769230769,0.7269230769230769
0.029258,1216,1135,425,214,0.8503496503496504,0.8503496503496504,0.2724358974358974,0.14965034965034965,0.7275641025641025,0.7275641025641025
0.02934,1216,1136,424,214,0.8503496503496504,0.8503496503496504,0.2717948717948718,0.14965034965034965,0.7282051282051282,0.7282051282051282
0.029348,1216,1137,423,214,0.8503496503496504,0.8503496503496504,0.27115384615384613,0.14965034965034965,0.7288461538461538,0.7288461538461538
0.029412,1216,1138,422,214,0.8503496503496504,0.8503496503496504,0.2705128205128205,0.14965034965034965,0.7294871794871794,0.7294871794871794
0.029437,1216,1139,421,214,0.8503496503496504,0.8503496503496504,0.26987179487179486,0.14965034965034965,0.7301282051282051,0.7301282051282051
0.029439,1216,1140,420,214,0.8503496503496504,0.8503496503496504,0.2692307692307692,0.14965034965034965,0.7307692307692307,0.7307692307692307
0.029472,1215,1140,420,215,0.8496503496503497,0.8496503496503497,0.2692307692307692,0.15034965034965034,0.7307692307692307,0.7307692307692307
0.02952,1215,1141,419,215,0.8496503496503497,0.8496503496503497,0.2685897435897436,0.15034965034965034,0.7314102564102564,0.7314102564102564
0.029557,1215,1142,418,215,0.8496503496503497,0.8496503496503497,0.26794871794871794,0.15034965034965034,0.732051282051282,0.732051282051282
0.029567,1215,1143,417,215,0.8496503496503497,0.8496503496503497,0.2673076923076923,0.15034965034965034,0.7326923076923076,0.7326923076923076
0.029592,1215,1144,416,215,0.8496503496503497,0.8496503496503497,0.26666666666666666,0.15034965034965034,0.7333333333333333,0.7333333333333333
0.029644,1215,1145,415,215,0.8496503496503497,0.8496503496503497,0.266025641025641,0.15034965034965034,0.7339743589743589,0.7339743589743589
0.029677,1215,1146,414,215,0.8496503496503497,0.8496503496503497,0.2653846153846154,0.15034965034965034,0.7346153846153847,0.7346153846153847
0.02968,1215,1147,413,215,0.8496503496503497,0.8496503496503497,0.26474358974358975,0.15034965034965034,0.7352564102564103,0.7352564102564103
0.029782,1214,1147,413,216,0.848951048951049,0.848951048951049,0.26474358974358975,0.15104895104895105,0.7352564102564103,0.7352564102564103
0.029851,1214,1148,412,216,0.848951048951049,0.848951048951049,0.2641025641025641,0.15104895104895105,0.735897435897436,0.735897435897436
0.029885,1213,1148,412,217,0.8482517482517482,0.8482517482517482,0.2641025641025641,0.15174825174825174,0.735897435897436,0.735897435897436
0.029956,1212,1148,412,218,0.8475524475524475,0.8475524475524475,0.2641025641025641,0.15244755244755245,0.735897435897436,0.735897435897436
0.03,1212,1149,411,218,0.8475524475524475,0.8475524475524475,0.26346153846153847,0.15244755244755245,0.7365384615384616,0.7365384615384616
0.030012,1211,1149,411,219,0.8468531468531468,0.8468531468531468,0.26346153846153847,0.15314685314685314,0.7365384615384616,0.7365384615384616
0.030048,1210,1149,411,220,0.8461538461538461,0.8461538461538461,0.26346153846153847,0.15384615384615385,0.7365384615384616,0.7365384615384616
0.030065,1210,1150,410,220,0.8461538461538461,0.8461538461538461,0.26282051282051283,0.15384615384615385,0.7371794871794872,0.7371794871794872
0.03014,1210,1151,409,220,0.8461538461538461,0.8461538461538461,0.2621794871794872,0.15384615384615385,0.7378205128205129,0.7378205128205129
0.030151,1210,1152,408,220,0.8461538461538461,0.8461538461538461,0.26153846153846155,0.15384615384615385,0.7384615384615385,0.7384615384615385
0.030168,1209,1152,408,221,0.8454545454545455,0.8454545454545455,0.26153846153846155,0.15454545454545454,0.7384615384615385,0.7384615384615385
0.030208,1209,1154,406,221,0.8454545454545455,0.8454545454545455,0.2602564102564103,0.15454545454545454,0.7397435897435898,0.7397435897435898
0.03027,1209,1155,405,221,0.8454545454545455,0.8454545454545455,0.25961538461538464,0.15454545454545454,0.7403846153846154,0.7403846153846154
0.030521,1209,1156,404,221,0.8454545454545455,0.8454545454545455,0.258974358974359,0.15454545454545454,0.7410256410256411,0.7410256410256411
0.030596,1209,1157,403,221,0.8454545454545455,0.8454545454545455,0.25833333333333336,0.15454545454545454,0.7416666666666667,0.7416666666666667
0.030744,1208,1157,403,222,0.8447552447552448,0.8447552447552448,0.25833333333333336,0.15524475524475526,0.7416666666666667,0.7416666666666667
0.030769,1207,1157,403,223,0.8440559440559441,0.8440559440559441,0.25833333333333336,0.15594405594405594,0.7416666666666667,0.7416666666666667
0.030815,1207,1158,402,223,0.8440559440559441,0.8440559440559441,0.25769230769230766,0.15594405594405594,0.7423076923076923,0.7423076923076923
0.030846,1206,1158,402,224,0.8433566433566434,0.8433566433566434,0.25769230769230766,0.15664335664335666,0.7423076923076923,0.7423076923076923
0.030848,1206,1159,401,224,0.8433566433566434,0.8433566433566434,0.257051282051282,0.15664335664335666,0.742948717948718,0.742948717948718
0.030963,1205,1159,401,225,0.8426573426573427,0.8426573426573427,0.257051282051282,0.15734265734265734,0.742948717948718,0.742948717948718
0.031042,1205,1160,400,225,0.8426573426573427,0.8426573426573427,0.2564102564102564,0.15734265734265734,0.7435897435897436,0.7435897435897436
0.031044,1204,1160,400,226,0.8419580419580419,0.8419580419580419,0.2564102564102564,0.15804195804195803,0.7435897435897436,0.7435897435897436
0.031095,1204,1161,399,226,0.8419580419580419,0.8419580419580419,0.25576923076923075,0.15804195804195803,0.7442307692307693,0.7442307692307693
0.031111,1204,1162,398,226,0.8419580419580419,0.8419580419580419,0.2551282051282051,0.15804195804195803,0.7448717948717949,0.7448717948717949
0.031133,1204,1163,397,226,0.8419580419580419,0.8419580419580419,0.25448717948717947,0.15804195804195803,0.7455128205128205,0.7455128205128205
0.031355,1203,1163,397,227,0.8412587412587412,0.8412587412587412,0.25448717948717947,0.15874125874125875,0.7455128205128205,0.7455128205128205
0.031546,1202,1163,397,228,0.8405594405594405,0.8405594405594405,0.25448717948717947,0.15944055944055943,0.7455128205128205,0.7455128205128205
0.031599,1201,1163,397,229,0.8398601398601399,0.8398601398601399,0.25448717948717947,0.16013986013986015,0.7455128205128205,0.7455128205128205
0.031653,1201,1164,396,229,0.8398601398601399,0.8398601398601399,0.25384615384615383,0.16013986013986015,0.7461538461538462,0.7461538461538462
0.031762,1200,1164,396,230,0.8391608391608392,0.8391608391608392,0.25384615384615383,0.16083916083916083,0.7461538461538462,0.7461538461538462
0.031763,1200,1165,395,230,0.8391608391608392,0.8391608391608392,0.2532051282051282,0.16083916083916083,0.7467948717948718,0.7467948717948718
0.031805,1200,1166,394,230,0.8391608391608392,0.8391608391608392,0.25256410256410255,0.16083916083916083,0.7474358974358974,0.7474358974358974
0.031891,1200,1167,393,230,0.8391608391608392,0.8391608391608392,0.2519230769230769,0.16083916083916083,0.7480769230769231,0.7480769230769231
0.032086,1200,1168,392,230,0.8391608391608392,0.8391608391608392,0.2512820512820513,0.16083916083916083,0.7487179487179487,0.7487179487179487
0.032095,1199,1168,392,231,0.8384615384615385,0.8384615384615385,0.2512820512820513,0.16153846153846155,0.7487179487179487,0.7487179487179487
0.0322,1199,1169,391,231,0.8384615384615385,0.8384615384615385,0.25064102564102564,0.16153846153846155,0.7493589743589744,0.7493589743589744
0.032287,1198,1169,391,232,0.8377622377622378,0.8377622377622378,0.25064102564102564,0.16223776223776223,0.7493589743589744,0.7493589743589744
0.03231,1198,1170,390,232,0.8377622377622378,0.8377622377622378,0.25,0.16223776223776223,0.75,0.75
0.032333,1198,1171,389,232,0.8377622377622378,0.8377622377622378,0.24935897435897436,0.16223776223776223,0.7506410256410256,0.7506410256410256
0.032487,1197,1171,389,233,0.8370629370629371,0.8370629370629371,0.24935897435897436,0.16293706293706295,0.7506410256410256,0.7506410256410256
0.03251,1197,1172,388,233,0.8370629370629371,0.8370629370629371,0.24871794871794872,0.16293706293706295,0.7512820512820513,0.7512820512820513
0.032618,1196,1172,388,234,0.8363636363636363,0.8363636363636363,0.24871794871794872,0.16363636363636364,0.7512820512820513,0.7512820512820513
0.032641,1196,1173,387,234,0.8363636363636363,0.8363636363636363,0.24807692307692308,0.16363636363636364,0.7519230769230769,0.7519230769230769
0.032658,1196,1174,386,234,0.8363636363636363,0.8363636363636363,0.24743589743589745,0.16363636363636364,0.7525641025641026,0.7525641025641026
0.03271,1195,1174,386,235,0.8356643356643356,0.8356643356643356,0.24743589743589745,0.16433566433566432,0.7525641025641026,0.7525641025641026
0.032724,1195,1175,385,235,0.8356643356643356,0.8356643356643356,0.2467948717948718,0.16433566433566432,0.7532051282051282,0.7532051282051282
0.032753,1195,1176,384,235,0.8356643356643356,0.8356643356643356,0.24615384615384617,0.16433566433566432,0.7538461538461538,0.7538461538461538
0.032869,1195,1177,383,235,0.8356643356643356,0.8356643356643356,0.2455128205128205,0.16433566433566432,0.7544871794871795,0.7544871794871795
0.03298,1194,1177,383,236,0.8349650349650349,0.8349650349650349,0.2455128205128205,0.16503496503496504,0.7544871794871795,0.7544871794871795
0.033003,1194,1178,382,236,0.8349650349650349,0.8349650349650349,0.24487179487179486,0.16503496503496504,0.7551282051282051,0.7551282051282051
0.033448,1194,1179,381,236,0.8349650349650349,0.8349650349650349,0.24423076923076922,0.16503496503496504,0.7557692307692307,0.7557692307692307
0.033454,1194,1180,380,236,0.8349650349650349,0.8349650349650349,0.24358974358974358,0.16503496503496504,0.7564102564102564,0.7564102564102564
0.033473,1194,1181,379,236,0.8349650349650349,0.8349650349650349,0.24294871794871795,0.16503496503496504,0.757051282051282,0.757051282051282
0.033639,1194,1182,378,236,0.8349650349650349,0.8349650349650349,0.2423076923076923,0.16503496503496504,0.7576923076923077,0.7576923076923077
0.033654,1194,1183,377,236,0.8349650349650349,0.8349650349650349,0.24166666666666667,0.16503496503496504,0.7583333333333333,0.7583333333333333
0.033682,1192,1183,377,238,0.8335664335664336,0.8335664335664336,0.24166666666666667,0.16643356643356644,0.7583333333333333,0.7583333333333333
0.03372,1191,1183,377,239,0.8328671328671329,0.8328671328671329,0.24166666666666667,0.16713286713286712,0.7583333333333333,0.7583333333333333
0.033724,1191,1184,376,239,0.8328671328671329,0.8328671328671329,0.24102564102564103,0.16713286713286712,0.7589743589743589,0.7589743589743589
0.033792,1190,1184,376,240,0.8321678321678322,0.8321678321678322,0.24102564102564103,0.16783216783216784,0.7589743589743589,0.7589743589743589
0.033913,1190,1185,375,240,0.8321678321678322,0.8321678321678322,0.2403846153846154,0.16783216783216784,0.7596153846153846,0.7596153846153846
0.033916,1190,1186,374,240,0.8321678321678322,0.8321678321678322,0.23974358974358975,0.16783216783216784,0.7602564102564102,0.7602564102564102
0.033934,1189,1186,374,241,0.8314685314685315,0.8314685314685315,0.23974358974358975,0.16853146853146853,0.7602564102564102,0.7602564102564102
0.033951,1188,1186,374,242,0.8307692307692308,0.8307692307692308,0.23974358974358975,0.16923076923076924,0.7602564102564102,0.7602564102564102
0.034052,1188,1187,373,242,0.8307692307692308,0.8307692307692308,0.2391025641025641,0.16923076923076924,0.7608974358974359,0.7608974358974359
0.034113,1188,1188,372,242,0.8307692307692308,0.8307692307692308,0.23846153846153847,0.16923076923076924,0.7615384615384615,0.7615384615384615
0.034179,1188,1189,371,242,0.8307692307692308,0.8307692307692308,0.2378205128205128,0.16923076923076924,0.7621794871794871,0.7621794871794871
0.034225,1188,1190,370,242,0.8307692307692308,0.8307692307692308,0.23717948717948717,0.16923076923076924,0.7628205128205128,0.7628205128205128
0.034323,1188,1192,368,242,0.8307692307692308,0.8307692307692308,0.2358974358974359,0.16923076923076924,0.764102564102564,0.764102564102564
0.034343,1188,1193,367,242,0.8307692307692308,0.8307692307692308,0.23525641025641025,0.16923076923076924,0.7647435897435897,0.7647435897435897
0.034417,1187,1193,367,243,0.83006993006993,0.83006993006993,0.23525641025641025,0.16993006993006993,0.7647435897435897,0.7647435897435897
0.034557,1187,1194,366,243,0.83006993006993,0.83006993006993,0.23461538461538461,0.16993006993006993,0.7653846153846153,0.7653846153846153
0.034743,1187,1195,365,243,0.83006993006993,0.83006993006993,0.23397435897435898,0.16993006993006993,0.7660256410256411,0.7660256410256411
0.034921,1186,1195,365,244,0.8293706293706293,0.8293706293706293,0.23397435897435898,0.17062937062937064,0.7660256410256411,0.7660256410256411
0.034926,1185,1195,365,245,0.8286713286713286,0.8286713286713286,0.23397435897435898,0.17132867132867133,0.7660256410256411,0.7660256410256411
0.035065,1185,1196,364,245,0.8286713286713286,0.8286713286713286,0.23333333333333334,0.17132867132867133,0.7666666666666667,0.7666666666666667
0.035088,1185,1197,363,245,0.8286713286713286,0.8286713286713286,0.2326923076923077,0.17132867132867133,0.7673076923076924,0.7673076923076924
0.035584,1185,1198,362,245,0.8286713286713286,0.8286713286713286,0.23205128205128206,0.17132867132867133,0.767948717948718,0.767948717948718
0.035605,1184,1198,362,246,0.827972027972028,0.827972027972028,0.23205128205128206,0.17202797202797201,0.767948717948718,0.767948717948718
0.035672,1183,1198,362,247,0.8272727272727273,0.8272727272727273,0.23205128205128206,0.17272727272727273,0.767948717948718,0.767948717948718
0.035679,1182,1198,362,248,0.8265734265734266,0.8265734265734266,0.23205128205128206,0.17342657342657342,0.767948717948718,0.767948717948718
0.035682,1182,1199,361,248,0.8265734265734266,0.8265734265734266,0.23141025641025642,0.17342657342657342,0.7685897435897436,0.7685897435897436
0.035842,1181,1199,361,249,0.8258741258741259,0.8258741258741259,0.23141025641025642,0.17412587412587413,0.7685897435897436,0.7685897435897436
0.036026,1181,1200,360,249,0.8258741258741259,0.8258741258741259,0.23076923076923078,0.17412587412587413,0.7692307692307693,0.7692307692307693
0.036101,1180,1200,360,250,0.8251748251748252,0.8251748251748252,0.23076923076923078,0.17482517482517482,0.7692307692307693,0.7692307692307693
0.036161,1180,1201,359,250,0.8251748251748252,0.8251748251748252,0.23012820512820512,0.17482517482517482,0.7698717948717949,0.7698717948717949
0.03624,1180,1202,358,250,0.8251748251748252,0.8251748251748252,0.22948717948717948,0.17482517482517482,0.7705128205128206,0.7705128205128206
0.036364,1180,1203,357,250,0.8251748251748252,0.8251748251748252,0.22884615384615384,0.17482517482517482,0.7711538461538462,0.7711538461538462
0.036509,1179,1203,357,251,0.8244755244755245,0.8244755244755245,0.22884615384615384,0.17552447552447553,0.7711538461538462,0.7711538461538462
0.036534,1178,1203,357,252,0.8237762237762237,0.8237762237762237,0.22884615384615384,0.17622377622377622,0.7711538461538462,0.7711538461538462
0.03664,1178,1204,356,252,0.8237762237762237,0.8237762237762237,0.2282051282051282,0.17622377622377622,0.7717948717948718,0.7717948717948718
0.036765,1178,1205,355,252,0.8237762237762237,0.8237762237762237,0.22756410256410256,0.17622377622377622,0.7724358974358975,0.7724358974358975
0.036817,1178,1206,354,252,0.8237762237762237,0.8237762237762237,0.22692307692307692,0.17622377622377622,0.7730769230769231,0.7730769230769231
0.037037,1177,1206,354,253,0.823076923076923,0.823076923076923,0.22692307692307692,0.17692307692307693,0.7730769230769231,0.7730769230769231
0.037374,1177,1207,353,253,0.823076923076923,0.823076923076923,0.22628205128205128,0.17692307692307693,0.7737179487179487,0.7737179487179487
0.037464,1177,1208,352,253,0.823076923076923,0.823076923076923,0.22564102564102564,0.17692307692307693,0.7743589743589744,0.7743589743589744
0.037627,1177,1209,351,253,0.823076923076923,0.823076923076923,0.225,0.17692307692307693,0.775,0.775
0.037885,1176,1209,351,254,0.8223776223776224,0.8223776223776224,0.225,0.17762237762237762,0.775,0.775
0.037886,1176,1210,350,254,0.8223776223776224,0.8223776223776224,0.22435897435897437,0.17762237762237762,0.7756410256410257,0.7756410256410257
0.037904,1175,1210,350,255,0.8216783216783217,0.8216783216783217,0.22435897435897437,0.17832167832167833,0.7756410256410257,0.7756410256410257
0.037949,1174,1210,350,256,0.820979020979021,0.820979020979021,0.22435897435897437,0.17902097902097902,0.7756410256410257,0.7756410256410257
0.037975,1174,1211,349,256,0.820979020979021,0.820979020979021,0.22371794871794873,0.17902097902097902,0.7762820512820513,0.7762820512820513
0.038018,1173,1211,349,257,0.8202797202797203,0.8202797202797203,0.22371794871794873,0.1797202797202797,0.7762820512820513,0.7762820512820513
0.038074,1172,1211,349,258,0.8195804195804196,0.8195804195804196,0.22371794871794873,0.18041958041958042,0.7762820512820513,0.7762820512820513
0.038105,1171,1211,349,259,0.8188811188811189,0.8188811188811189,0.22371794871794873,0.1811188811188811,0.7762820512820513,0.7762820512820513
0.038114,1171,1212,348,259,0.8188811188811189,0.8188811188811189,0.2230769230769231,0.1811188811188811,0.7769230769230769,0.7769230769230769
0.038377,1171,1213,347,259,0.8188811188811189,0.8188811188811189,0.22243589743589742,0.1811188811188811,0.7775641025641026,0.7775641025641026
0.038462,1171,1214,346,259,0.8188811188811189,0.8188811188811189,0.22179487179487178,0.1811188811188811,0.7782051282051282,0.7782051282051282
0.038498,1171,1215,345,259,0.8188811188811189,0.8188811188811189,0.22115384615384615,0.1811188811188811,0.7788461538461539,0.7788461538461539
0.038614,1170,1215,345,260,0.8181818181818182,0.8181818181818182,0.22115384615384615,0.18181818181818182,0.7788461538461539,0.7788461538461539
0.038636,1169,1215,345,261,0.8174825174825174,0.8174825174825174,0.22115384615384615,0.1825174825174825,0.7788461538461539,0.7788461538461539
0.03903,1169,1216,344,261,0.8174825174825174,0.8174825174825174,0.2205128205128205,0.1825174825174825,0.7794871794871795,0.7794871794871795
0.039046,1168,1216,344,262,0.8167832167832167,0.8167832167832167,0.2205128205128205,0.18321678321678322,0.7794871794871795,0.7794871794871795
0.039071,1168,1217,343,262,0.8167832167832167,0.8167832167832167,0.21987179487179487,0.18321678321678322,0.7801282051282051,0.7801282051282051
0.03912,1168,1218,342,262,0.8167832167832167,0.8167832167832167,0.21923076923076923,0.18321678321678322,0.7807692307692308,0.7807692307692308
0.03932,1167,1218,342,263,0.8160839160839161,0.8160839160839161,0.21923076923076923,0.1839160839160839,0.7807692307692308,0.7807692307692308
0.039489,1166,1218,342,264,0.8153846153846154,0.8153846153846154,0.21923076923076923,0.18461538461538463,0.7807692307692308,0.7807692307692308
0.039555,1166,1219,341,264,0.8153846153846154,0.8153846153846154,0.2185897435897436,0.18461538461538463,0.7814102564102564,0.7814102564102564
0.039568,1166,1220,340,264,0.8153846153846154,0.8153846153846154,0.21794871794871795,0.18461538461538463,0.782051282051282,0.782051282051282
0.039648,1165,1220,340,265,0.8146853146853147,0.8146853146853147,0.21794871794871795,0.1853146853146853,0.782051282051282,0.782051282051282
0.039674,1164,1220,340,266,0.813986013986014,0.813986013986014,0.21794871794871795,0.18601398601398603,0.782051282051282,0.782051282051282
0.039828,1163,1220,340,267,0.8132867132867133,0.8132867132867133,0.21794871794871795,0.1867132867132867,0.782051282051282,0.782051282051282
0.039958,1163,1221,339,267,0.8132867132867133,0.8132867132867133,0.2173076923076923,0.1867132867132867,0.7826923076923077,0.7826923076923077
0.040179,1163,1222,338,267,0.8132867132867133,0.8132867132867133,0.21666666666666667,0.1867132867132867,0.7833333333333333,0.7833333333333333
0.040205,1163,1223,337,267,0.8132867132867133,0.8132867132867133,0.21602564102564104,0.1867132867132867,0.783974358974359,0.783974358974359
0.040217,1162,1223,337,268,0.8125874125874126,0.8125874125874126,0.21602564102564104,0.1874125874125874,0.783974358974359,0.783974358974359
0.040237,1161,1223,337,269,0.8118881118881119,0.8118881118881119,0.21602564102564104,0.18811188811188811,0.783974358974359,0.783974358974359
0.040452,1161,1224,336,269,0.8118881118881119,0.8118881118881119,0.2153846153846154,0.18811188811188811,0.7846153846153846,0.7846153846153846
0.040468,1161,1225,335,269,0.8118881118881119,0.8118881118881119,0.21474358974358973,0.18811188811188811,0.7852564102564102,0.7852564102564102
0.040476,1160,1225,335,270,0.8111888111888111,0.8111888111888111,0.21474358974358973,0.1888111888111888,0.7852564102564102,0.7852564102564102
0.040541,1160,1226,334,270,0.8111888111888111,0.8111888111888111,0.2141025641025641,0.1888111888111888,0.7858974358974359,0.7858974358974359
0.040632,1159,1226,334,271,0.8104895104895105,0.8104895104895105,0.2141025641025641,0.18951048951048952,0.7858974358974359,0.7858974358974359
0.040761,1159,1227,333,271,0.8104895104895105,0.8104895104895105,0.21346153846153845,0.18951048951048952,0.7865384615384615,0.7865384615384615
0.040984,1159,1228,332,271,0.8104895104895105,0.8104895104895105,0.2128205128205128,0.18951048951048952,0.7871794871794872,0.7871794871794872
0.041081,1159,1229,331,271,0.8104895104895105,0.8104895104895105,0.21217948717948718,0.18951048951048952,0.7878205128205128,0.7878205128205128
0.041112,1159,1230,330,271,0.8104895104895105,0.8104895104895105,0.21153846153846154,0.18951048951048952,0.7884615384615384,0.7884615384615384
0.041152,1159,1231,329,271,0.8104895104895105,0.8104895104895105,0.2108974358974359,0.18951048951048952,0.7891025641025641,0.7891025641025641
0.041339,1159,1232,328,271,0.8104895104895105,0.8104895104895105,0.21025641025641026,0.18951048951048952,0.7897435897435897,0.7897435897435897
0.041551,1158,1232,328,272,0.8097902097902098,0.8097902097902098,0.21025641025641026,0.1902097902097902,0.7897435897435897,0.7897435897435897
0.041573,1158,1233,327,272,0.8097902097902098,0.8097902097902098,0.20961538461538462,0.1902097902097902,0.7903846153846154,0.7903846153846154
0.041623,1158,1234,326,272,0.8097902097902098,0.8097902097902098,0.20897435897435898,0.1902097902097902,0.791025641025641,0.791025641025641
0.041706,1158,1235,325,272,0.8097902097902098,0.8097902097902098,0.20833333333333334,0.1902097902097902,0.7916666666666666,0.7916666666666666
0.041788,1157,1235,325,273,0.8090909090909091,0.8090909090909091,0.20833333333333334,0.19090909090909092,0.7916666666666666,0.7916666666666666
0.041949,1157,1236,324,273,0.8090909090909091,0.8090909090909091,0.2076923076923077,0.19090909090909092,0.7923076923076923,0.7923076923076923
0.041991,1156,1236,324,274,0.8083916083916084,0.8083916083916084,0.2076923076923077,0.1916083916083916,0.7923076923076923,0.7923076923076923
0.042208,1155,1236,324,275,0.8076923076923077,0.8076923076923077,0.2076923076923077,0.19230769230769232,0.7923076923076923,0.7923076923076923
0.042396,1155,1237,323,275,0.8076923076923077,0.8076923076923077,0.20705128205128207,0.19230769230769232,0.7929487179487179,0.7929487179487179
0.042584,1155,1238,322,275,0.8076923076923077,0.8076923076923077,0.2064102564102564,0.19230769230769232,0.7935897435897435,0.7935897435897435
0.042614,1155,1239,321,275,0.8076923076923077,0.8076923076923077,0.20576923076923076,0.19230769230769232,0.7942307692307692,0.7942307692307692
0.042627,1155,1240,320,275,0.8076923076923077,0.8076923076923077,0.20512820512820512,0.19230769230769232,0.7948717948717948,0.7948717948717948
0.04277,1155,1241,319,275,0.8076923076923077,0.8076923076923077,0.20448717948717948,0.19230769230769232,0.7955128205128205,0.7955128205128205
0.042802,1154,1241,319,276,0.806993006993007,0.806993006993007,0.20448717948717948,0.193006993006993,0.7955128205128205,0.7955128205128205
0.04315,1153,1241,319,277,0.8062937062937063,0.8062937062937063,0.20448717948717948,0.19370629370629372,0.7955128205128205,0.7955128205128205
0.04343,1153,1242,318,277,0.8062937062937063,0.8062937062937063,0.20384615384615384,0.19370629370629372,0.7961538461538461,0.7961538461538461
0.043529,1153,1243,317,277,0.8062937062937063,0.8062937062937063,0.2032051282051282,0.19370629370629372,0.7967948717948717,0.7967948717948717
0.043767,1152,1243,317,278,0.8055944055944056,0.8055944055944056,0.2032051282051282,0.1944055944055944,0.7967948717948717,0.7967948717948717
0.043833,1151,1243,317,279,0.8048951048951049,0.8048951048951049,0.2032051282051282,0.1951048951048951,0.7967948717948717,0.7967948717948717
0.043884,1151,1244,316,279,0.8048951048951049,0.8048951048951049,0.20256410256410257,0.1951048951048951,0.7974358974358975,0.7974358974358975
0.043896,1150,1244,316,280,0.8041958041958042,0.8041958041958042,0.20256410256410257,0.1958041958041958,0.7974358974358975,0.7974358974358975
0.043931,1150,1245,315,280,0.8041958041958042,0.8041958041958042,0.20192307692307693,0.1958041958041958,0.7980769230769231,0.7980769230769231
0.044037,1149,1245,315,281,0.8034965034965035,0.8034965034965035,0.20192307692307693,0.1965034965034965,0.7980769230769231,0.7980769230769231
0.0441,1148,1245,315,282,0.8027972027972028,0.8027972027972028,0.20192307692307693,0.1972027972027972,0.7980769230769231,0.7980769230769231
0.044103,1148,1246,314,282,0.8027972027972028,0.8027972027972028,0.2012820512820513,0.1972027972027972,0.7987179487179488,0.7987179487179488
0.044199,1147,1246,314,283,0.8020979020979021,0.8020979020979021,0.2012820512820513,0.1979020979020979,0.7987179487179488,0.7987179487179488
0.044231,1146,1246,314,284,0.8013986013986014,0.8013986013986014,0.2012820512820513,0.1986013986013986,0.7987179487179488,0.7987179487179488
0.04431,1145,1246,314,285,0.8006993006993007,0.8006993006993007,0.2012820512820513,0.1993006993006993,0.7987179487179488,0.7987179487179488
0.044359,1144,1246,314,286,0.8,0.8,0.2012820512820513,0.2,0.7987179487179488,0.7987179487179488
0.044444,1143,1246,314,287,0.7993006993006992,0.7993006993006992,0.2012820512820513,0.2006993006993007,0.7987179487179488,0.7987179487179488
0.044465,1142,1247,313,288,0.7986013986013986,0.7986013986013986,0.20064102564102565,0.2013986013986014,0.7993589743589744,0.7993589743589744
0.044473,1141,1247,313,289,0.7979020979020979,0.7979020979020979,0.20064102564102565,0.2020979020979021,0.7993589743589744,0.7993589743589744
0.044643,1140,1247,313,290,0.7972027972027972,0.7972027972027972,0.20064102564102565,0.20279720279720279,0.7993589743589744,0.7993589743589744
0.044761,1139,1247,313,291,0.7965034965034965,0.7965034965034965,0.20064102564102565,0.2034965034965035,0.7993589743589744,0.7993589743589744
0.045,1138,1247,313,292,0.7958041958041958,0.7958041958041958,0.20064102564102565,0.2041958041958042,0.7993589743589744,0.7993589743589744
0.045016,1138,1248,312,292,0.7958041958041958,0.7958041958041958,0.2,0.2041958041958042,0.8,0.8
0.045244,1137,1248,312,293,0.7951048951048951,0.7951048951048951,0.2,0.2048951048951049,0.8,0.8
0.045517,1136,1248,312,294,0.7944055944055944,0.7944055944055944,0.2,0.2055944055944056,0.8,0.8
0.045561,1136,1249,311,294,0.7944055944055944,0.7944055944055944,0.19935897435897437,0.2055944055944056,0.8006410256410257,0.8006410256410257
0.045723,1135,1249,311,295,0.7937062937062938,0.7937062937062938,0.19935897435897437,0.2062937062937063,0.8006410256410257,0.8006410256410257
0.04578,1135,1250,310,295,0.7937062937062938,0.7937062937062938,0.1987179487179487,0.2062937062937063,0.8012820512820513,0.8012820512820513
0.045858,1135,1251,309,295,0.7937062937062938,0.7937062937062938,0.19807692307692307,0.2062937062937063,0.801923076923077,0.801923076923077
0.046083,1134,1251,309,296,0.793006993006993,0.793006993006993,0.19807692307692307,0.206993006993007,0.801923076923077,0.801923076923077
0.046536,1133,1251,309,297,0.7923076923076923,0.7923076923076923,0.19807692307692307,0.2076923076923077,0.801923076923077,0.801923076923077
0.046673,1133,1252,308,297,0.7923076923076923,0.7923076923076923,0.19743589743589743,0.2076923076923077,0.8025641025641026,0.8025641025641026
0.04675,1132,1252,308,298,0.7916083916083916,0.7916083916083916,0.19743589743589743,0.2083916083916084,0.8025641025641026,0.8025641025641026
0.047059,1131,1252,308,299,0.7909090909090909,0.7909090909090909,0.19743589743589743,0.20909090909090908,0.8025641025641026,0.8025641025641026
0.047337,1130,1252,308,300,0.7902097902097902,0.7902097902097902,0.19743589743589743,0.2097902097902098,0.8025641025641026,0.8025641025641026
0.047344,1129,1252,308,301,0.7895104895104895,0.7895104895104895,0.19743589743589743,0.21048951048951048,0.8025641025641026,0.8025641025641026
0.047511,1128,1252,308,302,0.7888111888111888,0.7888111888111888,0.19743589743589743,0.2111888111888112,0.8025641025641026,0.8025641025641026
0.047677,1128,1253,307,302,0.7888111888111888,0.7888111888111888,0.1967948717948718,0.2111888111888112,0.8032051282051282,0.8032051282051282
0.047695,1127,1253,307,303,0.7881118881118881,0.7881118881118881,0.1967948717948718,0.21188811188811188,0.8032051282051282,0.8032051282051282
0.047798,1126,1253,307,304,0.7874125874125875,0.7874125874125875,0.1967948717948718,0.2125874125874126,0.8032051282051282,0.8032051282051282
0.048106,1126,1254,306,304,0.7874125874125875,0.7874125874125875,0.19615384615384615,0.2125874125874126,0.8038461538461539,0.8038461538461539
0.048295,1126,1255,305,304,0.7874125874125875,0.7874125874125875,0.1955128205128205,0.2125874125874126,0.8044871794871795,0.8044871794871795
0.048354,1125,1255,305,305,0.7867132867132867,0.7867132867132867,0.1955128205128205,0.21328671328671328,0.8044871794871795,0.8044871794871795
0.04837,1125,1256,304,305,0.7867132867132867,0.7867132867132867,0.19487179487179487,0.21328671328671328,0.8051282051282052,0.8051282051282052
0.048403,1124,1256,304,306,0.786013986013986,0.786013986013986,0.19487179487179487,0.213986013986014,0.8051282051282052,0.8051282051282052
0.048423,1124,1257,303,306,0.786013986013986,0.786013986013986,0.19423076923076923,0.213986013986014,0.8057692307692308,0.8057692307692308
0.048502,1123,1257,303,307,0.7853146853146853,0.7853146853146853,0.19423076923076923,0.21468531468531468,0.8057692307692308,0.8057692307692308
0.048598,1123,1258,302,307,0.7853146853146853,0.7853146853146853,0.1935897435897436,0.21468531468531468,0.8064102564102564,0.8064102564102564
0.048611,1123,1259,301,307,0.7853146853146853,0.7853146853146853,0.19294871794871796,0.21468531468531468,0.8070512820512821,0.8070512820512821
0.048669,1123,1260,300,307,0.7853146853146853,0.7853146853146853,0.19230769230769232,0.21468531468531468,0.8076923076923077,0.8076923076923077
0.048673,1122,1260,300,308,0.7846153846153846,0.7846153846153846,0.19230769230769232,0.2153846153846154,0.8076923076923077,0.8076923076923077
0.048696,1121,1260,300,309,0.7839160839160839,0.7839160839160839,0.19230769230769232,0.21608391608391608,0.8076923076923077,0.8076923076923077
0.048755,1121,1261,299,309,0.7839160839160839,0.7839160839160839,0.19166666666666668,0.21608391608391608,0.8083333333333333,0.8083333333333333
0.04893,1121,1262,298,309,0.7839160839160839,0.7839160839160839,0.191025641025641,0.21608391608391608,0.808974358974359,0.808974358974359
0.049061,1121,1263,297,309,0.7839160839160839,0.7839160839160839,0.19038461538461537,0.21608391608391608,0.8096153846153846,0.8096153846153846
0.049251,1120,1263,297,310,0.7832167832167832,0.7832167832167832,0.19038461538461537,0.21678321678321677,0.8096153846153846,0.8096153846153846
0.04936,1120,1264,296,310,0.7832167832167832,0.7832167832167832,0.18974358974358974,0.21678321678321677,0.8102564102564103,0.8102564102564103
0.049541,1120,1265,295,310,0.7832167832167832,0.7832167832167832,0.1891025641025641,0.21678321678321677,0.8108974358974359,0.8108974358974359
0.049669,1120,1266,294,310,0.7832167832167832,0.7832167832167832,0.18846153846153846,0.21678321678321677,0.8115384615384615,0.8115384615384615
0.049884,1119,1266,294,311,0.7825174825174825,0.7825174825174825,0.18846153846153846,0.21748251748251748,0.8115384615384615,0.8115384615384615
0.049938,1119,1267,293,311,0.7825174825174825,0.7825174825174825,0.18782051282051282,0.21748251748251748,0.8121794871794872,0.8121794871794872
0.05037,1118,1267,293,312,0.7818181818181819,0.7818181818181819,0.18782051282051282,0.21818181818181817,0.8121794871794872,0.8121794871794872
0.050514,1117,1267,293,313,0.7811188811188812,0.7811188811188812,0.18782051282051282,0.21888111888111889,0.8121794871794872,0.8121794871794872
0.050515,1116,1267,293,314,0.7804195804195804,0.7804195804195804,0.18782051282051282,0.21958041958041957,0.8121794871794872,0.8121794871794872
0.050663,1115,1267,293,315,0.7797202797202797,0.7797202797202797,0.18782051282051282,0.2202797202797203,0.8121794871794872,0.8121794871794872
0.050717,1115,1268,292,315,0.7797202797202797,0.7797202797202797,0.18717948717948718,0.2202797202797203,0.8128205128205128,0.8128205128205128
0.050725,1115,1269,291,315,0.7797202797202797,0.7797202797202797,0.18653846153846154,0.2202797202797203,0.8134615384615385,0.8134615384615385
0.050752,1114,1269,291,316,0.779020979020979,0.779020979020979,0.18653846153846154,0.22097902097902097,0.8134615384615385,0.8134615384615385
0.050761,1113,1269,291,317,0.7783216783216783,0.7783216783216783,0.18653846153846154,0.2216783216783217,0.8134615384615385,0.8134615384615385
0.050794,1112,1269,291,318,0.7776223776223776,0.7776223776223776,0.18653846153846154,0.22237762237762237,0.8134615384615385,0.8134615384615385
0.050883,1112,1270,290,318,0.7776223776223776,0.7776223776223776,0.1858974358974359,0.22237762237762237,0.8141025641025641,0.8141025641025641
0.051118,1111,1270,290,319,0.7769230769230769,0.7769230769230769,0.1858974358974359,0.2230769230769231,0.8141025641025641,0.8141025641025641
0.05113,1110,1270,290,320,0.7762237762237763,0.7762237762237763,0.1858974358974359,0.22377622377622378,0.8141025641025641,0.8141025641025641
0.051136,1109,1270,290,321,0.7755244755244756,0.7755244755244756,0.1858974358974359,0.22447552447552446,0.8141025641025641,0.8141025641025641
0.051316,1108,1270,290,322,0.7748251748251749,0.7748251748251749,0.1858974358974359,0.22517482517482518,0.8141025641025641,0.8141025641025641
0.051435,1107,1270,290,323,0.7741258741258741,0.7741258741258741,0.1858974358974359,0.22587412587412586,0.8141025641025641,0.8141025641025641
0.051463,1106,1270,290,324,0.7734265734265734,0.7734265734265734,0.1858974358974359,0.22657342657342658,0.8141025641025641,0.8141025641025641
0.051619,1105,1270,290,325,0.7727272727272727,0.7727272727272727,0.1858974358974359,0.22727272727272727,0.8141025641025641,0.8141025641025641
0.051621,1104,1270,290,326,0.772027972027972,0.772027972027972,0.1858974358974359,0.22797202797202798,0.8141025641025641,0.8141025641025641
0.051683,1104,1271,289,326,0.772027972027972,0.772027972027972,0.18525641025641026,0.22797202797202798,0.8147435897435897,0.8147435897435897
0.051758,1103,1271,289,327,0.7713286713286713,0.7713286713286713,0.18525641025641026,0.22867132867132867,0.8147435897435897,0.8147435897435897
0.051784,1102,1271,289,328,0.7706293706293706,0.7706293706293706,0.18525641025641026,0.22937062937062938,0.8147435897435897,0.8147435897435897
0.051829,1102,1272,288,328,0.7706293706293706,0.7706293706293706,0.18461538461538463,0.22937062937062938,0.8153846153846154,0.8153846153846154
0.052151,1102,1273,287,328,0.7706293706293706,0.7706293706293706,0.183974358974359,0.22937062937062938,0.816025641025641,0.816025641025641
0.052349,1102,1274,286,328,0.7706293706293706,0.7706293706293706,0.18333333333333332,0.22937062937062938,0.8166666666666667,0.8166666666666667
0.052411,1101,1274,286,329,0.76993006993007,0.76993006993007,0.18333333333333332,0.23006993006993007,0.8166666666666667,0.8166666666666667
0.052529,1101,1275,285,329,0.76993006993007,0.76993006993007,0.18269230769230768,0.23006993006993007,0.8173076923076923,0.8173076923076923
0.052632,1101,1276,284,329,0.76993006993007,0.76993006993007,0.18205128205128204,0.23006993006993007,0.8179487179487179,0.8179487179487179
0.052681,1100,1277,283,330,0.7692307692307693,0.7692307692307693,0.1814102564102564,0.23076923076923078,0.8185897435897436,0.8185897435897436
0.053066,1100,1278,282,330,0.7692307692307693,0.7692307692307693,0.18076923076923077,0.23076923076923078,0.8192307692307692,0.8192307692307692
0.053203,1100,1279,281,330,0.7692307692307693,0.7692307692307693,0.18012820512820513,0.23076923076923078,0.8198717948717948,0.8198717948717948
0.053237,1100,1280,280,330,0.7692307692307693,0.7692307692307693,0.1794871794871795,0.23076923076923078,0.8205128205128205,0.8205128205128205
0.053269,1100,1281,279,330,0.7692307692307693,0.7692307692307693,0.17884615384615385,0.23076923076923078,0.8211538461538461,0.8211538461538461
0.053333,1099,1281,279,331,0.7685314685314686,0.7685314685314686,0.17884615384615385,0.23146853146853147,0.8211538461538461,0.8211538461538461
0.053741,1098,1281,279,332,0.7678321678321678,0.7678321678321678,0.17884615384615385,0.23216783216783216,0.8211538461538461,0.8211538461538461
0.053929,1097,1281,279,333,0.7671328671328671,0.7671328671328671,0.17884615384615385,0.23286713286713287,0.8211538461538461,0.8211538461538461
0.054115,1097,1282,278,333,0.7671328671328671,0.7671328671328671,0.1782051282051282,0.23286713286713287,0.8217948717948718,0.8217948717948718
0.054147,1096,1282,278,334,0.7664335664335664,0.7664335664335664,0.1782051282051282,0.23356643356643356,0.8217948717948718,0.8217948717948718
0.054224,1096,1283,277,334,0.7664335664335664,0.7664335664335664,0.17756410256410257,0.23356643356643356,0.8224358974358974,0.8224358974358974
0.054386,1096,1284,276,334,0.7664335664335664,0.7664335664335664,0.17692307692307693,0.23356643356643356,0.823076923076923,0.823076923076923
0.054527,1096,1285,275,334,0.7664335664335664,0.7664335664335664,0.1762820512820513,0.23356643356643356,0.8237179487179487,0.8237179487179487
0.054585,1096,1286,274,334,0.7664335664335664,0.7664335664335664,0.17564102564102563,0.23356643356643356,0.8243589743589743,0.8243589743589743
0.055,1096,1287,273,334,0.7664335664335664,0.7664335664335664,0.175,0.23356643356643356,0.825,0.825
0.055172,1095,1287,273,335,0.7657342657342657,0.7657342657342657,0.175,0.23426573426573427,0.825,0.825
0.05522,1093,1287,273,337,0.7643356643356644,0.7643356643356644,0.175,0.23566433566433567,0.825,0.825
0.055347,1093,1288,272,337,0.7643356643356644,0.7643356643356644,0.17435897435897435,0.23566433566433567,0.8256410256410256,0.8256410256410256
0.055351,1092,1288,272,338,0.7636363636363637,0.7636363636363637,0.17435897435897435,0.23636363636363636,0.8256410256410256,0.8256410256410256
0.055385,1092,1289,271,338,0.7636363636363637,0.7636363636363637,0.1737179487179487,0.23636363636363636,0.8262820512820512,0.8262820512820512
0.055405,1091,1289,271,339,0.762937062937063,0.762937062937063,0.1737179487179487,0.23706293706293707,0.8262820512820512,0.8262820512820512
0.055412,1091,1290,270,339,0.762937062937063,0.762937062937063,0.17307692307692307,0.23706293706293707,0.8269230769230769,0.8269230769230769
0.055605,1091,1291,269,339,0.762937062937063,0.762937062937063,0.17243589743589743,0.23706293706293707,0.8275641025641025,0.8275641025641025
0.05566,1090,1291,269,340,0.7622377622377622,0.7622377622377622,0.17243589743589743,0.23776223776223776,0.8275641025641025,0.8275641025641025
0.055769,1090,1292,268,340,0.7622377622377622,0.7622377622377622,0.1717948717948718,0.23776223776223776,0.8282051282051283,0.8282051282051283
0.055777,1090,1293,267,340,0.7622377622377622,0.7622377622377622,0.17115384615384616,0.23776223776223776,0.8288461538461539,0.8288461538461539
0.055781,1089,1293,267,341,0.7615384615384615,0.7615384615384615,0.17115384615384616,0.23846153846153847,0.8288461538461539,0.8288461538461539
0.055785,1089,1294,266,341,0.7615384615384615,0.7615384615384615,0.17051282051282052,0.23846153846153847,0.8294871794871795,0.8294871794871795
0.055799,1088,1294,266,342,0.7608391608391608,0.7608391608391608,0.17051282051282052,0.23916083916083916,0.8294871794871795,0.8294871794871795
0.055814,1087,1294,266,343,0.7601398601398601,0.7601398601398601,0.17051282051282052,0.23986013986013985,0.8294871794871795,0.8294871794871795
0.056095,1087,1295,265,343,0.7601398601398601,0.7601398601398601,0.16987179487179488,0.23986013986013985,0.8301282051282052,0.8301282051282052
0.056098,1086,1295,265,344,0.7594405594405594,0.7594405594405594,0.16987179487179488,0.24055944055944056,0.8301282051282052,0.8301282051282052
0.056144,1085,1295,265,345,0.7587412587412588,0.7587412587412588,0.16987179487179488,0.24125874125874125,0.8301282051282052,0.8301282051282052
0.056156,1084,1295,265,346,0.7580419580419581,0.7580419580419581,0.16987179487179488,0.24195804195804196,0.8301282051282052,0.8301282051282052
0.056237,1083,1295,265,347,0.7573426573426574,0.7573426573426574,0.16987179487179488,0.24265734265734265,0.8301282051282052,0.8301282051282052
0.0563,1082,1296,264,348,0.7566433566433567,0.7566433566433567,0.16923076923076924,0.24335664335664337,0.8307692307692308,0.8307692307692308
0.056444,1082,1297,263,348,0.7566433566433567,0.7566433566433567,0.1685897435897436,0.24335664335664337,0.8314102564102565,0.8314102564102565
0.056462,1082,1298,262,348,0.7566433566433567,0.7566433566433567,0.16794871794871793,0.24335664335664337,0.8320512820512821,0.8320512820512821
0.056533,1081,1298,262,349,0.7559440559440559,0.7559440559440559,0.16794871794871793,0.24405594405594405,0.8320512820512821,0.8320512820512821
0.05663,1081,1299,261,349,0.7559440559440559,0.7559440559440559,0.1673076923076923,0.24405594405594405,0.8326923076923077,0.8326923076923077
0.056962,1081,1300,260,349,0.7559440559440559,0.7559440559440559,0.16666666666666666,0.24405594405594405,0.8333333333333334,0.8333333333333334
0.056968,1081,1301,259,349,0.7559440559440559,0.7559440559440559,0.16602564102564102,0.24405594405594405,0.833974358974359,0.833974358974359
0.057005,1080,1301,259,350,0.7552447552447552,0.7552447552447552,0.16602564102564102,0.24475524475524477,0.833974358974359,0.833974358974359
0.057113,1080,1302,258,350,0.7552447552447552,0.7552447552447552,0.16538461538461538,0.24475524475524477,0.8346153846153846,0.8346153846153846
0.057292,1079,1302,258,351,0.7545454545454545,0.7545454545454545,0.16538461538461538,0.24545454545454545,0.8346153846153846,0.8346153846153846
0.057495,1078,1302,258,352,0.7538461538461538,0.7538461538461538,0.16538461538461538,0.24615384615384617,0.8346153846153846,0.8346153846153846
0.057546,1077,1302,258,353,0.7531468531468531,0.7531468531468531,0.16538461538461538,0.24685314685314685,0.8346153846153846,0.8346153846153846
0.057711,1077,1303,257,353,0.7531468531468531,0.7531468531468531,0.16474358974358974,0.24685314685314685,0.8352564102564103,0.8352564102564103
0.057814,1077,1304,256,353,0.7531468531468531,0.7531468531468531,0.1641025641025641,0.24685314685314685,0.8358974358974359,0.8358974358974359
0.057878,1077,1305,255,353,0.7531468531468531,0.7531468531468531,0.16346153846153846,0.24685314685314685,0.8365384615384616,0.8365384615384616
0.058078,1076,1305,255,354,0.7524475524475525,0.7524475524475525,0.16346153846153846,0.24755244755244754,0.8365384615384616,0.8365384615384616
0.058122,1075,1305,255,355,0.7517482517482518,0.7517482517482518,0.16346153846153846,0.24825174825174826,0.8365384615384616,0.8365384615384616
0.058306,1074,1305,255,356,0.7510489510489511,0.7510489510489511,0.16346153846153846,0.24895104895104894,0.8365384615384616,0.8365384615384616
0.058324,1074,1306,254,356,0.7510489510489511,0.7510489510489511,0.16282051282051282,0.24895104895104894,0.8371794871794872,0.8371794871794872
0.058333,1074,1307,253,356,0.7510489510489511,0.7510489510489511,0.1621794871794872,0.24895104895104894,0.8378205128205128,0.8378205128205128
0.058405,1073,1307,253,357,0.7503496503496504,0.7503496503496504,0.1621794871794872,0.24965034965034966,0.8378205128205128,0.8378205128205128
0.058693,1073,1308,252,357,0.7503496503496504,0.7503496503496504,0.16153846153846155,0.24965034965034966,0.8384615384615385,0.8384615384615385
0.058765,1073,1309,251,357,0.7503496503496504,0.7503496503496504,0.1608974358974359,0.24965034965034966,0.8391025641025641,0.8391025641025641
0.058824,1073,1310,250,357,0.7503496503496504,0.7503496503496504,0.16025641025641027,0.24965034965034966,0.8397435897435898,0.8397435897435898
0.059104,1073,1312,248,357,0.7503496503496504,0.7503496503496504,0.15897435897435896,0.24965034965034966,0.841025641025641,0.841025641025641
0.059448,1073,1313,247,357,0.7503496503496504,0.7503496503496504,0.15833333333333333,0.24965034965034966,0.8416666666666667,0.8416666666666667
0.059811,1073,1314,246,357,0.7503496503496504,0.7503496503496504,0.1576923076923077,0.24965034965034966,0.8423076923076923,0.8423076923076923
0.059816,1072,1314,246,358,0.7496503496503496,0.7496503496503496,0.1576923076923077,0.25034965034965034,0.8423076923076923,0.8423076923076923
0.059859,1071,1314,246,359,0.7489510489510489,0.7489510489510489,0.1576923076923077,0.25104895104895103,0.8423076923076923,0.8423076923076923
0.06057,1070,1314,246,360,0.7482517482517482,0.7482517482517482,0.1576923076923077,0.2517482517482518,0.8423076923076923,0.8423076923076923
0.060677,1070,1315,245,360,0.7482517482517482,0.7482517482517482,0.15705128205128205,0.2517482517482518,0.842948717948718,0.842948717948718
0.060718,1070,1316,244,360,0.7482517482517482,0.7482517482517482,0.1564102564102564,0.2517482517482518,0.8435897435897436,0.8435897435897436
0.060797,1070,1317,243,360,0.7482517482517482,0.7482517482517482,0.15576923076923077,0.2517482517482518,0.8442307692307692,0.8442307692307692
0.060804,1070,1318,242,360,0.7482517482517482,0.7482517482517482,0.15512820512820513,0.2517482517482518,0.8448717948717949,0.8448717948717949
0.060811,1070,1319,241,360,0.7482517482517482,0.7482517482517482,0.1544871794871795,0.2517482517482518,0.8455128205128205,0.8455128205128205
0.06089,1069,1319,241,361,0.7475524475524475,0.7475524475524475,0.1544871794871795,0.25244755244755246,0.8455128205128205,0.8455128205128205
0.060988,1069,1320,240,361,0.7475524475524475,0.7475524475524475,0.15384615384615385,0.25244755244755246,0.8461538461538461,0.8461538461538461
0.061012,1068,1320,240,362,0.7468531468531469,0.7468531468531469,0.15384615384615385,0.25314685314685315,0.8461538461538461,0.8461538461538461
0.061061,1067,1320,240,363,0.7461538461538462,0.7461538461538462,0.15384615384615385,0.25384615384615383,0.8461538461538461,0.8461538461538461
0.0611,1066,1321,239,364,0.7454545454545455,0.7454545454545455,0.15320512820512822,0.2545454545454545,0.8467948717948718,0.8467948717948718
0.061284,1066,1322,238,364,0.7454545454545455,0.7454545454545455,0.15256410256410258,0.2545454545454545,0.8474358974358974,0.8474358974358974
0.061616,1065,1322,238,365,0.7447552447552448,0.7447552447552448,0.15256410256410258,0.25524475524475526,0.8474358974358974,0.8474358974358974
0.061625,1064,1322,238,366,0.7440559440559441,0.7440559440559441,0.15256410256410258,0.25594405594405595,0.8474358974358974,0.8474358974358974
0.061743,1064,1323,237,366,0.7440559440559441,0.7440559440559441,0.1519230769230769,0.25594405594405595,0.8480769230769231,0.8480769230769231
0.061751,1063,1323,237,367,0.7433566433566433,0.7433566433566433,0.1519230769230769,0.25664335664335663,0.8480769230769231,0.8480769230769231
0.061892,1063,1324,236,367,0.7433566433566433,0.7433566433566433,0.15128205128205127,0.25664335664335663,0.8487179487179487,0.8487179487179487
0.062176,1062,1324,236,368,0.7426573426573426,0.7426573426573426,0.15128205128205127,0.2573426573426573,0.8487179487179487,0.8487179487179487
0.062245,1061,1324,236,369,0.7419580419580419,0.7419580419580419,0.15128205128205127,0.25804195804195806,0.8487179487179487,0.8487179487179487
0.062591,1060,1324,236,370,0.7412587412587412,0.7412587412587412,0.15128205128205127,0.25874125874125875,0.8487179487179487,0.8487179487179487
0.0631,1060,1325,235,370,0.7412587412587412,0.7412587412587412,0.15064102564102563,0.25874125874125875,0.8493589743589743,0.8493589743589743
0.063158,1059,1325,235,371,0.7405594405594406,0.7405594405594406,0.15064102564102563,0.25944055944055944,0.8493589743589743,0.8493589743589743
0.063274,1058,1325,235,372,0.7398601398601399,0.7398601398601399,0.15064102564102563,0.2601398601398601,0.8493589743589743,0.8493589743589743
0.06338,1057,1325,235,373,0.7391608391608392,0.7391608391608392,0.15064102564102563,0.26083916083916087,0.8493589743589743,0.8493589743589743
0.063636,1057,1326,234,373,0.7391608391608392,0.7391608391608392,0.15,0.26083916083916087,0.85,0.85
0.06422,1055,1326,234,375,0.7377622377622378,0.7377622377622378,0.15,0.26223776223776224,0.85,0.85
0.064246,1055,1327,233,375,0.7377622377622378,0.7377622377622378,0.14935897435897436,0.26223776223776224,0.8506410256410256,0.8506410256410256
0.064368,1055,1328,232,375,0.7377622377622378,0.7377622377622378,0.14871794871794872,0.26223776223776224,0.8512820512820513,0.8512820512820513
0.064378,1055,1329,231,375,0.7377622377622378,0.7377622377622378,0.14807692307692308,0.26223776223776224,0.8519230769230769,0.8519230769230769
0.065385,1054,1329,231,376,0.737062937062937,0.737062937062937,0.14807692307692308,0.2629370629370629,0.8519230769230769,0.8519230769230769
0.065458,1053,1329,231,377,0.7363636363636363,0.7363636363636363,0.14807692307692308,0.2636363636363636,0.8519230769230769,0.8519230769230769
0.065476,1053,1330,230,377,0.7363636363636363,0.7363636363636363,0.14743589743589744,0.2636363636363636,0.8525641025641025,0.8525641025641025
0.065757,1052,1330,230,378,0.7356643356643356,0.7356643356643356,0.14743589743589744,0.26433566433566436,0.8525641025641025,0.8525641025641025
0.065882,1051,1330,230,379,0.734965034965035,0.734965034965035,0.14743589743589744,0.26503496503496504,0.8525641025641025,0.8525641025641025
0.065895,1050,1330,230,380,0.7342657342657343,0.7342657342657343,0.14743589743589744,0.26573426573426573,0.8525641025641025,0.8525641025641025
0.065909,1050,1331,229,380,0.7342657342657343,0.7342657342657343,0.1467948717948718,0.26573426573426573,0.8532051282051282,0.8532051282051282
0.065955,1050,1332,228,380,0.7342657342657343,0.7342657342657343,0.14615384615384616,0.26573426573426573,0.8538461538461538,0.8538461538461538
0.065967,1050,1333,227,380,0.7342657342657343,0.7342657342657343,0.14551282051282052,0.26573426573426573,0.8544871794871794,0.8544871794871794
0.066029,1049,1333,227,381,0.7335664335664336,0.7335664335664336,0.14551282051282052,0.2664335664335664,0.8544871794871794,0.8544871794871794
0.06613,1048,1333,227,382,0.7328671328671329,0.7328671328671329,0.14551282051282052,0.26713286713286716,0.8544871794871794,0.8544871794871794
0.066185,1048,1334,226,382,0.7328671328671329,0.7328671328671329,0.14487179487179488,0.26713286713286716,0.8551282051282051,0.8551282051282051
0.066291,1047,1334,226,383,0.7321678321678322,0.7321678321678322,0.14487179487179488,0.26783216783216784,0.8551282051282051,0.8551282051282051
0.066372,1046,1334,226,384,0.7314685314685314,0.7314685314685314,0.14487179487179488,0.26853146853146853,0.8551282051282051,0.8551282051282051
0.066521,1045,1334,226,385,0.7307692307692307,0.7307692307692307,0.14487179487179488,0.2692307692307692,0.8551282051282051,0.8551282051282051
0.066667,1045,1335,225,385,0.7307692307692307,0.7307692307692307,0.14423076923076922,0.2692307692307692,0.8557692307692307,0.8557692307692307
0.067179,1045,1336,224,385,0.7307692307692307,0.7307692307692307,0.14358974358974358,0.2692307692307692,0.8564102564102564,0.8564102564102564
0.067235,1044,1336,224,386,0.73006993006993,0.73006993006993,0.14358974358974358,0.2699300699300699,0.8564102564102564,0.8564102564102564
0.067265,1044,1337,223,386,0.73006993006993,0.73006993006993,0.14294871794871794,0.2699300699300699,0.857051282051282,0.857051282051282
0.067285,1043,1337,223,387,0.7293706293706294,0.7293706293706294,0.14294871794871794,0.27062937062937065,0.857051282051282,0.857051282051282
0.067553,1043,1338,222,387,0.7293706293706294,0.7293706293706294,0.1423076923076923,0.27062937062937065,0.8576923076923076,0.8576923076923076
0.067593,1042,1338,222,388,0.7286713286713287,0.7286713286713287,0.1423076923076923,0.27132867132867133,0.8576923076923076,0.8576923076923076
0.067633,1042,1339,221,388,0.7286713286713287,0.7286713286713287,0.14166666666666666,0.27132867132867133,0.8583333333333333,0.8583333333333333
0.067818,1041,1339,221,389,0.727972027972028,0.727972027972028,0.14166666666666666,0.272027972027972,0.8583333333333333,0.8583333333333333
0.067843,1041,1340,220,389,0.727972027972028,0.727972027972028,0.14102564102564102,0.272027972027972,0.8589743589743589,0.8589743589743589
0.068019,1041,1341,219,389,0.727972027972028,0.727972027972028,0.14038461538461539,0.272027972027972,0.8596153846153847,0.8596153846153847
0.068111,1041,1342,218,389,0.727972027972028,0.727972027972028,0.13974358974358975,0.272027972027972,0.8602564102564103,0.8602564102564103
0.068345,1041,1343,217,389,0.727972027972028,0.727972027972028,0.1391025641025641,0.272027972027972,0.860897435897436,0.860897435897436
0.06841,1040,1343,217,390,0.7272727272727273,0.7272727272727273,0.1391025641025641,0.2727272727272727,0.860897435897436,0.860897435897436
0.068525,1039,1343,217,391,0.7265734265734266,0.7265734265734266,0.1391025641025641,0.27342657342657345,0.860897435897436,0.860897435897436
0.068554,1039,1344,216,391,0.7265734265734266,0.7265734265734266,0.13846153846153847,0.27342657342657345,0.8615384615384616,0.8615384615384616
0.068588,1038,1344,216,392,0.7258741258741259,0.7258741258741259,0.13846153846153847,0.27412587412587414,0.8615384615384616,0.8615384615384616
0.068653,1038,1345,215,392,0.7258741258741259,0.7258741258741259,0.13782051282051283,0.27412587412587414,0.8621794871794872,0.8621794871794872
0.068927,1037,1345,215,393,0.7251748251748251,0.7251748251748251,0.13782051282051283,0.2748251748251748,0.8621794871794872,0.8621794871794872
0.068935,1036,1345,215,394,0.7244755244755244,0.7244755244755244,0.13782051282051283,0.2755244755244755,0.8621794871794872,0.8621794871794872
0.06903,1036,1346,214,394,0.7244755244755244,0.7244755244755244,0.1371794871794872,0.2755244755244755,0.8628205128205129,0.8628205128205129
0.069376,1035,1346,214,395,0.7237762237762237,0.7237762237762237,0.1371794871794872,0.2762237762237762,0.8628205128205129,0.8628205128205129
0.069527,1035,1347,213,395,0.7237762237762237,0.7237762237762237,0.13653846153846153,0.2762237762237762,0.8634615384615385,0.8634615384615385
0.069668,1034,1347,213,396,0.7230769230769231,0.7230769230769231,0.13653846153846153,0.27692307692307694,0.8634615384615385,0.8634615384615385
0.069741,1034,1348,212,396,0.7230769230769231,0.7230769230769231,0.1358974358974359,0.27692307692307694,0.8641025641025641,0.8641025641025641
0.069849,1033,1348,212,397,0.7223776223776224,0.7223776223776224,0.1358974358974359,0.2776223776223776,0.8641025641025641,0.8641025641025641
0.069853,1032,1348,212,398,0.7216783216783217,0.7216783216783217,0.1358974358974359,0.2783216783216783,0.8641025641025641,0.8641025641025641
0.069874,1032,1349,211,398,0.7216783216783217,0.7216783216783217,0.13525641025641025,0.2783216783216783,0.8647435897435898,0.8647435897435898
0.069987,1031,1349,211,399,0.720979020979021,0.720979020979021,0.13525641025641025,0.279020979020979,0.8647435897435898,0.8647435897435898
0.07,1031,1350,210,399,0.720979020979021,0.720979020979021,0.1346153846153846,0.279020979020979,0.8653846153846154,0.8653846153846154
0.070301,1030,1350,210,400,0.7202797202797203,0.7202797202797203,0.1346153846153846,0.27972027972027974,0.8653846153846154,0.8653846153846154
0.070407,1029,1350,210,401,0.7195804195804196,0.7195804195804196,0.1346153846153846,0.2804195804195804,0.8653846153846154,0.8653846153846154
0.070721,1028,1350,210,402,0.7188811188811188,0.7188811188811188,0.1346153846153846,0.2811188811188811,0.8653846153846154,0.8653846153846154
0.071053,1027,1350,210,403,0.7181818181818181,0.7181818181818181,0.1346153846153846,0.2818181818181818,0.8653846153846154,0.8653846153846154
0.071233,1027,1351,209,403,0.7181818181818181,0.7181818181818181,0.13397435897435897,0.2818181818181818,0.8660256410256411,0.8660256410256411
0.071359,1027,1352,208,403,0.7181818181818181,0.7181818181818181,0.13333333333333333,0.2818181818181818,0.8666666666666667,0.8666666666666667
0.071521,1026,1352,208,404,0.7174825174825175,0.7174825174825175,0.13333333333333333,0.28251748251748254,0.8666666666666667,0.8666666666666667
0.071542,1025,1352,208,405,0.7167832167832168,0.7167832167832168,0.13333333333333333,0.28321678321678323,0.8666666666666667,0.8666666666666667
0.071558,1025,1353,207,405,0.7167832167832168,0.7167832167832168,0.1326923076923077,0.28321678321678323,0.8673076923076923,0.8673076923076923
0.071744,1025,1354,206,405,0.7167832167832168,0.7167832167832168,0.13205128205128205,0.28321678321678323,0.867948717948718,0.867948717948718
0.072261,1025,1355,205,405,0.7167832167832168,0.7167832167832168,0.13141025641025642,0.28321678321678323,0.8685897435897436,0.8685897435897436
0.072368,1025,1356,204,405,0.7167832167832168,0.7167832167832168,0.13076923076923078,0.28321678321678323,0.8692307692307693,0.8692307692307693
0.072497,1024,1356,204,406,0.7160839160839161,0.7160839160839161,0.13076923076923078,0.2839160839160839,0.8692307692307693,0.8692307692307693
0.07265,1024,1357,203,406,0.7160839160839161,0.7160839160839161,0.13012820512820514,0.2839160839160839,0.8698717948717949,0.8698717948717949
0.073138,1023,1358,202,407,0.7153846153846154,0.7153846153846154,0.1294871794871795,0.2846153846153846,0.8705128205128205,0.8705128205128205
0.073317,1022,1358,202,408,0.7146853146853147,0.7146853146853147,0.1294871794871795,0.2853146853146853,0.8705128205128205,0.8705128205128205
0.07332,1022,1359,201,408,0.7146853146853147,0.7146853146853147,0.12884615384615383,0.2853146853146853,0.8711538461538462,0.8711538461538462
0.073323,1022,1360,200,408,0.7146853146853147,0.7146853146853147,0.1282051282051282,0.2853146853146853,0.8717948717948718,0.8717948717948718
0.073918,1021,1360,200,409,0.713986013986014,0.713986013986014,0.1282051282051282,0.28601398601398603,0.8717948717948718,0.8717948717948718
0.074214,1020,1360,200,410,0.7132867132867133,0.7132867132867133,0.1282051282051282,0.2867132867132867,0.8717948717948718,0.8717948717948718
0.074396,1020,1361,199,410,0.7132867132867133,0.7132867132867133,0.12756410256410255,0.2867132867132867,0.8724358974358974,0.8724358974358974
0.074423,1019,1361,199,411,0.7125874125874125,0.7125874125874125,0.12756410256410255,0.2874125874125874,0.8724358974358974,0.8724358974358974
0.074697,1019,1362,198,411,0.7125874125874125,0.7125874125874125,0.12692307692307692,0.2874125874125874,0.8730769230769231,0.8730769230769231
0.075281,1019,1363,197,411,0.7125874125874125,0.7125874125874125,0.12628205128205128,0.2874125874125874,0.8737179487179487,0.8737179487179487
0.075306,1018,1363,197,412,0.7118881118881119,0.7118881118881119,0.12628205128205128,0.2881118881118881,0.8737179487179487,0.8737179487179487
0.075472,1018,1364,196,412,0.7118881118881119,0.7118881118881119,0.12564102564102564,0.2881118881118881,0.8743589743589744,0.8743589743589744
0.075682,1017,1364,196,413,0.7111888111888112,0.7111888111888112,0.12564102564102564,0.28881118881118883,0.8743589743589744,0.8743589743589744
0.075693,1016,1364,196,414,0.7104895104895105,0.7104895104895105,0.12564102564102564,0.2895104895104895,0.8743589743589744,0.8743589743589744
0.075758,1016,1365,195,414,0.7104895104895105,0.7104895104895105,0.125,0.2895104895104895,0.875,0.875
0.075912,1015,1365,195,415,0.7097902097902098,0.7097902097902098,0.125,0.2902097902097902,0.875,0.875
0.076007,1014,1365,195,416,0.7090909090909091,0.7090909090909091,0.125,0.2909090909090909,0.875,0.875
0.07603,1014,1366,194,416,0.7090909090909091,0.7090909090909091,0.12435897435897436,0.2909090909090909,0.8756410256410256,0.8756410256410256
0.076053,1013,1366,194,417,0.7083916083916084,0.7083916083916084,0.12435897435897436,0.2916083916083916,0.8756410256410256,0.8756410256410256
0.076074,1013,1367,193,417,0.7083916083916084,0.7083916083916084,0.12371794871794872,0.2916083916083916,0.8762820512820513,0.8762820512820513
0.076172,1013,1368,192,417,0.7083916083916084,0.7083916083916084,0.12307692307692308,0.2916083916083916,0.8769230769230769,0.8769230769230769
0.076336,1013,1369,191,417,0.7083916083916084,0.7083916083916084,0.12243589743589743,0.2916083916083916,0.8775641025641026,0.8775641025641026
0.076696,1012,1369,191,418,0.7076923076923077,0.7076923076923077,0.12243589743589743,0.2923076923076923,0.8775641025641026,0.8775641025641026
0.077009,1011,1369,191,419,0.706993006993007,0.706993006993007,0.12243589743589743,0.293006993006993,0.8775641025641026,0.8775641025641026
0.077029,1010,1369,191,420,0.7062937062937062,0.7062937062937062,0.12243589743589743,0.2937062937062937,0.8775641025641026,0.8775641025641026
0.077201,1009,1369,191,421,0.7055944055944056,0.7055944055944056,0.12243589743589743,0.2944055944055944,0.8775641025641026,0.8775641025641026
0.077863,1009,1370,190,421,0.7055944055944056,0.7055944055944056,0.12179487179487179,0.2944055944055944,0.8782051282051282,0.8782051282051282
0.077909,1008,1370,190,422,0.7048951048951049,0.7048951048951049,0.12179487179487179,0.2951048951048951,0.8782051282051282,0.8782051282051282
0.078007,1007,1370,190,423,0.7041958041958042,0.7041958041958042,0.12179487179487179,0.2958041958041958,0.8782051282051282,0.8782051282051282
0.078141,1007,1371,189,423,0.7041958041958042,0.7041958041958042,0.12115384615384615,0.2958041958041958,0.8788461538461538,0.8788461538461538
0.078283,1006,1371,189,424,0.7034965034965035,0.7034965034965035,0.12115384615384615,0.2965034965034965,0.8788461538461538,0.8788461538461538
0.078322,1005,1371,189,425,0.7027972027972028,0.7027972027972028,0.12115384615384615,0.2972027972027972,0.8788461538461538,0.8788461538461538
0.07837,1004,1371,189,426,0.7020979020979021,0.7020979020979021,0.12115384615384615,0.29790209790209793,0.8788461538461538,0.8788461538461538
0.078502,1004,1372,188,426,0.7020979020979021,0.7020979020979021,0.12051282051282051,0.29790209790209793,0.8794871794871795,0.8794871794871795
0.078562,1003,1372,188,427,0.7013986013986014,0.7013986013986014,0.12051282051282051,0.2986013986013986,0.8794871794871795,0.8794871794871795
0.078603,1003,1373,187,427,0.7013986013986014,0.7013986013986014,0.11987179487179488,0.2986013986013986,0.8801282051282051,0.8801282051282051
0.078607,1003,1374,186,427,0.7013986013986014,0.7013986013986014,0.11923076923076924,0.2986013986013986,0.8807692307692307,0.8807692307692307
0.078704,1003,1375,185,427,0.7013986013986014,0.7013986013986014,0.11858974358974358,0.2986013986013986,0.8814102564102564,0.8814102564102564
0.078947,1002,1375,185,428,0.7006993006993008,0.7006993006993008,0.11858974358974358,0.2993006993006993,0.8814102564102564,0.8814102564102564
0.079121,1001,1375,185,429,0.7,0.7,0.11858974358974358,0.3,0.8814102564102564,0.8814102564102564
0.079223,1001,1376,184,429,0.7,0.7,0.11794871794871795,0.3,0.882051282051282,0.882051282051282
0.079254,1000,1376,184,430,0.6993006993006993,0.6993006993006993,0.11794871794871795,0.3006993006993007,0.882051282051282,0.882051282051282
0.079731,999,1376,184,431,0.6986013986013986,0.6986013986013986,0.11794871794871795,0.3013986013986014,0.882051282051282,0.882051282051282
0.079911,999,1377,183,431,0.6986013986013986,0.6986013986013986,0.11730769230769231,0.3013986013986014,0.8826923076923077,0.8826923076923077
0.080058,999,1378,182,431,0.6986013986013986,0.6986013986013986,0.11666666666666667,0.3013986013986014,0.8833333333333333,0.8833333333333333
0.080135,999,1379,181,431,0.6986013986013986,0.6986013986013986,0.11602564102564103,0.3013986013986014,0.8839743589743589,0.8839743589743589
0.080471,999,1380,180,431,0.6986013986013986,0.6986013986013986,0.11538461538461539,0.3013986013986014,0.8846153846153846,0.8846153846153846
0.080717,998,1381,179,432,0.6979020979020979,0.6979020979020979,0.11474358974358974,0.3020979020979021,0.8852564102564102,0.8852564102564102
0.080906,997,1381,179,433,0.6972027972027972,0.6972027972027972,0.11474358974358974,0.3027972027972028,0.8852564102564102,0.8852564102564102
0.080972,997,1382,178,433,0.6972027972027972,0.6972027972027972,0.1141025641025641,0.3027972027972028,0.8858974358974359,0.8858974358974359
0.081023,996,1382,178,434,0.6965034965034965,0.6965034965034965,0.1141025641025641,0.3034965034965035,0.8858974358974359,0.8858974358974359
0.081081,996,1383,177,434,0.6965034965034965,0.6965034965034965,0.11346153846153846,0.3034965034965035,0.8865384615384615,0.8865384615384615
0.081123,995,1383,177,435,0.6958041958041958,0.6958041958041958,0.11346153846153846,0.3041958041958042,0.8865384615384615,0.8865384615384615
0.081269,994,1383,177,436,0.6951048951048951,0.6951048951048951,0.11346153846153846,0.3048951048951049,0.8865384615384615,0.8865384615384615
0.081276,994,1384,176,436,0.6951048951048951,0.6951048951048951,0.11282051282051282,0.3048951048951049,0.8871794871794871,0.8871794871794871
0.081535,994,1385,175,436,0.6951048951048951,0.6951048951048951,0.11217948717948718,0.3048951048951049,0.8878205128205128,0.8878205128205128
0.081633,994,1386,174,436,0.6951048951048951,0.6951048951048951,0.11153846153846154,0.3048951048951049,0.8884615384615384,0.8884615384615384
0.081877,993,1386,174,437,0.6944055944055944,0.6944055944055944,0.11153846153846154,0.3055944055944056,0.8884615384615384,0.8884615384615384
0.081893,993,1387,173,437,0.6944055944055944,0.6944055944055944,0.11089743589743589,0.3055944055944056,0.889102564102564,0.889102564102564
0.081942,993,1388,172,437,0.6944055944055944,0.6944055944055944,0.11025641025641025,0.3055944055944056,0.8897435897435897,0.8897435897435897
0.082067,992,1388,172,438,0.6937062937062937,0.6937062937062937,0.11025641025641025,0.3062937062937063,0.8897435897435897,0.8897435897435897
0.082441,991,1388,172,439,0.693006993006993,0.693006993006993,0.11025641025641025,0.30699300699300697,0.8897435897435897,0.8897435897435897
0.082695,991,1389,171,439,0.693006993006993,0.693006993006993,0.10961538461538461,0.30699300699300697,0.8903846153846153,0.8903846153846153
0.08273,990,1389,171,440,0.6923076923076923,0.6923076923076923,0.10961538461538461,0.3076923076923077,0.8903846153846153,0.8903846153846153
0.082999,989,1389,171,441,0.6916083916083916,0.6916083916083916,0.10961538461538461,0.3083916083916084,0.8903846153846153,0.8903846153846153
0.083064,988,1389,171,442,0.6909090909090909,0.6909090909090909,0.10961538461538461,0.3090909090909091,0.8903846153846153,0.8903846153846153
0.083151,987,1389,171,443,0.6902097902097902,0.6902097902097902,0.10961538461538461,0.30979020979020977,0.8903846153846153,0.8903846153846153
0.08322,987,1390,170,443,0.6902097902097902,0.6902097902097902,0.10897435897435898,0.30979020979020977,0.8910256410256411,0.8910256410256411
0.083236,986,1390,170,444,0.6895104895104895,0.6895104895104895,0.10897435897435898,0.3104895104895105,0.8910256410256411,0.8910256410256411
0.083429,985,1390,170,445,0.6888111888111889,0.6888111888111889,0.10897435897435898,0.3111888111888112,0.8910256410256411,0.8910256410256411
0.083541,984,1390,170,446,0.6881118881118881,0.6881118881118881,0.10897435897435898,0.3118881118881119,0.8910256410256411,0.8910256410256411
0.08356,983,1390,170,447,0.6874125874125874,0.6874125874125874,0.10897435897435898,0.31258741258741257,0.8910256410256411,0.8910256410256411
0.083714,983,1391,169,447,0.6874125874125874,0.6874125874125874,0.10833333333333334,0.31258741258741257,0.8916666666666667,0.8916666666666667
0.083738,982,1391,169,448,0.6867132867132867,0.6867132867132867,0.10833333333333334,0.3132867132867133,0.8916666666666667,0.8916666666666667
0.083825,981,1391,169,449,0.686013986013986,0.686013986013986,0.10833333333333334,0.313986013986014,0.8916666666666667,0.8916666666666667
0.084396,980,1391,169,450,0.6853146853146853,0.6853146853146853,0.10833333333333334,0.3146853146853147,0.8916666666666667,0.8916666666666667
0.084548,979,1391,169,451,0.6846153846153846,0.6846153846153846,0.10833333333333334,0.3153846153846154,0.8916666666666667,0.8916666666666667
0.084562,978,1391,169,452,0.6839160839160839,0.6839160839160839,0.10833333333333334,0.31608391608391606,0.8916666666666667,0.8916666666666667
0.084713,978,1392,168,452,0.6839160839160839,0.6839160839160839,0.1076923076923077,0.31608391608391606,0.8923076923076924,0.8923076923076924
0.084791,978,1393,167,452,0.6839160839160839,0.6839160839160839,0.10705128205128205,0.31608391608391606,0.892948717948718,0.892948717948718
0.084995,977,1393,167,453,0.6832167832167833,0.6832167832167833,0.10705128205128205,0.3167832167832168,0.892948717948718,0.892948717948718
0.085,977,1394,166,453,0.6832167832167833,0.6832167832167833,0.1064102564102564,0.3167832167832168,0.8935897435897436,0.8935897435897436
0.085106,976,1394,166,454,0.6825174825174826,0.6825174825174826,0.1064102564102564,0.3174825174825175,0.8935897435897436,0.8935897435897436
0.08526,976,1395,165,454,0.6825174825174826,0.6825174825174826,0.10576923076923077,0.3174825174825175,0.8942307692307693,0.8942307692307693
0.085288,975,1395,165,455,0.6818181818181818,0.6818181818181818,0.10576923076923077,0.3181818181818182,0.8942307692307693,0.8942307692307693
0.085297,974,1395,165,456,0.6811188811188811,0.6811188811188811,0.10576923076923077,0.31888111888111886,0.8942307692307693,0.8942307692307693
0.085506,973,1395,165,457,0.6804195804195804,0.6804195804195804,0.10576923076923077,0.3195804195804196,0.8942307692307693,0.8942307692307693
0.085631,973,1396,164,457,0.6804195804195804,0.6804195804195804,0.10512820512820513,0.3195804195804196,0.8948717948717949,0.8948717948717949
0.086207,973,1397,163,457,0.6804195804195804,0.6804195804195804,0.10448717948717949,0.3195804195804196,0.8955128205128206,0.8955128205128206
0.086247,972,1397,163,458,0.6797202797202797,0.6797202797202797,0.10448717948717949,0.3202797202797203,0.8955128205128206,0.8955128205128206
0.086634,972,1398,162,458,0.6797202797202797,0.6797202797202797,0.10384615384615385,0.3202797202797203,0.8961538461538462,0.8961538461538462
0.087248,971,1398,162,459,0.679020979020979,0.679020979020979,0.10384615384615385,0.320979020979021,0.8961538461538462,0.8961538461538462
0.087255,971,1399,161,459,0.679020979020979,0.679020979020979,0.1032051282051282,0.320979020979021,0.8967948717948718,0.8967948717948718
0.0876,971,1400,160,459,0.679020979020979,0.679020979020979,0.10256410256410256,0.320979020979021,0.8974358974358975,0.8974358974358975
0.087827,970,1400,160,460,0.6783216783216783,0.6783216783216783,0.10256410256410256,0.32167832167832167,0.8974358974358975,0.8974358974358975
0.088158,970,1401,159,460,0.6783216783216783,0.6783216783216783,0.10192307692307692,0.32167832167832167,0.8980769230769231,0.8980769230769231
0.08845,969,1401,159,461,0.6776223776223776,0.6776223776223776,0.10192307692307692,0.32237762237762235,0.8980769230769231,0.8980769230769231
0.088808,969,1402,158,461,0.6776223776223776,0.6776223776223776,0.10128205128205128,0.32237762237762235,0.8987179487179487,0.8987179487179487
0.088889,968,1402,158,462,0.676923076923077,0.676923076923077,0.10128205128205128,0.3230769230769231,0.8987179487179487,0.8987179487179487
0.089165,967,1402,158,463,0.6762237762237763,0.6762237762237763,0.10128205128205128,0.3237762237762238,0.8987179487179487,0.8987179487179487
0.089356,966,1402,158,464,0.6755244755244755,0.6755244755244755,0.10128205128205128,0.32447552447552447,0.8987179487179487,0.8987179487179487
0.08948,965,1402,158,465,0.6748251748251748,0.6748251748251748,0.10128205128205128,0.32517482517482516,0.8987179487179487,0.8987179487179487
0.089583,965,1403,157,465,0.6748251748251748,0.6748251748251748,0.10064102564102564,0.32517482517482516,0.8993589743589744,0.8993589743589744
0.089744,964,1403,157,466,0.6741258741258741,0.6741258741258741,0.10064102564102564,0.3258741258741259,0.8993589743589744,0.8993589743589744
0.090099,963,1403,157,467,0.6734265734265734,0.6734265734265734,0.10064102564102564,0.3265734265734266,0.8993589743589744,0.8993589743589744
0.090155,963,1404,156,467,0.6734265734265734,0.6734265734265734,0.1,0.3265734265734266,0.9,0.9
0.090402,963,1405,155,467,0.6734265734265734,0.6734265734265734,0.09935897435897435,0.3265734265734266,0.9006410256410257,0.9006410256410257
0.090485,962,1405,155,468,0.6727272727272727,0.6727272727272727,0.09935897435897435,0.32727272727272727,0.9006410256410257,0.9006410256410257
0.090708,962,1406,154,468,0.6727272727272727,0.6727272727272727,0.09871794871794871,0.32727272727272727,0.9012820512820513,0.9012820512820513
0.09071,962,1407,153,468,0.6727272727272727,0.6727272727272727,0.09807692307692308,0.32727272727272727,0.9019230769230769,0.9019230769230769
0.090726,961,1407,153,469,0.672027972027972,0.672027972027972,0.09807692307692308,0.32797202797202796,0.9019230769230769,0.9019230769230769
0.090909,961,1408,152,469,0.672027972027972,0.672027972027972,0.09743589743589744,0.32797202797202796,0.9025641025641026,0.9025641025641026
0.091535,961,1410,150,469,0.672027972027972,0.672027972027972,0.09615384615384616,0.32797202797202796,0.9038461538461539,0.9038461538461539
0.091556,960,1410,150,470,0.6713286713286714,0.6713286713286714,0.09615384615384616,0.32867132867132864,0.9038461538461539,0.9038461538461539
0.091623,959,1410,150,471,0.6706293706293707,0.6706293706293707,0.09615384615384616,0.3293706293706294,0.9038461538461539,0.9038461538461539
0.091928,958,1410,150,472,0.66993006993007,0.66993006993007,0.09615384615384616,0.3300699300699301,0.9038461538461539,0.9038461538461539
0.091941,958,1411,149,472,0.66993006993007,0.66993006993007,0.0955128205128205,0.3300699300699301,0.9044871794871795,0.9044871794871795
0.09204,958,1412,148,472,0.66993006993007,0.66993006993007,0.09487179487179487,0.3300699300699301,0.9051282051282051,0.9051282051282051
0.092308,957,1412,148,473,0.6692307692307692,0.6692307692307692,0.09487179487179487,0.33076923076923076,0.9051282051282051,0.9051282051282051
0.0927,956,1412,148,474,0.6685314685314685,0.6685314685314685,0.09487179487179487,0.33146853146853145,0.9051282051282051,0.9051282051282051
0.092807,956,1413,147,474,0.6685314685314685,0.6685314685314685,0.09423076923076923,0.33146853146853145,0.9057692307692308,0.9057692307692308
0.093321,955,1413,147,475,0.6678321678321678,0.6678321678321678,0.09423076923076923,0.3321678321678322,0.9057692307692308,0.9057692307692308
0.093664,954,1413,147,476,0.6671328671328671,0.6671328671328671,0.09423076923076923,0.3328671328671329,0.9057692307692308,0.9057692307692308
0.093671,954,1414,146,476,0.6671328671328671,0.6671328671328671,0.09358974358974359,0.3328671328671329,0.9064102564102564,0.9064102564102564
0.093674,953,1414,146,477,0.6664335664335664,0.6664335664335664,0.09358974358974359,0.33356643356643356,0.9064102564102564,0.9064102564102564
0.093824,952,1414,146,478,0.6657342657342658,0.6657342657342658,0.09358974358974359,0.33426573426573425,0.9064102564102564,0.9064102564102564
0.094391,952,1415,145,478,0.6657342657342658,0.6657342657342658,0.09294871794871795,0.33426573426573425,0.907051282051282,0.907051282051282
0.094595,951,1415,145,479,0.6650349650349651,0.6650349650349651,0.09294871794871795,0.334965034965035,0.907051282051282,0.907051282051282
0.094622,950,1415,145,480,0.6643356643356644,0.6643356643356644,0.09294871794871795,0.3356643356643357,0.907051282051282,0.907051282051282
0.094629,950,1416,144,480,0.6643356643356644,0.6643356643356644,0.09230769230769231,0.3356643356643357,0.9076923076923077,0.9076923076923077
0.094828,950,1417,143,480,0.6643356643356644,0.6643356643356644,0.09166666666666666,0.3356643356643357,0.9083333333333333,0.9083333333333333
0.094923,949,1417,143,481,0.6636363636363637,0.6636363636363637,0.09166666666666666,0.33636363636363636,0.9083333333333333,0.9083333333333333
0.094937,948,1417,143,482,0.6629370629370629,0.6629370629370629,0.09166666666666666,0.33706293706293705,0.9083333333333333,0.9083333333333333
0.095064,948,1418,142,482,0.6629370629370629,0.6629370629370629,0.09102564102564102,0.33706293706293705,0.908974358974359,0.908974358974359
0.095087,948,1419,141,482,0.6629370629370629,0.6629370629370629,0.09038461538461538,0.33706293706293705,0.9096153846153846,0.9096153846153846
0.095178,948,1420,140,482,0.6629370629370629,0.6629370629370629,0.08974358974358974,0.33706293706293705,0.9102564102564102,0.9102564102564102
0.09596,947,1420,140,483,0.6622377622377622,0.6622377622377622,0.08974358974358974,0.33776223776223774,0.9102564102564102,0.9102564102564102
0.096124,946,1420,140,484,0.6615384615384615,0.6615384615384615,0.08974358974358974,0.3384615384615385,0.9102564102564102,0.9102564102564102
0.096133,946,1421,139,484,0.6615384615384615,0.6615384615384615,0.0891025641025641,0.3384615384615385,0.9108974358974359,0.9108974358974359
0.09637,945,1421,139,485,0.6608391608391608,0.6608391608391608,0.0891025641025641,0.33916083916083917,0.9108974358974359,0.9108974358974359
0.0964,944,1421,139,486,0.6601398601398601,0.6601398601398601,0.0891025641025641,0.33986013986013985,0.9108974358974359,0.9108974358974359
0.096433,943,1421,139,487,0.6594405594405595,0.6594405594405595,0.0891025641025641,0.34055944055944054,0.9108974358974359,0.9108974358974359
0.096624,942,1421,139,488,0.6587412587412588,0.6587412587412588,0.0891025641025641,0.3412587412587413,0.9108974358974359,0.9108974358974359
0.096667,941,1421,139,489,0.6580419580419581,0.6580419580419581,0.0891025641025641,0.34195804195804197,0.9108974358974359,0.9108974358974359
0.097087,941,1422,138,489,0.6580419580419581,0.6580419580419581,0.08846153846153847,0.34195804195804197,0.9115384615384615,0.9115384615384615
0.09716,941,1423,137,489,0.6580419580419581,0.6580419580419581,0.08782051282051281,0.34195804195804197,0.9121794871794872,0.9121794871794872
0.097365,940,1423,137,490,0.6573426573426573,0.6573426573426573,0.08782051282051281,0.34265734265734266,0.9121794871794872,0.9121794871794872
0.097412,939,1423,137,491,0.6566433566433566,0.6566433566433566,0.08782051282051281,0.34335664335664334,0.9121794871794872,0.9121794871794872
0.098015,938,1423,137,492,0.6559440559440559,0.6559440559440559,0.08782051282051281,0.34405594405594403,0.9121794871794872,0.9121794871794872
0.098093,937,1423,137,493,0.6552447552447552,0.6552447552447552,0.08782051282051281,0.34475524475524477,0.9121794871794872,0.9121794871794872
0.098113,937,1424,136,493,0.6552447552447552,0.6552447552447552,0.08717948717948718,0.34475524475524477,0.9128205128205128,0.9128205128205128
0.098576,936,1424,136,494,0.6545454545454545,0.6545454545454545,0.08717948717948718,0.34545454545454546,0.9128205128205128,0.9128205128205128
0.098684,936,1425,135,494,0.6545454545454545,0.6545454545454545,0.08653846153846154,0.34545454545454546,0.9134615384615384,0.9134615384615384
0.099042,936,1426,134,494,0.6545454545454545,0.6545454545454545,0.0858974358974359,0.34545454545454546,0.9141025641025641,0.9141025641025641
0.1,936,1427,133,494,0.6545454545454545,0.6545454545454545,0.08525641025641026,0.34545454545454546,0.9147435897435897,0.9147435897435897
0.10023,935,1427,133,495,0.6538461538461539,0.6538461538461539,0.08525641025641026,0.34615384615384615,0.9147435897435897,0.9147435897435897
0.100244,934,1427,133,496,0.6531468531468532,0.6531468531468532,0.08525641025641026,0.34685314685314683,0.9147435897435897,0.9147435897435897
0.100271,934,1428,132,496,0.6531468531468532,0.6531468531468532,0.08461538461538462,0.34685314685314683,0.9153846153846154,0.9153846153846154
0.100301,934,1429,131,496,0.6531468531468532,0.6531468531468532,0.08397435897435897,0.34685314685314683,0.916025641025641,0.916025641025641
0.100478,933,1429,131,497,0.6524475524475525,0.6524475524475525,0.08397435897435897,0.3475524475524476,0.916025641025641,0.916025641025641
0.100541,932,1429,131,498,0.6517482517482518,0.6517482517482518,0.08397435897435897,0.34825174825174826,0.916025641025641,0.916025641025641
0.100817,931,1429,131,499,0.651048951048951,0.651048951048951,0.08397435897435897,0.34895104895104895,0.916025641025641,0.916025641025641
0.100877,931,1430,130,499,0.651048951048951,0.651048951048951,0.08333333333333333,0.34895104895104895,0.9166666666666666,0.9166666666666666
0.101476,930,1430,130,500,0.6503496503496503,0.6503496503496503,0.08333333333333333,0.34965034965034963,0.9166666666666666,0.9166666666666666
0.101555,929,1430,130,501,0.6496503496503496,0.6496503496503496,0.08333333333333333,0.3503496503496504,0.9166666666666666,0.9166666666666666
0.101791,928,1430,130,502,0.6489510489510489,0.6489510489510489,0.08333333333333333,0.35104895104895106,0.9166666666666666,0.9166666666666666
0.102332,927,1430,130,503,0.6482517482517482,0.6482517482517482,0.08333333333333333,0.35174825174825175,0.9166666666666666,0.9166666666666666
0.102434,926,1430,130,504,0.6475524475524476,0.6475524475524476,0.08333333333333333,0.35244755244755244,0.9166666666666666,0.9166666666666666
0.102649,925,1430,130,505,0.6468531468531469,0.6468531468531469,0.08333333333333333,0.3531468531468531,0.9166666666666666,0.9166666666666666
0.102731,924,1430,130,506,0.6461538461538462,0.6461538461538462,0.08333333333333333,0.35384615384615387,0.9166666666666666,0.9166666666666666
0.102837,923,1430,130,507,0.6454545454545455,0.6454545454545455,0.08333333333333333,0.35454545454545455,0.9166666666666666,0.9166666666666666
0.103175,923,1431,129,507,0.6454545454545455,0.6454545454545455,0.08269230769230769,0.35454545454545455,0.9173076923076923,0.9173076923076923
0.103337,923,1432,128,507,0.6454545454545455,0.6454545454545455,0.08205128205128205,0.35454545454545455,0.9179487179487179,0.9179487179487179
0.103651,922,1432,128,508,0.6447552447552447,0.6447552447552447,0.08205128205128205,0.35524475524475524,0.9179487179487179,0.9179487179487179
0.103939,921,1432,128,509,0.644055944055944,0.644055944055944,0.08205128205128205,0.3559440559440559,0.9179487179487179,0.9179487179487179
0.103976,920,1432,128,510,0.6433566433566433,0.6433566433566433,0.08205128205128205,0.35664335664335667,0.9179487179487179,0.9179487179487179
0.103984,919,1432,128,511,0.6426573426573426,0.6426573426573426,0.08205128205128205,0.35734265734265735,0.9179487179487179,0.9179487179487179
0.104,918,1432,128,512,0.641958041958042,0.641958041958042,0.08205128205128205,0.35804195804195804,0.9179487179487179,0.9179487179487179
0.104063,917,1432,128,513,0.6412587412587413,0.6412587412587413,0.08205128205128205,0.35874125874125873,0.9179487179487179,0.9179487179487179
0.10427,917,1433,127,513,0.6412587412587413,0.6412587412587413,0.08141025641025641,0.35874125874125873,0.9185897435897435,0.9185897435897435
0.104323,916,1433,127,514,0.6405594405594406,0.6405594405594406,0.08141025641025641,0.3594405594405594,0.9185897435897435,0.9185897435897435
0.104513,915,1433,127,515,0.6398601398601399,0.6398601398601399,0.08141025641025641,0.36013986013986016,0.9185897435897435,0.9185897435897435
0.104663,915,1434,126,515,0.6398601398601399,0.6398601398601399,0.08076923076923077,0.36013986013986016,0.9192307692307692,0.9192307692307692
0.10493,914,1434,126,516,0.6391608391608392,0.6391608391608392,0.08076923076923077,0.36083916083916084,0.9192307692307692,0.9192307692307692
0.105425,913,1434,126,517,0.6384615384615384,0.6384615384615384,0.08076923076923077,0.36153846153846153,0.9192307692307692,0.9192307692307692
0.105523,912,1434,126,518,0.6377622377622377,0.6377622377622377,0.08076923076923077,0.3622377622377622,0.9192307692307692,0.9192307692307692
0.105641,911,1434,126,519,0.637062937062937,0.637062937062937,0.08076923076923077,0.36293706293706296,0.9192307692307692,0.9192307692307692
0.105809,911,1435,125,519,0.637062937062937,0.637062937062937,0.08012820512820513,0.36293706293706296,0.9198717948717948,0.9198717948717948
0.105825,911,1436,124,519,0.637062937062937,0.637062937062937,0.07948717948717948,0.36293706293706296,0.9205128205128205,0.9205128205128205
0.106095,910,1436,124,520,0.6363636363636364,0.6363636363636364,0.07948717948717948,0.36363636363636365,0.9205128205128205,0.9205128205128205
0.106339,910,1437,123,520,0.6363636363636364,0.6363636363636364,0.07884615384615384,0.36363636363636365,0.9211538461538461,0.9211538461538461
0.106605,909,1437,123,521,0.6356643356643357,0.6356643356643357,0.07884615384615384,0.36433566433566433,0.9211538461538461,0.9211538461538461
0.107246,908,1437,123,522,0.634965034965035,0.634965034965035,0.07884615384615384,0.365034965034965,0.9211538461538461,0.9211538461538461
0.107358,907,1437,123,523,0.6342657342657343,0.6342657342657343,0.07884615384615384,0.3657342657342657,0.9211538461538461,0.9211538461538461
0.107514,906,1437,123,524,0.6335664335664336,0.6335664335664336,0.07884615384615384,0.36643356643356645,0.9211538461538461,0.9211538461538461
0.107792,905,1437,123,525,0.6328671328671329,0.6328671328671329,0.07884615384615384,0.36713286713286714,0.9211538461538461,0.9211538461538461
0.107987,904,1437,123,526,0.6321678321678321,0.6321678321678321,0.07884615384615384,0.3678321678321678,0.9211538461538461,0.9211538461538461
0.108007,904,1438,122,526,0.6321678321678321,0.6321678321678321,0.0782051282051282,0.3678321678321678,0.9217948717948717,0.9217948717948717
0.10823,904,1439,121,526,0.6321678321678321,0.6321678321678321,0.07756410256410257,0.3678321678321678,0.9224358974358975,0.9224358974358975
0.108241,903,1439,121,527,0.6314685314685314,0.6314685314685314,0.07756410256410257,0.3685314685314685,0.9224358974358975,0.9224358974358975
0.108508,903,1440,120,527,0.6314685314685314,0.6314685314685314,0.07692307692307693,0.3685314685314685,0.9230769230769231,0.9230769230769231
0.108844,902,1440,120,528,0.6307692307692307,0.6307692307692307,0.07692307692307693,0.36923076923076925,0.9230769230769231,0.9230769230769231
0.109188,902,1441,119,528,0.6307692307692307,0.6307692307692307,0.07628205128205129,0.36923076923076925,0.9237179487179488,0.9237179487179488
0.109572,901,1441,119,529,0.6300699300699301,0.6300699300699301,0.07628205128205129,0.36993006993006994,0.9237179487179488,0.9237179487179488
0.109878,900,1441,119,530,0.6293706293706294,0.6293706293706294,0.07628205128205129,0.3706293706293706,0.9237179487179488,0.9237179487179488
0.110041,899,1441,119,531,0.6286713286713287,0.6286713286713287,0.07628205128205129,0.3713286713286713,0.9237179487179488,0.9237179487179488
0.110081,898,1441,119,532,0.627972027972028,0.627972027972028,0.07628205128205129,0.37202797202797205,0.9237179487179488,0.9237179487179488
0.110384,897,1441,119,533,0.6272727272727273,0.6272727272727273,0.07628205128205129,0.37272727272727274,0.9237179487179488,0.9237179487179488
0.110664,896,1441,119,534,0.6265734265734266,0.6265734265734266,0.07628205128205129,0.3734265734265734,0.9237179487179488,0.9237179487179488
0.111524,896,1442,118,534,0.6265734265734266,0.6265734265734266,0.07564102564102564,0.3734265734265734,0.9243589743589744,0.9243589743589744
0.111727,895,1442,118,535,0.6258741258741258,0.6258741258741258,0.07564102564102564,0.3741258741258741,0.9243589743589744,0.9243589743589744
0.11215,894,1442,118,536,0.6251748251748251,0.6251748251748251,0.07564102564102564,0.3748251748251748,0.9243589743589744,0.9243589743589744
0.112337,893,1442,118,537,0.6244755244755245,0.6244755244755245,0.07564102564102564,0.37552447552447554,0.9243589743589744,0.9243589743589744
0.11236,893,1443,117,537,0.6244755244755245,0.6244755244755245,0.075,0.37552447552447554,0.925,0.925
0.112418,893,1444,116,537,0.6244755244755245,0.6244755244755245,0.07435897435897436,0.37552447552447554,0.9256410256410257,0.9256410256410257
0.113043,892,1444,116,538,0.6237762237762238,0.6237762237762238,0.07435897435897436,0.37622377622377623,0.9256410256410257,0.9256410256410257
0.113246,891,1444,116,539,0.6230769230769231,0.6230769230769231,0.07435897435897436,0.3769230769230769,0.9256410256410257,0.9256410256410257
0.113614,891,1445,115,539,0.6230769230769231,0.6230769230769231,0.07371794871794872,0.3769230769230769,0.9262820512820513,0.9262820512820513
0.114323,890,1445,115,540,0.6223776223776224,0.6223776223776224,0.07371794871794872,0.3776223776223776,0.9262820512820513,0.9262820512820513
0.11437,889,1445,115,541,0.6216783216783217,0.6216783216783217,0.07371794871794872,0.37832167832167835,0.9262820512820513,0.9262820512820513
0.114486,889,1446,114,541,0.6216783216783217,0.6216783216783217,0.07307692307692308,0.37832167832167835,0.926923076923077,0.926923076923077
0.114522,888,1446,114,542,0.620979020979021,0.620979020979021,0.07307692307692308,0.37902097902097903,0.926923076923077,0.926923076923077
0.114641,887,1446,114,543,0.6202797202797202,0.6202797202797202,0.07307692307692308,0.3797202797202797,0.926923076923077,0.926923076923077
0.114688,887,1447,113,543,0.6202797202797202,0.6202797202797202,0.07243589743589744,0.3797202797202797,0.9275641025641026,0.9275641025641026
0.115122,887,1448,112,543,0.6202797202797202,0.6202797202797202,0.07179487179487179,0.3797202797202797,0.9282051282051282,0.9282051282051282
0.115538,886,1448,112,544,0.6195804195804195,0.6195804195804195,0.07179487179487179,0.3804195804195804,0.9282051282051282,0.9282051282051282
0.115691,885,1448,112,545,0.6188811188811189,0.6188811188811189,0.07179487179487179,0.3811188811188811,0.9282051282051282,0.9282051282051282
0.115839,884,1448,112,546,0.6181818181818182,0.6181818181818182,0.07179487179487179,0.38181818181818183,0.9282051282051282,0.9282051282051282
0.116118,883,1448,112,547,0.6174825174825175,0.6174825174825175,0.07179487179487179,0.3825174825174825,0.9282051282051282,0.9282051282051282
0.117481,882,1448,112,548,0.6167832167832168,0.6167832167832168,0.07179487179487179,0.3832167832167832,0.9282051282051282,0.9282051282051282
0.117517,881,1448,112,549,0.6160839160839161,0.6160839160839161,0.07179487179487179,0.3839160839160839,0.9282051282051282,0.9282051282051282
0.117704,880,1448,112,550,0.6153846153846154,0.6153846153846154,0.07179487179487179,0.38461538461538464,0.9282051282051282,0.9282051282051282
0.11786,880,1449,111,550,0.6153846153846154,0.6153846153846154,0.07115384615384615,0.38461538461538464,0.9288461538461539,0.9288461538461539
0.118182,879,1449,111,551,0.6146853146853147,0.6146853146853147,0.07115384615384615,0.3853146853146853,0.9288461538461539,0.9288461538461539
0.118371,878,1449,111,552,0.6139860139860139,0.6139860139860139,0.07115384615384615,0.386013986013986,0.9288461538461539,0.9288461538461539
0.118586,877,1449,111,553,0.6132867132867132,0.6132867132867132,0.07115384615384615,0.3867132867132867,0.9288461538461539,0.9288461538461539
0.118705,877,1450,110,553,0.6132867132867132,0.6132867132867132,0.07051282051282051,0.3867132867132867,0.9294871794871795,0.9294871794871795
0.118744,876,1450,110,554,0.6125874125874126,0.6125874125874126,0.07051282051282051,0.38741258741258744,0.9294871794871795,0.9294871794871795
0.119326,875,1450,110,555,0.6118881118881119,0.6118881118881119,0.07051282051282051,0.3881118881118881,0.9294871794871795,0.9294871794871795
0.119351,875,1451,109,555,0.6118881118881119,0.6118881118881119,0.06987179487179487,0.3881118881118881,0.9301282051282052,0.9301282051282052
0.119491,874,1451,109,556,0.6111888111888112,0.6111888111888112,0.06987179487179487,0.3888111888111888,0.9301282051282052,0.9301282051282052
0.11951,873,1451,109,557,0.6104895104895105,0.6104895104895105,0.06987179487179487,0.3895104895104895,0.9301282051282052,0.9301282051282052
0.119514,873,1452,108,557,0.6104895104895105,0.6104895104895105,0.06923076923076923,0.3895104895104895,0.9307692307692308,0.9307692307692308
0.11984,872,1452,108,558,0.6097902097902098,0.6097902097902098,0.06923076923076923,0.3902097902097902,0.9307692307692308,0.9307692307692308
0.119863,871,1452,108,559,0.6090909090909091,0.6090909090909091,0.06923076923076923,0.39090909090909093,0.9307692307692308,0.9307692307692308
0.120219,870,1452,108,560,0.6083916083916084,0.6083916083916084,0.06923076923076923,0.3916083916083916,0.9307692307692308,0.9307692307692308
0.120815,869,1452,108,561,0.6076923076923076,0.6076923076923076,0.06923076923076923,0.3923076923076923,0.9307692307692308,0.9307692307692308
0.120968,868,1452,108,562,0.606993006993007,0.606993006993007,0.06923076923076923,0.393006993006993,0.9307692307692308,0.9307692307692308
0.121065,867,1452,108,563,0.6062937062937063,0.6062937062937063,0.06923076923076923,0.39370629370629373,0.9307692307692308,0.9307692307692308
0.121071,866,1452,108,564,0.6055944055944056,0.6055944055944056,0.06923076923076923,0.3944055944055944,0.9307692307692308,0.9307692307692308
0.12117,865,1452,108,565,0.6048951048951049,0.6048951048951049,0.06923076923076923,0.3951048951048951,0.9307692307692308,0.9307692307692308
0.121728,864,1452,108,566,0.6041958041958042,0.6041958041958042,0.06923076923076923,0.3958041958041958,0.9307692307692308,0.9307692307692308
0.122253,863,1452,108,567,0.6034965034965035,0.6034965034965035,0.06923076923076923,0.3965034965034965,0.9307692307692308,0.9307692307692308
0.122424,863,1453,107,567,0.6034965034965035,0.6034965034965035,0.0685897435897436,0.3965034965034965,0.9314102564102564,0.9314102564102564
0.122526,863,1454,106,567,0.6034965034965035,0.6034965034965035,0.06794871794871794,0.3965034965034965,0.9320512820512821,0.9320512820512821
0.122699,862,1454,106,568,0.6027972027972028,0.6027972027972028,0.06794871794871794,0.3972027972027972,0.9320512820512821,0.9320512820512821
0.12296,862,1455,105,568,0.6027972027972028,0.6027972027972028,0.0673076923076923,0.3972027972027972,0.9326923076923077,0.9326923076923077
0.123033,861,1455,105,569,0.6020979020979021,0.6020979020979021,0.0673076923076923,0.3979020979020979,0.9326923076923077,0.9326923076923077
0.123095,861,1456,104,569,0.6020979020979021,0.6020979020979021,0.06666666666666667,0.3979020979020979,0.9333333333333333,0.9333333333333333
0.123273,860,1456,104,570,0.6013986013986014,0.6013986013986014,0.06666666666666667,0.3986013986013986,0.9333333333333333,0.9333333333333333
0.123396,859,1456,104,571,0.6006993006993007,0.6006993006993007,0.06666666666666667,0.3993006993006993,0.9333333333333333,0.9333333333333333
0.123581,858,1456,104,572,0.6,0.6,0.06666666666666667,0.4,0.9333333333333333,0.9333333333333333
0.123651,858,1457,103,572,0.6,0.6,0.06602564102564103,0.4,0.933974358974359,0.933974358974359
0.123894,858,1458,102,572,0.6,0.6,0.06538461538461539,0.4,0.9346153846153846,0.9346153846153846
0.12406,857,1458,102,573,0.5993006993006993,0.5993006993006993,0.06538461538461539,0.4006993006993007,0.9346153846153846,0.9346153846153846
0.124158,857,1459,101,573,0.5993006993006993,0.5993006993006993,0.06474358974358975,0.4006993006993007,0.9352564102564103,0.9352564102564103
0.125116,856,1459,101,574,0.5986013986013986,0.5986013986013986,0.06474358974358975,0.4013986013986014,0.9352564102564103,0.9352564102564103
0.125148,855,1459,101,575,0.5979020979020979,0.5979020979020979,0.06474358974358975,0.4020979020979021,0.9352564102564103,0.9352564102564103
0.125156,854,1459,101,576,0.5972027972027972,0.5972027972027972,0.06474358974358975,0.4027972027972028,0.9352564102564103,0.9352564102564103
0.125268,853,1459,101,577,0.5965034965034965,0.5965034965034965,0.06474358974358975,0.4034965034965035,0.9352564102564103,0.9352564102564103
0.125379,852,1459,101,578,0.5958041958041959,0.5958041958041959,0.06474358974358975,0.4041958041958042,0.9352564102564103,0.9352564102564103
0.125756,851,1459,101,579,0.5951048951048951,0.5951048951048951,0.06474358974358975,0.4048951048951049,0.9352564102564103,0.9352564102564103
0.125984,850,1459,101,580,0.5944055944055944,0.5944055944055944,0.06474358974358975,0.40559440559440557,0.9352564102564103,0.9352564102564103
0.126186,849,1459,101,581,0.5937062937062937,0.5937062937062937,0.06474358974358975,0.4062937062937063,0.9352564102564103,0.9352564102564103
0.126478,849,1460,100,581,0.5937062937062937,0.5937062937062937,0.0641025641025641,0.4062937062937063,0.9358974358974359,0.9358974358974359
0.126708,848,1460,100,582,0.593006993006993,0.593006993006993,0.0641025641025641,0.406993006993007,0.9358974358974359,0.9358974358974359
0.126779,847,1460,100,583,0.5923076923076923,0.5923076923076923,0.0641025641025641,0.4076923076923077,0.9358974358974359,0.9358974358974359
0.127087,847,1461,99,583,0.5923076923076923,0.5923076923076923,0.06346153846153846,0.4076923076923077,0.9365384615384615,0.9365384615384615
0.127208,846,1461,99,584,0.5916083916083916,0.5916083916083916,0.06346153846153846,0.4083916083916084,0.9365384615384615,0.9365384615384615
0.127363,845,1461,99,585,0.5909090909090909,0.5909090909090909,0.06346153846153846,0.4090909090909091,0.9365384615384615,0.9365384615384615
0.127368,844,1461,99,586,0.5902097902097903,0.5902097902097903,0.06346153846153846,0.4097902097902098,0.9365384615384615,0.9365384615384615
0.127406,843,1461,99,587,0.5895104895104896,0.5895104895104896,0.06346153846153846,0.4104895104895105,0.9365384615384615,0.9365384615384615
0.127494,843,1462,98,587,0.5895104895104896,0.5895104895104896,0.06282051282051282,0.4104895104895105,0.9371794871794872,0.9371794871794872
0.127576,842,1462,98,588,0.5888111888111888,0.5888111888111888,0.06282051282051282,0.4111888111888112,0.9371794871794872,0.9371794871794872
0.128141,842,1463,97,588,0.5888111888111888,0.5888111888111888,0.06217948717948718,0.4111888111888112,0.9378205128205128,0.9378205128205128
0.128477,841,1463,97,589,0.5881118881118881,0.5881118881118881,0.06217948717948718,0.41188811188811186,0.9378205128205128,0.9378205128205128
0.128673,840,1463,97,590,0.5874125874125874,0.5874125874125874,0.06217948717948718,0.4125874125874126,0.9378205128205128,0.9378205128205128
0.12868,839,1463,97,591,0.5867132867132867,0.5867132867132867,0.06217948717948718,0.4132867132867133,0.9378205128205128,0.9378205128205128
0.128894,838,1463,97,592,0.586013986013986,0.586013986013986,0.06217948717948718,0.413986013986014,0.9378205128205128,0.9378205128205128
0.128942,837,1463,97,593,0.5853146853146853,0.5853146853146853,0.06217948717948718,0.41468531468531467,0.9378205128205128,0.9378205128205128
0.129386,836,1463,97,594,0.5846153846153846,0.5846153846153846,0.06217948717948718,0.4153846153846154,0.9378205128205128,0.9378205128205128
0.129568,835,1463,97,595,0.583916083916084,0.583916083916084,0.06217948717948718,0.4160839160839161,0.9378205128205128,0.9378205128205128
0.129647,834,1463,97,596,0.5832167832167832,0.5832167832167832,0.06217948717948718,0.4167832167832168,0.9378205128205128,0.9378205128205128
0.129673,833,1463,97,597,0.5825174825174825,0.5825174825174825,0.06217948717948718,0.41748251748251747,0.9378205128205128,0.9378205128205128
0.130252,832,1463,97,598,0.5818181818181818,0.5818181818181818,0.06217948717948718,0.41818181818181815,0.9378205128205128,0.9378205128205128
0.130687,831,1463,97,599,0.5811188811188811,0.5811188811188811,0.06217948717948718,0.4188811188811189,0.9378205128205128,0.9378205128205128
0.13082,830,1463,97,600,0.5804195804195804,0.5804195804195804,0.06217948717948718,0.4195804195804196,0.9378205128205128,0.9378205128205128
0.1311,829,1463,97,601,0.5797202797202797,0.5797202797202797,0.06217948717948718,0.42027972027972027,0.9378205128205128,0.9378205128205128
0.131258,828,1463,97,602,0.579020979020979,0.579020979020979,0.06217948717948718,0.42097902097902096,0.9378205128205128,0.9378205128205128
0.13138,828,1464,96,602,0.579020979020979,0.579020979020979,0.06153846153846154,0.42097902097902096,0.9384615384615385,0.9384615384615385
0.131714,828,1465,95,602,0.579020979020979,0.579020979020979,0.060897435897435896,0.42097902097902096,0.9391025641025641,0.9391025641025641
0.13188,828,1466,94,602,0.579020979020979,0.579020979020979,0.06025641025641026,0.42097902097902096,0.9397435897435897,0.9397435897435897
0.132675,827,1466,94,603,0.5783216783216784,0.5783216783216784,0.06025641025641026,0.4216783216783217,0.9397435897435897,0.9397435897435897
0.132804,826,1466,94,604,0.5776223776223777,0.5776223776223777,0.06025641025641026,0.4223776223776224,0.9397435897435897,0.9397435897435897
0.133163,825,1466,94,605,0.5769230769230769,0.5769230769230769,0.06025641025641026,0.4230769230769231,0.9397435897435897,0.9397435897435897
0.133247,824,1466,94,606,0.5762237762237762,0.5762237762237762,0.06025641025641026,0.42377622377622376,0.9397435897435897,0.9397435897435897
0.133795,823,1466,94,607,0.5755244755244755,0.5755244755244755,0.06025641025641026,0.4244755244755245,0.9397435897435897,0.9397435897435897
0.134034,822,1466,94,608,0.5748251748251748,0.5748251748251748,0.06025641025641026,0.4251748251748252,0.9397435897435897,0.9397435897435897
0.134553,821,1466,94,609,0.5741258741258741,0.5741258741258741,0.06025641025641026,0.4258741258741259,0.9397435897435897,0.9397435897435897
0.134689,820,1466,94,610,0.5734265734265734,0.5734265734265734,0.06025641025641026,0.42657342657342656,0.9397435897435897,0.9397435897435897
0.134752,820,1467,93,610,0.5734265734265734,0.5734265734265734,0.05961538461538462,0.42657342657342656,0.9403846153846154,0.9403846153846154
0.13486,820,1468,92,610,0.5734265734265734,0.5734265734265734,0.05897435897435897,0.42657342657342656,0.941025641025641,0.941025641025641
0.135301,819,1468,92,611,0.5727272727272728,0.5727272727272728,0.05897435897435897,0.42727272727272725,0.941025641025641,0.941025641025641
0.135593,819,1469,91,611,0.5727272727272728,0.5727272727272728,0.058333333333333334,0.42727272727272725,0.9416666666666667,0.9416666666666667
0.135849,819,1470,90,611,0.5727272727272728,0.5727272727272728,0.057692307692307696,0.42727272727272725,0.9423076923076923,0.9423076923076923
0.136139,818,1470,90,612,0.5720279720279721,0.5720279720279721,0.057692307692307696,0.427972027972028,0.9423076923076923,0.9423076923076923
0.136364,817,1470,90,613,0.5713286713286714,0.5713286713286714,0.057692307692307696,0.4286713286713287,0.9423076923076923,0.9423076923076923
0.137019,816,1470,90,614,0.5706293706293706,0.5706293706293706,0.057692307692307696,0.42937062937062936,0.9423076923076923,0.9423076923076923
0.137168,815,1470,90,615,0.5699300699300699,0.5699300699300699,0.057692307692307696,0.43006993006993005,0.9423076923076923,0.9423076923076923
0.137192,814,1470,90,616,0.5692307692307692,0.5692307692307692,0.057692307692307696,0.4307692307692308,0.9423076923076923,0.9423076923076923
0.137357,814,1471,89,616,0.5692307692307692,0.5692307692307692,0.05705128205128205,0.4307692307692308,0.9429487179487179,0.9429487179487179
0.137384,814,1472,88,616,0.5692307692307692,0.5692307692307692,0.05641025641025641,0.4307692307692308,0.9435897435897436,0.9435897435897436
0.137755,813,1472,88,617,0.5685314685314685,0.5685314685314685,0.05641025641025641,0.4314685314685315,0.9435897435897436,0.9435897435897436
0.138055,813,1473,87,617,0.5685314685314685,0.5685314685314685,0.05576923076923077,0.4314685314685315,0.9442307692307692,0.9442307692307692
0.138165,813,1474,86,617,0.5685314685314685,0.5685314685314685,0.05512820512820513,0.4314685314685315,0.9448717948717948,0.9448717948717948
0.138686,812,1474,86,618,0.5678321678321678,0.5678321678321678,0.05512820512820513,0.43216783216783217,0.9448717948717948,0.9448717948717948
0.138921,811,1474,86,619,0.5671328671328671,0.5671328671328671,0.05512820512820513,0.43286713286713285,0.9448717948717948,0.9448717948717948
0.139154,810,1474,86,620,0.5664335664335665,0.5664335664335665,0.05512820512820513,0.43356643356643354,0.9448717948717948,0.9448717948717948
0.139241,809,1474,86,621,0.5657342657342658,0.5657342657342658,0.05512820512820513,0.4342657342657343,0.9448717948717948,0.9448717948717948
0.139413,808,1474,86,622,0.5650349650349651,0.5650349650349651,0.05512820512820513,0.43496503496503497,0.9448717948717948,0.9448717948717948
0.139466,807,1474,86,623,0.5643356643356643,0.5643356643356643,0.05512820512820513,0.43566433566433566,0.9448717948717948,0.9448717948717948
0.139509,806,1474,86,624,0.5636363636363636,0.5636363636363636,0.05512820512820513,0.43636363636363634,0.9448717948717948,0.9448717948717948
0.139648,806,1475,85,624,0.5636363636363636,0.5636363636363636,0.05448717948717949,0.43636363636363634,0.9455128205128205,0.9455128205128205
0.139687,805,1475,85,625,0.5629370629370629,0.5629370629370629,0.05448717948717949,0.4370629370629371,0.9455128205128205,0.9455128205128205
0.139932,804,1475,85,626,0.5622377622377622,0.5622377622377622,0.05448717948717949,0.43776223776223777,0.9455128205128205,0.9455128205128205
0.140065,803,1475,85,627,0.5615384615384615,0.5615384615384615,0.05448717948717949,0.43846153846153846,0.9455128205128205,0.9455128205128205
0.140281,802,1475,85,628,0.5608391608391609,0.5608391608391609,0.05448717948717949,0.43916083916083914,0.9455128205128205,0.9455128205128205
0.140351,801,1475,85,629,0.5601398601398602,0.5601398601398602,0.05448717948717949,0.4398601398601399,0.9455128205128205,0.9455128205128205
0.140789,800,1475,85,630,0.5594405594405595,0.5594405594405595,0.05448717948717949,0.4405594405594406,0.9455128205128205,0.9455128205128205
0.140818,800,1476,84,630,0.5594405594405595,0.5594405594405595,0.05384615384615385,0.4405594405594406,0.9461538461538461,0.9461538461538461
0.141243,799,1476,84,631,0.5587412587412588,0.5587412587412588,0.05384615384615385,0.44125874125874126,0.9461538461538461,0.9461538461538461
0.141593,799,1477,83,631,0.5587412587412588,0.5587412587412588,0.0532051282051282,0.44125874125874126,0.9467948717948718,0.9467948717948718
0.141782,798,1477,83,632,0.558041958041958,0.558041958041958,0.0532051282051282,0.44195804195804195,0.9467948717948718,0.9467948717948718
0.141844,798,1478,82,632,0.558041958041958,0.558041958041958,0.052564102564102565,0.44195804195804195,0.9474358974358974,0.9474358974358974
0.143179,797,1478,82,633,0.5573426573426573,0.5573426573426573,0.052564102564102565,0.44265734265734263,0.9474358974358974,0.9474358974358974
0.143493,796,1478,82,634,0.5566433566433566,0.5566433566433566,0.052564102564102565,0.4433566433566434,0.9474358974358974,0.9474358974358974
0.14355,795,1478,82,635,0.5559440559440559,0.5559440559440559,0.052564102564102565,0.44405594405594406,0.9474358974358974,0.9474358974358974
0.143617,795,1480,80,635,0.5559440559440559,0.5559440559440559,0.05128205128205128,0.44405594405594406,0.9487179487179487,0.9487179487179487
0.143836,794,1480,80,636,0.5552447552447553,0.5552447552447553,0.05128205128205128,0.44475524475524475,0.9487179487179487,0.9487179487179487
0.143949,793,1480,80,637,0.5545454545454546,0.5545454545454546,0.05128205128205128,0.44545454545454544,0.9487179487179487,0.9487179487179487
0.144391,793,1481,79,637,0.5545454545454546,0.5545454545454546,0.05064102564102564,0.44545454545454544,0.9493589743589743,0.9493589743589743
0.145029,793,1482,78,637,0.5545454545454546,0.5545454545454546,0.05,0.44545454545454544,0.95,0.95
0.145046,793,1483,77,637,0.5545454545454546,0.5545454545454546,0.04935897435897436,0.44545454545454544,0.9506410256410256,0.9506410256410256
0.145122,792,1483,77,638,0.5538461538461539,0.5538461538461539,0.04935897435897436,0.4461538461538462,0.9506410256410256,0.9506410256410256
0.145355,791,1483,77,639,0.5531468531468532,0.5531468531468532,0.04935897435897436,0.44685314685314687,0.9506410256410256,0.9506410256410256
0.145914,790,1483,77,640,0.5524475524475524,0.5524475524475524,0.04935897435897436,0.44755244755244755,0.9506410256410256,0.9506410256410256
0.145946,789,1483,77,641,0.5517482517482517,0.5517482517482517,0.04935897435897436,0.44825174825174824,0.9506410256410256,0.9506410256410256
0.145972,788,1483,77,642,0.551048951048951,0.551048951048951,0.04935897435897436,0.4489510489510489,0.9506410256410256,0.9506410256410256
0.146123,787,1483,77,643,0.5503496503496503,0.5503496503496503,0.04935897435897436,0.44965034965034967,0.9506410256410256,0.9506410256410256
0.146341,786,1483,77,644,0.5496503496503496,0.5496503496503496,0.04935897435897436,0.45034965034965035,0.9506410256410256,0.9506410256410256
0.14702,785,1483,77,645,0.548951048951049,0.548951048951049,0.04935897435897436,0.45104895104895104,0.9506410256410256,0.9506410256410256
0.14709,785,1484,76,645,0.548951048951049,0.548951048951049,0.04871794871794872,0.45104895104895104,0.9512820512820512,0.9512820512820512
0.147317,784,1484,76,646,0.5482517482517483,0.5482517482517483,0.04871794871794872,0.45174825174825173,0.9512820512820512,0.9512820512820512
0.147493,783,1484,76,647,0.5475524475524476,0.5475524475524476,0.04871794871794872,0.45244755244755247,0.9512820512820512,0.9512820512820512
0.147856,782,1484,76,648,0.5468531468531469,0.5468531468531469,0.04871794871794872,0.45314685314685316,0.9512820512820512,0.9512820512820512
0.147919,781,1484,76,649,0.5461538461538461,0.5461538461538461,0.04871794871794872,0.45384615384615384,0.9512820512820512,0.9512820512820512
0.147977,780,1484,76,650,0.5454545454545454,0.5454545454545454,0.04871794871794872,0.45454545454545453,0.9512820512820512,0.9512820512820512
0.148184,780,1485,75,650,0.5454545454545454,0.5454545454545454,0.04807692307692308,0.45454545454545453,0.9519230769230769,0.9519230769230769
0.148252,779,1485,75,651,0.5447552447552447,0.5447552447552447,0.04807692307692308,0.4552447552447552,0.9519230769230769,0.9519230769230769
0.148529,778,1485,75,652,0.544055944055944,0.544055944055944,0.04807692307692308,0.45594405594405596,0.9519230769230769,0.9519230769230769
0.148691,777,1485,75,653,0.5433566433566434,0.5433566433566434,0.04807692307692308,0.45664335664335665,0.9519230769230769,0.9519230769230769
0.149378,777,1486,74,653,0.5433566433566434,0.5433566433566434,0.047435897435897434,0.45664335664335665,0.9525641025641025,0.9525641025641025
0.149414,776,1486,74,654,0.5426573426573427,0.5426573426573427,0.047435897435897434,0.45734265734265733,0.9525641025641025,0.9525641025641025
0.149701,775,1486,74,655,0.541958041958042,0.541958041958042,0.047435897435897434,0.458041958041958,0.9525641025641025,0.9525641025641025
0.15,775,1487,73,655,0.541958041958042,0.541958041958042,0.046794871794871795,0.458041958041958,0.9532051282051283,0.9532051282051283
0.150194,775,1488,72,655,0.541958041958042,0.541958041958042,0.046153846153846156,0.458041958041958,0.9538461538461539,0.9538461538461539
0.150215,775,1489,71,655,0.541958041958042,0.541958041958042,0.04551282051282051,0.458041958041958,0.9544871794871795,0.9544871794871795
0.150249,774,1489,71,656,0.5412587412587413,0.5412587412587413,0.04551282051282051,0.45874125874125876,0.9544871794871795,0.9544871794871795
0.150459,773,1489,71,657,0.5405594405594406,0.5405594405594406,0.04551282051282051,0.45944055944055945,0.9544871794871795,0.9544871794871795
0.150575,772,1489,71,658,0.5398601398601398,0.5398601398601398,0.04551282051282051,0.46013986013986014,0.9544871794871795,0.9544871794871795
0.151261,771,1489,71,659,0.5391608391608391,0.5391608391608391,0.04551282051282051,0.4608391608391608,0.9544871794871795,0.9544871794871795
0.151394,770,1489,71,660,0.5384615384615384,0.5384615384615384,0.04551282051282051,0.46153846153846156,0.9544871794871795,0.9544871794871795
0.151885,770,1490,70,660,0.5384615384615384,0.5384615384615384,0.04487179487179487,0.46153846153846156,0.9551282051282052,0.9551282051282052
0.152153,770,1491,69,660,0.5384615384615384,0.5384615384615384,0.04423076923076923,0.46153846153846156,0.9557692307692308,0.9557692307692308
0.152263,769,1491,69,661,0.5377622377622377,0.5377622377622377,0.04423076923076923,0.46223776223776225,0.9557692307692308,0.9557692307692308
0.152446,769,1492,68,661,0.5377622377622377,0.5377622377622377,0.04358974358974359,0.46223776223776225,0.9564102564102565,0.9564102564102565
0.152522,768,1492,68,662,0.5370629370629371,0.5370629370629371,0.04358974358974359,0.46293706293706294,0.9564102564102565,0.9564102564102565
0.152607,768,1493,67,662,0.5370629370629371,0.5370629370629371,0.04294871794871795,0.46293706293706294,0.9570512820512821,0.9570512820512821
0.152989,767,1493,67,663,0.5363636363636364,0.5363636363636364,0.04294871794871795,0.4636363636363636,0.9570512820512821,0.9570512820512821
0.153143,766,1493,67,664,0.5356643356643357,0.5356643356643357,0.04294871794871795,0.4643356643356643,0.9570512820512821,0.9570512820512821
0.153382,765,1493,67,665,0.534965034965035,0.534965034965035,0.04294871794871795,0.46503496503496505,0.9570512820512821,0.9570512820512821
0.153409,764,1493,67,666,0.5342657342657343,0.5342657342657343,0.04294871794871795,0.46573426573426574,0.9570512820512821,0.9570512820512821
0.153422,763,1494,66,667,0.5335664335664335,0.5335664335664335,0.04230769230769231,0.4664335664335664,0.9576923076923077,0.9576923076923077
0.153493,763,1495,65,667,0.5335664335664335,0.5335664335664335,0.041666666666666664,0.4664335664335664,0.9583333333333334,0.9583333333333334
0.15368,762,1495,65,668,0.5328671328671328,0.5328671328671328,0.041666666666666664,0.4671328671328671,0.9583333333333334,0.9583333333333334
0.154,761,1495,65,669,0.5321678321678321,0.5321678321678321,0.041666666666666664,0.46783216783216786,0.9583333333333334,0.9583333333333334
0.154031,760,1495,65,670,0.5314685314685315,0.5314685314685315,0.041666666666666664,0.46853146853146854,0.9583333333333334,0.9583333333333334
0.15405,759,1495,65,671,0.5307692307692308,0.5307692307692308,0.041666666666666664,0.46923076923076923,0.9583333333333334,0.9583333333333334
0.154338,758,1495,65,672,0.5300699300699301,0.5300699300699301,0.041666666666666664,0.4699300699300699,0.9583333333333334,0.9583333333333334
0.154545,757,1495,65,673,0.5293706293706294,0.5293706293706294,0.041666666666666664,0.4706293706293706,0.9583333333333334,0.9583333333333334
0.154629,756,1495,65,674,0.5286713286713287,0.5286713286713287,0.041666666666666664,0.47132867132867134,0.9583333333333334,0.9583333333333334
0.154639,756,1496,64,674,0.5286713286713287,0.5286713286713287,0.041025641025641026,0.47132867132867134,0.958974358974359,0.958974358974359
0.15493,755,1496,64,675,0.527972027972028,0.527972027972028,0.041025641025641026,0.47202797202797203,0.958974358974359,0.958974358974359
0.154948,754,1496,64,676,0.5272727272727272,0.5272727272727272,0.041025641025641026,0.4727272727272727,0.958974358974359,0.958974358974359
0.155004,753,1496,64,677,0.5265734265734265,0.5265734265734265,0.041025641025641026,0.4734265734265734,0.958974358974359,0.958974358974359
0.155436,752,1496,64,678,0.5258741258741259,0.5258741258741259,0.041025641025641026,0.47412587412587415,0.958974358974359,0.958974358974359
0.155759,751,1496,64,679,0.5251748251748252,0.5251748251748252,0.041025641025641026,0.47482517482517483,0.958974358974359,0.958974358974359
0.156177,751,1497,63,679,0.5251748251748252,0.5251748251748252,0.04038461538461539,0.47482517482517483,0.9596153846153846,0.9596153846153846
0.156195,750,1497,63,680,0.5244755244755245,0.5244755244755245,0.04038461538461539,0.4755244755244755,0.9596153846153846,0.9596153846153846
0.156446,749,1497,63,681,0.5237762237762238,0.5237762237762238,0.04038461538461539,0.4762237762237762,0.9596153846153846,0.9596153846153846
0.15658,748,1497,63,682,0.5230769230769231,0.5230769230769231,0.04038461538461539,0.47692307692307695,0.9596153846153846,0.9596153846153846
0.1566,747,1497,63,683,0.5223776223776224,0.5223776223776224,0.04038461538461539,0.47762237762237764,0.9596153846153846,0.9596153846153846
0.156906,747,1498,62,683,0.5223776223776224,0.5223776223776224,0.03974358974358974,0.47762237762237764,0.9602564102564103,0.9602564102564103
0.157201,746,1498,62,684,0.5216783216783217,0.5216783216783217,0.03974358974358974,0.4783216783216783,0.9602564102564103,0.9602564102564103
0.157337,746,1499,61,684,0.5216783216783217,0.5216783216783217,0.0391025641025641,0.4783216783216783,0.9608974358974359,0.9608974358974359
0.157729,746,1500,60,684,0.5216783216783217,0.5216783216783217,0.038461538461538464,0.4783216783216783,0.9615384615384616,0.9615384615384616
0.157895,745,1500,60,685,0.5209790209790209,0.5209790209790209,0.038461538461538464,0.479020979020979,0.9615384615384616,0.9615384615384616
0.158199,744,1500,60,686,0.5202797202797202,0.5202797202797202,0.038461538461538464,0.4797202797202797,0.9615384615384616,0.9615384615384616
0.158602,744,1501,59,686,0.5202797202797202,0.5202797202797202,0.03782051282051282,0.4797202797202797,0.9621794871794872,0.9621794871794872
0.158768,743,1501,59,687,0.5195804195804196,0.5195804195804196,0.03782051282051282,0.48041958041958044,0.9621794871794872,0.9621794871794872
0.159091,743,1502,58,687,0.5195804195804196,0.5195804195804196,0.03717948717948718,0.48041958041958044,0.9628205128205128,0.9628205128205128
0.159218,742,1502,58,688,0.5188811188811189,0.5188811188811189,0.03717948717948718,0.4811188811188811,0.9628205128205128,0.9628205128205128
0.159407,741,1502,58,689,0.5181818181818182,0.5181818181818182,0.03717948717948718,0.4818181818181818,0.9628205128205128,0.9628205128205128
0.159533,740,1502,58,690,0.5174825174825175,0.5174825174825175,0.03717948717948718,0.4825174825174825,0.9628205128205128,0.9628205128205128
0.159555,739,1502,58,691,0.5167832167832168,0.5167832167832168,0.03717948717948718,0.48321678321678324,0.9628205128205128,0.9628205128205128
0.159574,738,1502,58,692,0.5160839160839161,0.5160839160839161,0.03717948717948718,0.48391608391608393,0.9628205128205128,0.9628205128205128
0.160377,737,1502,58,693,0.5153846153846153,0.5153846153846153,0.03717948717948718,0.4846153846153846,0.9628205128205128,0.9628205128205128
0.160592,736,1502,58,694,0.5146853146853146,0.5146853146853146,0.03717948717948718,0.4853146853146853,0.9628205128205128,0.9628205128205128
0.161198,736,1503,57,694,0.5146853146853146,0.5146853146853146,0.03653846153846154,0.4853146853146853,0.9634615384615385,0.9634615384615385
0.16129,735,1503,57,695,0.513986013986014,0.513986013986014,0.03653846153846154,0.486013986013986,0.9634615384615385,0.9634615384615385
0.16198,734,1503,57,696,0.5132867132867133,0.5132867132867133,0.03653846153846154,0.48671328671328673,0.9634615384615385,0.9634615384615385
0.162042,734,1504,56,696,0.5132867132867133,0.5132867132867133,0.035897435897435895,0.48671328671328673,0.9641025641025641,0.9641025641025641
0.162138,734,1505,55,696,0.5132867132867133,0.5132867132867133,0.035256410256410256,0.48671328671328673,0.9647435897435898,0.9647435897435898
0.162487,733,1505,55,697,0.5125874125874126,0.5125874125874126,0.035256410256410256,0.4874125874125874,0.9647435897435898,0.9647435897435898
0.162562,732,1505,55,698,0.5118881118881119,0.5118881118881119,0.035256410256410256,0.4881118881118881,0.9647435897435898,0.9647435897435898
0.16302,732,1506,54,698,0.5118881118881119,0.5118881118881119,0.03461538461538462,0.4881118881118881,0.9653846153846154,0.9653846153846154
0.163031,731,1506,54,699,0.5111888111888112,0.5111888111888112,0.03461538461538462,0.4888111888111888,0.9653846153846154,0.9653846153846154
0.163127,730,1506,54,700,0.5104895104895105,0.5104895104895105,0.03461538461538462,0.48951048951048953,0.9653846153846154,0.9653846153846154
0.16333,729,1506,54,701,0.5097902097902098,0.5097902097902098,0.03461538461538462,0.4902097902097902,0.9653846153846154,0.9653846153846154
0.163482,728,1506,54,702,0.509090909090909,0.509090909090909,0.03461538461538462,0.4909090909090909,0.9653846153846154,0.9653846153846154
0.163599,727,1506,54,703,0.5083916083916084,0.5083916083916084,0.03461538461538462,0.4916083916083916,0.9653846153846154,0.9653846153846154
0.163636,726,1506,54,704,0.5076923076923077,0.5076923076923077,0.03461538461538462,0.49230769230769234,0.9653846153846154,0.9653846153846154
0.163708,725,1506,54,705,0.506993006993007,0.506993006993007,0.03461538461538462,0.493006993006993,0.9653846153846154,0.9653846153846154
0.164278,724,1506,54,706,0.5062937062937063,0.5062937062937063,0.03461538461538462,0.4937062937062937,0.9653846153846154,0.9653846153846154
0.164286,723,1506,54,707,0.5055944055944056,0.5055944055944056,0.03461538461538462,0.4944055944055944,0.9653846153846154,0.9653846153846154
0.165128,723,1507,53,707,0.5055944055944056,0.5055944055944056,0.03397435897435897,0.4944055944055944,0.966025641025641,0.966025641025641
0.165389,723,1508,52,707,0.5055944055944056,0.5055944055944056,0.03333333333333333,0.4944055944055944,0.9666666666666667,0.9666666666666667
0.16621,722,1508,52,708,0.5048951048951049,0.5048951048951049,0.03333333333333333,0.4951048951048951,0.9666666666666667,0.9666666666666667
0.166276,721,1508,52,709,0.5041958041958042,0.5041958041958042,0.03333333333333333,0.4958041958041958,0.9666666666666667,0.9666666666666667
0.166492,721,1509,51,709,0.5041958041958042,0.5041958041958042,0.032692307692307694,0.4958041958041958,0.9673076923076923,0.9673076923076923
0.166994,721,1510,50,709,0.5041958041958042,0.5041958041958042,0.03205128205128205,0.4958041958041958,0.967948717948718,0.967948717948718
0.167431,720,1510,50,710,0.5034965034965035,0.5034965034965035,0.03205128205128205,0.4965034965034965,0.967948717948718,0.967948717948718
0.167539,719,1510,50,711,0.5027972027972027,0.5027972027972027,0.03205128205128205,0.4972027972027972,0.967948717948718,0.967948717948718
0.168103,718,1510,50,712,0.5020979020979021,0.5020979020979021,0.03205128205128205,0.4979020979020979,0.967948717948718,0.967948717948718
0.168569,718,1511,49,712,0.5020979020979021,0.5020979020979021,0.03141025641025641,0.4979020979020979,0.9685897435897436,0.9685897435897436
0.169288,717,1511,49,713,0.5013986013986014,0.5013986013986014,0.03141025641025641,0.4986013986013986,0.9685897435897436,0.9685897435897436
0.169427,716,1511,49,714,0.5006993006993007,0.5006993006993007,0.03141025641025641,0.4993006993006993,0.9685897435897436,0.9685897435897436
0.169448,716,1512,48,714,0.5006993006993007,0.5006993006993007,0.03076923076923077,0.4993006993006993,0.9692307692307692,0.9692307692307692
0.169643,715,1512,48,715,0.5,0.5,0.03076923076923077,0.5,0.9692307692307692,0.9692307692307692
0.169746,714,1512,48,716,0.4993006993006993,0.4993006993006993,0.03076923076923077,0.5006993006993007,0.9692307692307692,0.9692307692307692
0.169888,714,1513,47,716,0.4993006993006993,0.4993006993006993,0.03012820512820513,0.5006993006993007,0.9698717948717949,0.9698717948717949
0.170213,713,1513,47,717,0.4986013986013986,0.4986013986013986,0.03012820512820513,0.5013986013986014,0.9698717948717949,0.9698717948717949
0.170799,712,1513,47,718,0.4979020979020979,0.4979020979020979,0.03012820512820513,0.5020979020979021,0.9698717948717949,0.9698717948717949
0.170886,712,1514,46,718,0.4979020979020979,0.4979020979020979,0.029487179487179487,0.5020979020979021,0.9705128205128205,0.9705128205128205
0.171801,711,1514,46,719,0.4972027972027972,0.4972027972027972,0.029487179487179487,0.5027972027972027,0.9705128205128205,0.9705128205128205
0.171835,710,1514,46,720,0.4965034965034965,0.4965034965034965,0.029487179487179487,0.5034965034965035,0.9705128205128205,0.9705128205128205
0.171857,710,1515,45,720,0.4965034965034965,0.4965034965034965,0.028846153846153848,0.5034965034965035,0.9711538461538461,0.9711538461538461
0.172281,709,1515,45,721,0.4958041958041958,0.4958041958041958,0.028846153846153848,0.5041958041958042,0.9711538461538461,0.9711538461538461
0.17278,708,1515,45,722,0.4951048951048951,0.4951048951048951,0.028846153846153848,0.5048951048951049,0.9711538461538461,0.9711538461538461
0.172906,707,1515,45,723,0.4944055944055944,0.4944055944055944,0.028846153846153848,0.5055944055944056,0.9711538461538461,0.9711538461538461
0.17296,706,1515,45,724,0.4937062937062937,0.4937062937062937,0.028846153846153848,0.5062937062937063,0.9711538461538461,0.9711538461538461
0.174717,705,1515,45,725,0.493006993006993,0.493006993006993,0.028846153846153848,0.506993006993007,0.9711538461538461,0.9711538461538461
0.174777,704,1515,45,726,0.49230769230769234,0.49230769230769234,0.028846153846153848,0.5076923076923077,0.9711538461538461,0.9711538461538461
0.17512,704,1516,44,726,0.49230769230769234,0.49230769230769234,0.028205128205128206,0.5076923076923077,0.9717948717948718,0.9717948717948718
0.175134,703,1516,44,727,0.4916083916083916,0.4916083916083916,0.028205128205128206,0.5083916083916084,0.9717948717948718,0.9717948717948718
0.175258,702,1516,44,728,0.4909090909090909,0.4909090909090909,0.028205128205128206,0.509090909090909,0.9717948717948718,0.9717948717948718
0.175325,701,1516,44,729,0.4902097902097902,0.4902097902097902,0.028205128205128206,0.5097902097902098,0.9717948717948718,0.9717948717948718
0.175503,700,1516,44,730,0.48951048951048953,0.48951048951048953,0.028205128205128206,0.5104895104895105,0.9717948717948718,0.9717948717948718
0.175856,699,1516,44,731,0.4888111888111888,0.4888111888111888,0.028205128205128206,0.5111888111888112,0.9717948717948718,0.9717948717948718
0.176106,699,1517,43,731,0.4888111888111888,0.4888111888111888,0.027564102564102563,0.5111888111888112,0.9724358974358974,0.9724358974358974
0.176536,698,1517,43,732,0.4881118881118881,0.4881118881118881,0.027564102564102563,0.5118881118881119,0.9724358974358974,0.9724358974358974
0.176575,697,1517,43,733,0.4874125874125874,0.4874125874125874,0.027564102564102563,0.5125874125874126,0.9724358974358974,0.9724358974358974
0.177264,696,1517,43,734,0.48671328671328673,0.48671328671328673,0.027564102564102563,0.5132867132867133,0.9724358974358974,0.9724358974358974
0.177691,695,1517,43,735,0.486013986013986,0.486013986013986,0.027564102564102563,0.513986013986014,0.9724358974358974,0.9724358974358974
0.178082,695,1518,42,735,0.486013986013986,0.486013986013986,0.026923076923076925,0.513986013986014,0.9730769230769231,0.9730769230769231
0.178155,694,1518,42,736,0.4853146853146853,0.4853146853146853,0.026923076923076925,0.5146853146853146,0.9730769230769231,0.9730769230769231
0.178186,694,1519,41,736,0.4853146853146853,0.4853146853146853,0.026282051282051282,0.5146853146853146,0.9737179487179487,0.9737179487179487
0.178439,694,1520,40,736,0.4853146853146853,0.4853146853146853,0.02564102564102564,0.5146853146853146,0.9743589743589743,0.9743589743589743
0.178445,694,1521,39,736,0.4853146853146853,0.4853146853146853,0.025,0.5146853146853146,0.975,0.975
0.179045,693,1521,39,737,0.4846153846153846,0.4846153846153846,0.025,0.5153846153846153,0.975,0.975
0.179122,692,1521,39,738,0.48391608391608393,0.48391608391608393,0.025,0.5160839160839161,0.975,0.975
0.179548,691,1521,39,739,0.48321678321678324,0.48321678321678324,0.025,0.5167832167832168,0.975,0.975
0.180113,690,1521,39,740,0.4825174825174825,0.4825174825174825,0.025,0.5174825174825175,0.975,0.975
0.180602,689,1521,39,741,0.4818181818181818,0.4818181818181818,0.025,0.5181818181818182,0.975,0.975
0.18112,688,1521,39,742,0.4811188811188811,0.4811188811188811,0.025,0.5188811188811189,0.975,0.975
0.181197,686,1521,39,744,0.4797202797202797,0.4797202797202797,0.025,0.5202797202797202,0.975,0.975
0.182116,685,1521,39,745,0.479020979020979,0.479020979020979,0.025,0.5209790209790209,0.975,0.975
0.182469,684,1521,39,746,0.4783216783216783,0.4783216783216783,0.025,0.5216783216783217,0.975,0.975
0.18254,683,1521,39,747,0.47762237762237764,0.47762237762237764,0.025,0.5223776223776224,0.975,0.975
0.183773,682,1521,39,748,0.47692307692307695,0.47692307692307695,0.025,0.5230769230769231,0.975,0.975
0.183813,681,1521,39,749,0.4762237762237762,0.4762237762237762,0.025,0.5237762237762238,0.975,0.975
0.184049,681,1522,38,749,0.4762237762237762,0.4762237762237762,0.02435897435897436,0.5237762237762238,0.9756410256410256,0.9756410256410256
0.184185,680,1522,38,750,0.4755244755244755,0.4755244755244755,0.02435897435897436,0.5244755244755245,0.9756410256410256,0.9756410256410256
0.185556,679,1522,38,751,0.47482517482517483,0.47482517482517483,0.02435897435897436,0.5251748251748252,0.9756410256410256,0.9756410256410256
0.185874,678,1522,38,752,0.47412587412587415,0.47412587412587415,0.02435897435897436,0.5258741258741259,0.9756410256410256,0.9756410256410256
0.186441,677,1522,38,753,0.4734265734265734,0.4734265734265734,0.02435897435897436,0.5265734265734265,0.9756410256410256,0.9756410256410256
0.18711,676,1522,38,754,0.4727272727272727,0.4727272727272727,0.02435897435897436,0.5272727272727272,0.9756410256410256,0.9756410256410256
0.187427,675,1522,38,755,0.47202797202797203,0.47202797202797203,0.02435897435897436,0.527972027972028,0.9756410256410256,0.9756410256410256
0.1875,675,1523,37,755,0.47202797202797203,0.47202797202797203,0.023717948717948717,0.527972027972028,0.9762820512820513,0.9762820512820513
0.187865,674,1523,37,756,0.47132867132867134,0.47132867132867134,0.023717948717948717,0.5286713286713287,0.9762820512820513,0.9762820512820513
0.188163,674,1524,36,756,0.47132867132867134,0.47132867132867134,0.023076923076923078,0.5286713286713287,0.9769230769230769,0.9769230769230769
0.188406,673,1524,36,757,0.4706293706293706,0.4706293706293706,0.023076923076923078,0.5293706293706294,0.9769230769230769,0.9769230769230769
0.188546,672,1524,36,758,0.4699300699300699,0.4699300699300699,0.023076923076923078,0.5300699300699301,0.9769230769230769,0.9769230769230769
0.18931,671,1524,36,759,0.46923076923076923,0.46923076923076923,0.023076923076923078,0.5307692307692308,0.9769230769230769,0.9769230769230769
0.189605,670,1524,36,760,0.46853146853146854,0.46853146853146854,0.023076923076923078,0.5314685314685315,0.9769230769230769,0.9769230769230769
0.189636,669,1524,36,761,0.46783216783216786,0.46783216783216786,0.023076923076923078,0.5321678321678321,0.9769230769230769,0.9769230769230769
0.190114,668,1524,36,762,0.4671328671328671,0.4671328671328671,0.023076923076923078,0.5328671328671328,0.9769230769230769,0.9769230769230769
0.190244,667,1524,36,763,0.4664335664335664,0.4664335664335664,0.023076923076923078,0.5335664335664335,0.9769230769230769,0.9769230769230769
0.190385,667,1525,35,763,0.4664335664335664,0.4664335664335664,0.022435897435897436,0.5335664335664335,0.9775641025641025,0.9775641025641025
0.190887,666,1525,35,764,0.46573426573426574,0.46573426573426574,0.022435897435897436,0.5342657342657343,0.9775641025641025,0.9775641025641025
0.190989,665,1525,35,765,0.46503496503496505,0.46503496503496505,0.022435897435897436,0.534965034965035,0.9775641025641025,0.9775641025641025
0.191805,664,1525,35,766,0.4643356643356643,0.4643356643356643,0.022435897435897436,0.5356643356643357,0.9775641025641025,0.9775641025641025
0.19209,663,1525,35,767,0.4636363636363636,0.4636363636363636,0.022435897435897436,0.5363636363636364,0.9775641025641025,0.9775641025641025
0.192161,662,1525,35,768,0.46293706293706294,0.46293706293706294,0.022435897435897436,0.5370629370629371,0.9775641025641025,0.9775641025641025
0.192961,661,1525,35,769,0.46223776223776225,0.46223776223776225,0.022435897435897436,0.5377622377622377,0.9775641025641025,0.9775641025641025
0.193119,661,1526,34,769,0.46223776223776225,0.46223776223776225,0.021794871794871794,0.5377622377622377,0.9782051282051282,0.9782051282051282
0.193353,660,1526,34,770,0.46153846153846156,0.46153846153846156,0.021794871794871794,0.5384615384615384,0.9782051282051282,0.9782051282051282
0.193387,659,1526,34,771,0.4608391608391608,0.4608391608391608,0.021794871794871794,0.5391608391608391,0.9782051282051282,0.9782051282051282
0.194416,658,1526,34,772,0.46013986013986014,0.46013986013986014,0.021794871794871794,0.5398601398601398,0.9782051282051282,0.9782051282051282
0.194829,656,1526,34,774,0.45874125874125876,0.45874125874125876,0.021794871794871794,0.5412587412587413,0.9782051282051282,0.9782051282051282
0.195923,655,1526,34,775,0.458041958041958,0.458041958041958,0.021794871794871794,0.541958041958042,0.9782051282051282,0.9782051282051282
0.196018,655,1527,33,775,0.458041958041958,0.458041958041958,0.021153846153846155,0.541958041958042,0.9788461538461538,0.9788461538461538
0.196035,654,1527,33,776,0.45734265734265733,0.45734265734265733,0.021153846153846155,0.5426573426573427,0.9788461538461538,0.9788461538461538
0.196412,653,1527,33,777,0.45664335664335665,0.45664335664335665,0.021153846153846155,0.5433566433566434,0.9788461538461538,0.9788461538461538
0.196596,652,1527,33,778,0.45594405594405596,0.45594405594405596,0.021153846153846155,0.544055944055944,0.9788461538461538,0.9788461538461538
0.197222,651,1527,33,779,0.4552447552447552,0.4552447552447552,0.021153846153846155,0.5447552447552447,0.9788461538461538,0.9788461538461538
0.197232,650,1527,33,780,0.45454545454545453,0.45454545454545453,0.021153846153846155,0.5454545454545454,0.9788461538461538,0.9788461538461538
0.197304,649,1527,33,781,0.45384615384615384,0.45384615384615384,0.021153846153846155,0.5461538461538461,0.9788461538461538,0.9788461538461538
0.197382,648,1527,33,782,0.45314685314685316,0.45314685314685316,0.021153846153846155,0.5468531468531469,0.9788461538461538,0.9788461538461538
0.197714,648,1528,32,782,0.45314685314685316,0.45314685314685316,0.020512820512820513,0.5468531468531469,0.9794871794871794,0.9794871794871794
0.197751,648,1529,31,782,0.45314685314685316,0.45314685314685316,0.01987179487179487,0.5468531468531469,0.9801282051282051,0.9801282051282051
0.197838,647,1529,31,783,0.45244755244755247,0.45244755244755247,0.01987179487179487,0.5475524475524476,0.9801282051282051,0.9801282051282051
0.197965,646,1529,31,784,0.45174825174825173,0.45174825174825173,0.01987179487179487,0.5482517482517483,0.9801282051282051,0.9801282051282051
0.19814,646,1530,30,784,0.45174825174825173,0.45174825174825173,0.019230769230769232,0.5482517482517483,0.9807692307692307,0.9807692307692307
0.198161,645,1530,30,785,0.45104895104895104,0.45104895104895104,0.019230769230769232,0.548951048951049,0.9807692307692307,0.9807692307692307
0.198324,644,1530,30,786,0.45034965034965035,0.45034965034965035,0.019230769230769232,0.5496503496503496,0.9807692307692307,0.9807692307692307
0.198905,643,1530,30,787,0.44965034965034967,0.44965034965034967,0.019230769230769232,0.5503496503496503,0.9807692307692307,0.9807692307692307
0.199571,642,1530,30,788,0.4489510489510489,0.4489510489510489,0.019230769230769232,0.551048951048951,0.9807692307692307,0.9807692307692307
0.199813,641,1530,30,789,0.44825174825174824,0.44825174825174824,0.019230769230769232,0.5517482517482517,0.9807692307692307,0.9807692307692307
0.2,640,1530,30,790,0.44755244755244755,0.44755244755244755,0.019230769230769232,0.5524475524475524,0.9807692307692307,0.9807692307692307
0.200939,639,1530,30,791,0.44685314685314687,0.44685314685314687,0.019230769230769232,0.5531468531468532,0.9807692307692307,0.9807692307692307
0.201198,638,1530,30,792,0.4461538461538462,0.4461538461538462,0.019230769230769232,0.5538461538461539,0.9807692307692307,0.9807692307692307
0.202627,637,1530,30,793,0.44545454545454544,0.44545454545454544,0.019230769230769232,0.5545454545454546,0.9807692307692307,0.9807692307692307
0.202649,636,1530,30,794,0.44475524475524475,0.44475524475524475,0.019230769230769232,0.5552447552447553,0.9807692307692307,0.9807692307692307
0.202733,635,1530,30,795,0.44405594405594406,0.44405594405594406,0.019230769230769232,0.5559440559440559,0.9807692307692307,0.9807692307692307
0.203468,634,1530,30,796,0.4433566433566434,0.4433566433566434,0.019230769230769232,0.5566433566433566,0.9807692307692307,0.9807692307692307
0.204131,634,1531,29,796,0.4433566433566434,0.4433566433566434,0.01858974358974359,0.5566433566433566,0.9814102564102564,0.9814102564102564
0.204211,633,1531,29,797,0.44265734265734263,0.44265734265734263,0.01858974358974359,0.5573426573426573,0.9814102564102564,0.9814102564102564
0.204311,632,1531,29,798,0.44195804195804195,0.44195804195804195,0.01858974358974359,0.558041958041958,0.9814102564102564,0.9814102564102564
0.204522,631,1531,29,799,0.44125874125874126,0.44125874125874126,0.01858974358974359,0.5587412587412588,0.9814102564102564,0.9814102564102564
0.204887,630,1531,29,800,0.4405594405594406,0.4405594405594406,0.01858974358974359,0.5594405594405595,0.9814102564102564,0.9814102564102564
0.205827,629,1531,29,801,0.4398601398601399,0.4398601398601399,0.01858974358974359,0.5601398601398602,0.9814102564102564,0.9814102564102564
0.206287,628,1531,29,802,0.43916083916083914,0.43916083916083914,0.01858974358974359,0.5608391608391609,0.9814102564102564,0.9814102564102564
0.206428,627,1531,29,803,0.43846153846153846,0.43846153846153846,0.01858974358974359,0.5615384615384615,0.9814102564102564,0.9814102564102564
0.207819,626,1531,29,804,0.43776223776223777,0.43776223776223777,0.01858974358974359,0.5622377622377622,0.9814102564102564,0.9814102564102564
0.208802,626,1532,28,804,0.43776223776223777,0.43776223776223777,0.017948717948717947,0.5622377622377622,0.982051282051282,0.982051282051282
0.209026,626,1533,27,804,0.43776223776223777,0.43776223776223777,0.01730769230769231,0.5622377622377622,0.9826923076923076,0.9826923076923076
0.209275,625,1533,27,805,0.4370629370629371,0.4370629370629371,0.01730769230769231,0.5629370629370629,0.9826923076923076,0.9826923076923076
0.210068,625,1534,26,805,0.4370629370629371,0.4370629370629371,0.016666666666666666,0.5629370629370629,0.9833333333333333,0.9833333333333333
0.21071,624,1534,26,806,0.43636363636363634,0.43636363636363634,0.016666666666666666,0.5636363636363636,0.9833333333333333,0.9833333333333333
0.210767,623,1534,26,807,0.43566433566433566,0.43566433566433566,0.016666666666666666,0.5643356643356643,0.9833333333333333,0.9833333333333333
0.21078,622,1534,26,808,0.43496503496503497,0.43496503496503497,0.016666666666666666,0.5650349650349651,0.9833333333333333,0.9833333333333333
0.210784,621,1534,26,809,0.4342657342657343,0.4342657342657343,0.016666666666666666,0.5657342657342658,0.9833333333333333,0.9833333333333333
0.210877,620,1534,26,810,0.43356643356643354,0.43356643356643354,0.016666666666666666,0.5664335664335665,0.9833333333333333,0.9833333333333333
0.210909,619,1534,26,811,0.43286713286713285,0.43286713286713285,0.016666666666666666,0.5671328671328671,0.9833333333333333,0.9833333333333333
0.211293,618,1534,26,812,0.43216783216783217,0.43216783216783217,0.016666666666666666,0.5678321678321678,0.9833333333333333,0.9833333333333333
0.213115,617,1534,26,813,0.4314685314685315,0.4314685314685315,0.016666666666666666,0.5685314685314685,0.9833333333333333,0.9833333333333333
0.213514,616,1534,26,814,0.4307692307692308,0.4307692307692308,0.016666666666666666,0.5692307692307692,0.9833333333333333,0.9833333333333333
0.213915,615,1534,26,815,0.43006993006993005,0.43006993006993005,0.016666666666666666,0.5699300699300699,0.9833333333333333,0.9833333333333333
0.213996,614,1534,26,816,0.42937062937062936,0.42937062937062936,0.016666666666666666,0.5706293706293706,0.9833333333333333,0.9833333333333333
0.214362,613,1534,26,817,0.4286713286713287,0.4286713286713287,0.016666666666666666,0.5713286713286714,0.9833333333333333,0.9833333333333333
0.216942,612,1534,26,818,0.427972027972028,0.427972027972028,0.016666666666666666,0.5720279720279721,0.9833333333333333,0.9833333333333333
0.217902,612,1535,25,818,0.427972027972028,0.427972027972028,0.016025641025641024,0.5720279720279721,0.9839743589743589,0.9839743589743589
0.218182,611,1535,25,819,0.42727272727272725,0.42727272727272725,0.016025641025641024,0.5727272727272728,0.9839743589743589,0.9839743589743589
0.219307,610,1535,25,820,0.42657342657342656,0.42657342657342656,0.016025641025641024,0.5734265734265734,0.9839743589743589,0.9839743589743589
0.220018,609,1535,25,821,0.4258741258741259,0.4258741258741259,0.016025641025641024,0.5741258741258741,0.9839743589743589,0.9839743589743589
0.221429,608,1535,25,822,0.4251748251748252,0.4251748251748252,0.016025641025641024,0.5748251748251748,0.9839743589743589,0.9839743589743589
0.223003,607,1535,25,823,0.4244755244755245,0.4244755244755245,0.016025641025641024,0.5755244755244755,0.9839743589743589,0.9839743589743589
0.223192,606,1535,25,824,0.42377622377622376,0.42377622377622376,0.016025641025641024,0.5762237762237762,0.9839743589743589,0.9839743589743589
0.224051,605,1535,25,825,0.4230769230769231,0.4230769230769231,0.016025641025641024,0.5769230769230769,0.9839743589743589,0.9839743589743589
0.224719,604,1535,25,826,0.4223776223776224,0.4223776223776224,0.016025641025641024,0.5776223776223777,0.9839743589743589,0.9839743589743589
0.22476,603,1535,25,827,0.4216783216783217,0.4216783216783217,0.016025641025641024,0.5783216783216784,0.9839743589743589,0.9839743589743589
0.225989,602,1535,25,828,0.42097902097902096,0.42097902097902096,0.016025641025641024,0.579020979020979,0.9839743589743589,0.9839743589743589
0.227124,601,1535,25,829,0.42027972027972027,0.42027972027972027,0.016025641025641024,0.5797202797202797,0.9839743589743589,0.9839743589743589
0.227741,600,1535,25,830,0.4195804195804196,0.4195804195804196,0.016025641025641024,0.5804195804195804,0.9839743589743589,0.9839743589743589
0.228338,599,1535,25,831,0.4188811188811189,0.4188811188811189,0.016025641025641024,0.5811188811188811,0.9839743589743589,0.9839743589743589
0.228541,598,1535,25,832,0.41818181818181815,0.41818181818181815,0.016025641025641024,0.5818181818181818,0.9839743589743589,0.9839743589743589
0.230193,597,1535,25,833,0.41748251748251747,0.41748251748251747,0.016025641025641024,0.5825174825174825,0.9839743589743589,0.9839743589743589
0.230601,596,1535,25,834,0.4167832167832168,0.4167832167832168,0.016025641025641024,0.5832167832167832,0.9839743589743589,0.9839743589743589
0.230863,595,1535,25,835,0.4160839160839161,0.4160839160839161,0.016025641025641024,0.583916083916084,0.9839743589743589,0.9839743589743589
0.232401,594,1535,25,836,0.4153846153846154,0.4153846153846154,0.016025641025641024,0.5846153846153846,0.9839743589743589,0.9839743589743589
0.232529,593,1535,25,837,0.41468531468531467,0.41468531468531467,0.016025641025641024,0.5853146853146853,0.9839743589743589,0.9839743589743589
0.232711,592,1535,25,838,0.413986013986014,0.413986013986014,0.016025641025641024,0.586013986013986,0.9839743589743589,0.9839743589743589
0.233689,591,1535,25,839,0.4132867132867133,0.4132867132867133,0.016025641025641024,0.5867132867132867,0.9839743589743589,0.9839743589743589
0.234759,590,1535,25,840,0.4125874125874126,0.4125874125874126,0.016025641025641024,0.5874125874125874,0.9839743589743589,0.9839743589743589
0.235495,589,1535,25,841,0.41188811188811186,0.41188811188811186,0.016025641025641024,0.5881118881118881,0.9839743589743589,0.9839743589743589
0.236416,588,1535,25,842,0.4111888111888112,0.4111888111888112,0.016025641025641024,0.5888111888111888,0.9839743589743589,0.9839743589743589
0.237651,587,1535,25,843,0.4104895104895105,0.4104895104895105,0.016025641025641024,0.5895104895104896,0.9839743589743589,0.9839743589743589
0.238095,586,1535,25,844,0.4097902097902098,0.4097902097902098,0.016025641025641024,0.5902097902097903,0.9839743589743589,0.9839743589743589
0.238189,586,1536,24,844,0.4097902097902098,0.4097902097902098,0.015384615384615385,0.5902097902097903,0.9846153846153847,0.9846153846153847
0.239362,585,1536,24,845,0.4090909090909091,0.4090909090909091,0.015384615384615385,0.5909090909090909,0.9846153846153847,0.9846153846153847
0.240185,584,1536,24,846,0.4083916083916084,0.4083916083916084,0.015384615384615385,0.5916083916083916,0.9846153846153847,0.9846153846153847
0.240415,584,1537,23,846,0.4083916083916084,0.4083916083916084,0.014743589743589743,0.5916083916083916,0.9852564102564103,0.9852564102564103
0.24086,584,1538,22,846,0.4083916083916084,0.4083916083916084,0.014102564102564103,0.5916083916083916,0.985897435897436,0.985897435897436
0.241121,583,1538,22,847,0.4076923076923077,0.4076923076923077,0.014102564102564103,0.5923076923076923,0.985897435897436,0.985897435897436
0.241379,582,1538,22,848,0.406993006993007,0.406993006993007,0.014102564102564103,0.593006993006993,0.985897435897436,0.985897435897436
0.241643,582,1539,21,848,0.406993006993007,0.406993006993007,0.013461538461538462,0.593006993006993,0.9865384615384616,0.9865384615384616
0.241695,581,1539,21,849,0.4062937062937063,0.4062937062937063,0.013461538461538462,0.5937062937062937,0.9865384615384616,0.9865384615384616
0.242095,580,1539,21,850,0.40559440559440557,0.40559440559440557,0.013461538461538462,0.5944055944055944,0.9865384615384616,0.9865384615384616
0.243023,579,1539,21,851,0.4048951048951049,0.4048951048951049,0.013461538461538462,0.5951048951048951,0.9865384615384616,0.9865384615384616
0.24366,579,1540,20,851,0.4048951048951049,0.4048951048951049,0.01282051282051282,0.5951048951048951,0.9871794871794872,0.9871794871794872
0.244103,578,1540,20,852,0.4041958041958042,0.4041958041958042,0.01282051282051282,0.5958041958041959,0.9871794871794872,0.9871794871794872
0.244411,578,1541,19,852,0.4041958041958042,0.4041958041958042,0.01217948717948718,0.5958041958041959,0.9878205128205129,0.9878205128205129
0.245283,577,1541,19,853,0.4034965034965035,0.4034965034965035,0.01217948717948718,0.5965034965034965,0.9878205128205129,0.9878205128205129
0.246407,576,1541,19,854,0.4027972027972028,0.4027972027972028,0.01217948717948718,0.5972027972027972,0.9878205128205129,0.9878205128205129
0.246869,575,1541,19,855,0.4020979020979021,0.4020979020979021,0.01217948717948718,0.5979020979020979,0.9878205128205129,0.9878205128205129
0.248497,574,1541,19,856,0.4013986013986014,0.4013986013986014,0.01217948717948718,0.5986013986013986,0.9878205128205129,0.9878205128205129
0.248705,573,1541,19,857,0.4006993006993007,0.4006993006993007,0.01217948717948718,0.5993006993006993,0.9878205128205129,0.9878205128205129
0.249049,572,1541,19,858,0.4,0.4,0.01217948717948718,0.6,0.9878205128205129,0.9878205128205129
0.249485,571,1541,19,859,0.3993006993006993,0.3993006993006993,0.01217948717948718,0.6006993006993007,0.9878205128205129,0.9878205128205129
0.249755,570,1541,19,860,0.3986013986013986,0.3986013986013986,0.01217948717948718,0.6013986013986014,0.9878205128205129,0.9878205128205129
0.250743,569,1541,19,861,0.3979020979020979,0.3979020979020979,0.01217948717948718,0.6020979020979021,0.9878205128205129,0.9878205128205129
0.251497,568,1541,19,862,0.3972027972027972,0.3972027972027972,0.01217948717948718,0.6027972027972028,0.9878205128205129,0.9878205128205129
0.251572,567,1541,19,863,0.3965034965034965,0.3965034965034965,0.01217948717948718,0.6034965034965035,0.9878205128205129,0.9878205128205129
0.252427,566,1541,19,864,0.3958041958041958,0.3958041958041958,0.01217948717948718,0.6041958041958042,0.9878205128205129,0.9878205128205129
0.254433,565,1541,19,865,0.3951048951048951,0.3951048951048951,0.01217948717948718,0.6048951048951049,0.9878205128205129,0.9878205128205129
0.255011,564,1541,19,866,0.3944055944055944,0.3944055944055944,0.01217948717948718,0.6055944055944056,0.9878205128205129,0.9878205128205129
0.256647,563,1541,19,867,0.39370629370629373,0.39370629370629373,0.01217948717948718,0.6062937062937063,0.9878205128205129,0.9878205128205129
0.256787,563,1542,18,867,0.39370629370629373,0.39370629370629373,0.011538461538461539,0.6062937062937063,0.9884615384615385,0.9884615384615385
0.25689,563,1543,17,867,0.39370629370629373,0.39370629370629373,0.010897435897435897,0.6062937062937063,0.9891025641025641,0.9891025641025641
0.257502,562,1543,17,868,0.393006993006993,0.393006993006993,0.010897435897435897,0.606993006993007,0.9891025641025641,0.9891025641025641
0.258641,561,1543,17,869,0.3923076923076923,0.3923076923076923,0.010897435897435897,0.6076923076923076,0.9891025641025641,0.9891025641025641
0.259169,560,1543,17,870,0.3916083916083916,0.3916083916083916,0.010897435897435897,0.6083916083916084,0.9891025641025641,0.9891025641025641
0.260984,559,1543,17,871,0.39090909090909093,0.39090909090909093,0.010897435897435897,0.6090909090909091,0.9891025641025641,0.9891025641025641
0.262727,558,1543,17,872,0.3902097902097902,0.3902097902097902,0.010897435897435897,0.6097902097902098,0.9891025641025641,0.9891025641025641
0.264167,557,1543,17,873,0.3895104895104895,0.3895104895104895,0.010897435897435897,0.6104895104895105,0.9891025641025641,0.9891025641025641
0.265948,556,1543,17,874,0.3888111888111888,0.3888111888111888,0.010897435897435897,0.6111888111888112,0.9891025641025641,0.9891025641025641
0.266467,555,1543,17,875,0.3881118881118881,0.3881118881118881,0.010897435897435897,0.6118881118881119,0.9891025641025641,0.9891025641025641
0.269188,554,1543,17,876,0.38741258741258744,0.38741258741258744,0.010897435897435897,0.6125874125874126,0.9891025641025641,0.9891025641025641
0.271261,553,1543,17,877,0.3867132867132867,0.3867132867132867,0.010897435897435897,0.6132867132867132,0.9891025641025641,0.9891025641025641
0.27178,552,1543,17,878,0.386013986013986,0.386013986013986,0.010897435897435897,0.6139860139860139,0.9891025641025641,0.9891025641025641
0.271845,551,1543,17,879,0.3853146853146853,0.3853146853146853,0.010897435897435897,0.6146853146853147,0.9891025641025641,0.9891025641025641
0.272134,550,1543,17,880,0.38461538461538464,0.38461538461538464,0.010897435897435897,0.6153846153846154,0.9891025641025641,0.9891025641025641
0.27226,549,1543,17,881,0.3839160839160839,0.3839160839160839,0.010897435897435897,0.6160839160839161,0.9891025641025641,0.9891025641025641
0.272272,548,1543,17,882,0.3832167832167832,0.3832167832167832,0.010897435897435897,0.6167832167832168,0.9891025641025641,0.9891025641025641
0.27307,547,1543,17,883,0.3825174825174825,0.3825174825174825,0.010897435897435897,0.6174825174825175,0.9891025641025641,0.9891025641025641
0.273256,546,1543,17,884,0.38181818181818183,0.38181818181818183,0.010897435897435897,0.6181818181818182,0.9891025641025641,0.9891025641025641
0.273796,545,1543,17,885,0.3811188811188811,0.3811188811188811,0.010897435897435897,0.6188811188811189,0.9891025641025641,0.9891025641025641
0.273921,544,1543,17,886,0.3804195804195804,0.3804195804195804,0.010897435897435897,0.6195804195804195,0.9891025641025641,0.9891025641025641
0.274725,543,1543,17,887,0.3797202797202797,0.3797202797202797,0.010897435897435897,0.6202797202797202,0.9891025641025641,0.9891025641025641
0.274889,542,1543,17,888,0.37902097902097903,0.37902097902097903,0.010897435897435897,0.620979020979021,0.9891025641025641,0.9891025641025641
0.275313,541,1543,17,889,0.37832167832167835,0.37832167832167835,0.010897435897435897,0.6216783216783217,0.9891025641025641,0.9891025641025641
0.276163,540,1543,17,890,0.3776223776223776,0.3776223776223776,0.010897435897435897,0.6223776223776224,0.9891025641025641,0.9891025641025641
0.277937,539,1543,17,891,0.3769230769230769,0.3769230769230769,0.010897435897435897,0.6230769230769231,0.9891025641025641,0.9891025641025641
0.27913,538,1543,17,892,0.37622377622377623,0.37622377622377623,0.010897435897435897,0.6237762237762238,0.9891025641025641,0.9891025641025641
0.279863,537,1543,17,893,0.37552447552447554,0.37552447552447554,0.010897435897435897,0.6244755244755245,0.9891025641025641,0.9891025641025641
0.280177,536,1543,17,894,0.3748251748251748,0.3748251748251748,0.010897435897435897,0.6251748251748251,0.9891025641025641,0.9891025641025641
0.280959,535,1543,17,895,0.3741258741258741,0.3741258741258741,0.010897435897435897,0.6258741258741258,0.9891025641025641,0.9891025641025641
0.281216,534,1543,17,896,0.3734265734265734,0.3734265734265734,0.010897435897435897,0.6265734265734266,0.9891025641025641,0.9891025641025641
0.282851,533,1543,17,897,0.37272727272727274,0.37272727272727274,0.010897435897435897,0.6272727272727273,0.9891025641025641,0.9891025641025641
0.283439,532,1543,17,898,0.37202797202797205,0.37202797202797205,0.010897435897435897,0.627972027972028,0.9891025641025641,0.9891025641025641
0.284153,531,1543,17,899,0.3713286713286713,0.3713286713286713,0.010897435897435897,0.6286713286713287,0.9891025641025641,0.9891025641025641
0.285088,530,1543,17,900,0.3706293706293706,0.3706293706293706,0.010897435897435897,0.6293706293706294,0.9891025641025641,0.9891025641025641
0.285442,529,1543,17,901,0.36993006993006994,0.36993006993006994,0.010897435897435897,0.6300699300699301,0.9891025641025641,0.9891025641025641
0.28655,528,1543,17,902,0.36923076923076925,0.36923076923076925,0.010897435897435897,0.6307692307692307,0.9891025641025641,0.9891025641025641
0.287716,527,1543,17,903,0.3685314685314685,0.3685314685314685,0.010897435897435897,0.6314685314685314,0.9891025641025641,0.9891025641025641
0.288722,526,1543,17,904,0.3678321678321678,0.3678321678321678,0.010897435897435897,0.6321678321678321,0.9891025641025641,0.9891025641025641
0.289048,525,1543,17,905,0.36713286713286714,0.36713286713286714,0.010897435897435897,0.6328671328671329,0.9891025641025641,0.9891025641025641
0.289398,524,1543,17,906,0.36643356643356645,0.36643356643356645,0.010897435897435897,0.6335664335664336,0.9891025641025641,0.9891025641025641
0.290196,523,1543,17,907,0.3657342657342657,0.3657342657342657,0.010897435897435897,0.6342657342657343,0.9891025641025641,0.9891025641025641
0.291317,522,1543,17,908,0.365034965034965,0.365034965034965,0.010897435897435897,0.634965034965035,0.9891025641025641,0.9891025641025641
0.291346,521,1543,17,909,0.36433566433566433,0.36433566433566433,0.010897435897435897,0.6356643356643357,0.9891025641025641,0.9891025641025641
0.291971,520,1543,17,910,0.36363636363636365,0.36363636363636365,0.010897435897435897,0.6363636363636364,0.9891025641025641,0.9891025641025641
0.292391,519,1543,17,911,0.36293706293706296,0.36293706293706296,0.010897435897435897,0.637062937062937,0.9891025641025641,0.9891025641025641
0.292576,518,1543,17,912,0.3622377622377622,0.3622377622377622,0.010897435897435897,0.6377622377622377,0.9891025641025641,0.9891025641025641
0.295429,517,1543,17,913,0.36153846153846153,0.36153846153846153,0.010897435897435897,0.6384615384615384,0.9891025641025641,0.9891025641025641
0.296456,516,1543,17,914,0.36083916083916084,0.36083916083916084,0.010897435897435897,0.6391608391608392,0.9891025641025641,0.9891025641025641
0.296517,515,1543,17,915,0.36013986013986016,0.36013986013986016,0.010897435897435897,0.6398601398601399,0.9891025641025641,0.9891025641025641
0.2978,514,1543,17,916,0.3594405594405594,0.3594405594405594,0.010897435897435897,0.6405594405594406,0.9891025641025641,0.9891025641025641
0.298413,513,1543,17,917,0.35874125874125873,0.35874125874125873,0.010897435897435897,0.6412587412587413,0.9891025641025641,0.9891025641025641
0.298715,512,1543,17,918,0.35804195804195804,0.35804195804195804,0.010897435897435897,0.641958041958042,0.9891025641025641,0.9891025641025641
0.29904,511,1543,17,919,0.35734265734265735,0.35734265734265735,0.010897435897435897,0.6426573426573426,0.9891025641025641,0.9891025641025641
0.299137,510,1543,17,920,0.35664335664335667,0.35664335664335667,0.010897435897435897,0.6433566433566433,0.9891025641025641,0.9891025641025641
0.29922,509,1543,17,921,0.3559440559440559,0.3559440559440559,0.010897435897435897,0.644055944055944,0.9891025641025641,0.9891025641025641
0.299296,508,1543,17,922,0.35524475524475524,0.35524475524475524,0.010897435897435897,0.6447552447552447,0.9891025641025641,0.9891025641025641
0.299871,507,1543,17,923,0.35454545454545455,0.35454545454545455,0.010897435897435897,0.6454545454545455,0.9891025641025641,0.9891025641025641
0.301228,507,1544,16,923,0.35454545454545455,0.35454545454545455,0.010256410256410256,0.6454545454545455,0.9897435897435898,0.9897435897435898
0.302302,506,1544,16,924,0.35384615384615387,0.35384615384615387,0.010256410256410256,0.6461538461538462,0.9897435897435898,0.9897435897435898
0.302752,505,1544,16,925,0.3531468531468531,0.3531468531468531,0.010256410256410256,0.6468531468531469,0.9897435897435898,0.9897435897435898
0.304009,504,1544,16,926,0.35244755244755244,0.35244755244755244,0.010256410256410256,0.6475524475524476,0.9897435897435898,0.9897435897435898
0.304391,504,1545,15,926,0.35244755244755244,0.35244755244755244,0.009615384615384616,0.6475524475524476,0.9903846153846154,0.9903846153846154
0.305286,503,1545,15,927,0.35174825174825175,0.35174825174825175,0.009615384615384616,0.6482517482517482,0.9903846153846154,0.9903846153846154
0.306291,502,1545,15,928,0.35104895104895106,0.35104895104895106,0.009615384615384616,0.6489510489510489,0.9903846153846154,0.9903846153846154
0.307692,501,1545,15,929,0.3503496503496504,0.3503496503496504,0.009615384615384616,0.6496503496503496,0.9903846153846154,0.9903846153846154
0.308659,500,1545,15,930,0.34965034965034963,0.34965034965034963,0.009615384615384616,0.6503496503496503,0.9903846153846154,0.9903846153846154
0.309339,499,1545,15,931,0.34895104895104895,0.34895104895104895,0.009615384615384616,0.651048951048951,0.9903846153846154,0.9903846153846154
0.310668,498,1545,15,932,0.34825174825174826,0.34825174825174826,0.009615384615384616,0.6517482517482518,0.9903846153846154,0.9903846153846154
0.310832,497,1545,15,933,0.3475524475524476,0.3475524475524476,0.009615384615384616,0.6524475524475525,0.9903846153846154,0.9903846153846154
0.311493,496,1545,15,934,0.34685314685314683,0.34685314685314683,0.009615384615384616,0.6531468531468532,0.9903846153846154,0.9903846153846154
0.312429,495,1545,15,935,0.34615384615384615,0.34615384615384615,0.009615384615384616,0.6538461538461539,0.9903846153846154,0.9903846153846154
0.314074,494,1545,15,936,0.34545454545454546,0.34545454545454546,0.009615384615384616,0.6545454545454545,0.9903846153846154,0.9903846153846154
0.314399,493,1545,15,937,0.34475524475524477,0.34475524475524477,0.009615384615384616,0.6552447552447552,0.9903846153846154,0.9903846153846154
0.315789,493,1546,14,937,0.34475524475524477,0.34475524475524477,0.008974358974358974,0.6552447552447552,0.9910256410256411,0.9910256410256411
0.315843,492,1546,14,938,0.34405594405594403,0.34405594405594403,0.008974358974358974,0.6559440559440559,0.9910256410256411,0.9910256410256411
0.317819,491,1546,14,939,0.34335664335664334,0.34335664335664334,0.008974358974358974,0.6566433566433566,0.9910256410256411,0.9910256410256411
0.318138,490,1546,14,940,0.34265734265734266,0.34265734265734266,0.008974358974358974,0.6573426573426573,0.9910256410256411,0.9910256410256411
0.318386,489,1546,14,941,0.34195804195804197,0.34195804195804197,0.008974358974358974,0.6580419580419581,0.9910256410256411,0.9910256410256411
0.318594,488,1546,14,942,0.3412587412587413,0.3412587412587413,0.008974358974358974,0.6587412587412588,0.9910256410256411,0.9910256410256411
0.319048,487,1546,14,943,0.34055944055944054,0.34055944055944054,0.008974358974358974,0.6594405594405595,0.9910256410256411,0.9910256410256411
0.31963,486,1546,14,944,0.33986013986013985,0.33986013986013985,0.008974358974358974,0.6601398601398601,0.9910256410256411,0.9910256410256411
0.321041,485,1546,14,945,0.33916083916083917,0.33916083916083917,0.008974358974358974,0.6608391608391608,0.9910256410256411,0.9910256410256411
0.324222,484,1546,14,946,0.3384615384615385,0.3384615384615385,0.008974358974358974,0.6615384615384615,0.9910256410256411,0.9910256410256411
0.324286,483,1546,14,947,0.33776223776223774,0.33776223776223774,0.008974358974358974,0.6622377622377622,0.9910256410256411,0.9910256410256411
0.324298,482,1546,14,948,0.33706293706293705,0.33706293706293705,0.008974358974358974,0.6629370629370629,0.9910256410256411,0.9910256410256411
0.324374,481,1546,14,949,0.33636363636363636,0.33636363636363636,0.008974358974358974,0.6636363636363637,0.9910256410256411,0.9910256410256411
0.324561,480,1546,14,950,0.3356643356643357,0.3356643356643357,0.008974358974358974,0.6643356643356644,0.9910256410256411,0.9910256410256411
0.329293,479,1546,14,951,0.334965034965035,0.334965034965035,0.008974358974358974,0.6650349650349651,0.9910256410256411,0.9910256410256411
0.329556,478,1546,14,952,0.33426573426573425,0.33426573426573425,0.008974358974358974,0.6657342657342658,0.9910256410256411,0.9910256410256411
0.329843,477,1546,14,953,0.33356643356643356,0.33356643356643356,0.008974358974358974,0.6664335664335664,0.9910256410256411,0.9910256410256411
0.331643,476,1546,14,954,0.3328671328671329,0.3328671328671329,0.008974358974358974,0.6671328671328671,0.9910256410256411,0.9910256410256411
0.333986,475,1546,14,955,0.3321678321678322,0.3321678321678322,0.008974358974358974,0.6678321678321678,0.9910256410256411,0.9910256410256411
0.334308,474,1546,14,956,0.33146853146853145,0.33146853146853145,0.008974358974358974,0.6685314685314685,0.9910256410256411,0.9910256410256411
0.334895,473,1546,14,957,0.33076923076923076,0.33076923076923076,0.008974358974358974,0.6692307692307692,0.9910256410256411,0.9910256410256411
0.335835,473,1547,13,957,0.33076923076923076,0.33076923076923076,0.008333333333333333,0.6692307692307692,0.9916666666666667,0.9916666666666667
0.335842,472,1547,13,958,0.3300699300699301,0.3300699300699301,0.008333333333333333,0.66993006993007,0.9916666666666667,0.9916666666666667
0.336806,471,1547,13,959,0.3293706293706294,0.3293706293706294,0.008333333333333333,0.6706293706293707,0.9916666666666667,0.9916666666666667
0.338074,471,1548,12,959,0.3293706293706294,0.3293706293706294,0.007692307692307693,0.6706293706293707,0.9923076923076923,0.9923076923076923
0.338772,470,1548,12,960,0.32867132867132864,0.32867132867132864,0.007692307692307693,0.6713286713286714,0.9923076923076923,0.9923076923076923
0.338983,469,1548,12,961,0.32797202797202796,0.32797202797202796,0.007692307692307693,0.672027972027972,0.9923076923076923,0.9923076923076923
0.339776,469,1549,11,961,0.32797202797202796,0.32797202797202796,0.007051282051282051,0.672027972027972,0.992948717948718,0.992948717948718
0.341416,468,1549,11,962,0.32727272727272727,0.32727272727272727,0.007051282051282051,0.6727272727272727,0.992948717948718,0.992948717948718
0.342166,467,1549,11,963,0.3265734265734266,0.3265734265734266,0.007051282051282051,0.6734265734265734,0.992948717948718,0.992948717948718
0.343284,467,1550,10,963,0.3265734265734266,0.3265734265734266,0.00641025641025641,0.6734265734265734,0.9935897435897436,0.9935897435897436
0.344676,466,1550,10,964,0.3258741258741259,0.3258741258741259,0.00641025641025641,0.6741258741258741,0.9935897435897436,0.9935897435897436
0.346369,466,1551,9,964,0.3258741258741259,0.3258741258741259,0.0057692307692307696,0.6741258741258741,0.9942307692307693,0.9942307692307693
0.34817,465,1551,9,965,0.32517482517482516,0.32517482517482516,0.0057692307692307696,0.6748251748251748,0.9942307692307693,0.9942307692307693
0.351105,464,1551,9,966,0.32447552447552447,0.32447552447552447,0.0057692307692307696,0.6755244755244755,0.9942307692307693,0.9942307692307693
0.353326,463,1551,9,967,0.3237762237762238,0.3237762237762238,0.0057692307692307696,0.6762237762237763,0.9942307692307693,0.9942307692307693
0.358529,462,1551,9,968,0.3230769230769231,0.3230769230769231,0.0057692307692307696,0.676923076923077,0.9942307692307693,0.9942307692307693
0.362676,461,1551,9,969,0.32237762237762235,0.32237762237762235,0.0057692307692307696,0.6776223776223776,0.9942307692307693,0.9942307692307693
0.363107,460,1551,9,970,0.32167832167832167,0.32167832167832167,0.0057692307692307696,0.6783216783216783,0.9942307692307693,0.9942307692307693
0.364407,459,1551,9,971,0.320979020979021,0.320979020979021,0.0057692307692307696,0.679020979020979,0.9942307692307693,0.9942307692307693
0.365269,458,1551,9,972,0.3202797202797203,0.3202797202797203,0.0057692307692307696,0.6797202797202797,0.9942307692307693,0.9942307692307693
0.366699,457,1551,9,973,0.3195804195804196,0.3195804195804196,0.0057692307692307696,0.6804195804195804,0.9942307692307693,0.9942307692307693
0.367136,456,1551,9,974,0.31888111888111886,0.31888111888111886,0.0057692307692307696,0.6811188811188811,0.9942307692307693,0.9942307692307693
0.367328,455,1551,9,975,0.3181818181818182,0.3181818181818182,0.0057692307692307696,0.6818181818181818,0.9942307692307693,0.9942307692307693
0.368687,454,1551,9,976,0.3174825174825175,0.3174825174825175,0.0057692307692307696,0.6825174825174826,0.9942307692307693,0.9942307692307693
0.369037,454,1552,8,976,0.3174825174825175,0.3174825174825175,0.005128205128205128,0.6825174825174826,0.9948717948717949,0.9948717948717949
0.369318,453,1552,8,977,0.3167832167832168,0.3167832167832168,0.005128205128205128,0.6832167832167833,0.9948717948717949,0.9948717948717949
0.369565,452,1552,8,978,0.31608391608391606,0.31608391608391606,0.005128205128205128,0.6839160839160839,0.9948717948717949,0.9948717948717949
0.369895,451,1552,8,979,0.3153846153846154,0.3153846153846154,0.005128205128205128,0.6846153846153846,0.9948717948717949,0.9948717948717949
0.370335,450,1552,8,980,0.3146853146853147,0.3146853146853147,0.005128205128205128,0.6853146853146853,0.9948717948717949,0.9948717948717949
0.373106,449,1552,8,981,0.313986013986014,0.313986013986014,0.005128205128205128,0.686013986013986,0.9948717948717949,0.9948717948717949
0.375118,448,1552,8,982,0.3132867132867133,0.3132867132867133,0.005128205128205128,0.6867132867132867,0.9948717948717949,0.9948717948717949
0.375435,447,1552,8,983,0.31258741258741257,0.31258741258741257,0.005128205128205128,0.6874125874125874,0.9948717948717949,0.9948717948717949
0.378744,447,1553,7,983,0.31258741258741257,0.31258741258741257,0.004487179487179487,0.6874125874125874,0.9955128205128205,0.9955128205128205
0.379349,446,1553,7,984,0.3118881118881119,0.3118881118881119,0.004487179487179487,0.6881118881118881,0.9955128205128205,0.9955128205128205
0.382493,446,1554,6,984,0.3118881118881119,0.3118881118881119,0.0038461538461538464,0.6881118881118881,0.9961538461538462,0.9961538461538462
0.382998,445,1554,6,985,0.3111888111888112,0.3111888111888112,0.0038461538461538464,0.6888111888111889,0.9961538461538462,0.9961538461538462
0.384837,444,1554,6,986,0.3104895104895105,0.3104895104895105,0.0038461538461538464,0.6895104895104895,0.9961538461538462,0.9961538461538462
0.385401,443,1554,6,987,0.30979020979020977,0.30979020979020977,0.0038461538461538464,0.6902097902097902,0.9961538461538462,0.9961538461538462
0.385802,442,1554,6,988,0.3090909090909091,0.3090909090909091,0.0038461538461538464,0.6909090909090909,0.9961538461538462,0.9961538461538462
0.389485,441,1554,6,989,0.3083916083916084,0.3083916083916084,0.0038461538461538464,0.6916083916083916,0.9961538461538462,0.9961538461538462
0.390713,440,1554,6,990,0.3076923076923077,0.3076923076923077,0.0038461538461538464,0.6923076923076923,0.9961538461538462,0.9961538461538462
0.392045,439,1554,6,991,0.30699300699300697,0.30699300699300697,0.0038461538461538464,0.693006993006993,0.9961538461538462,0.9961538461538462
0.392128,438,1554,6,992,0.3062937062937063,0.3062937062937063,0.0038461538461538464,0.6937062937062937,0.9961538461538462,0.9961538461538462
0.392857,437,1554,6,993,0.3055944055944056,0.3055944055944056,0.0038461538461538464,0.6944055944055944,0.9961538461538462,0.9961538461538462
0.394867,436,1554,6,994,0.3048951048951049,0.3048951048951049,0.0038461538461538464,0.6951048951048951,0.9961538461538462,0.9961538461538462
0.39557,435,1554,6,995,0.3041958041958042,0.3041958041958042,0.0038461538461538464,0.6958041958041958,0.9961538461538462,0.9961538461538462
0.395983,434,1554,6,996,0.3034965034965035,0.3034965034965035,0.0038461538461538464,0.6965034965034965,0.9961538461538462,0.9961538461538462
0.397015,433,1554,6,997,0.3027972027972028,0.3027972027972028,0.0038461538461538464,0.6972027972027972,0.9961538461538462,0.9961538461538462
0.397059,432,1554,6,998,0.3020979020979021,0.3020979020979021,0.0038461538461538464,0.6979020979020979,0.9961538461538462,0.9961538461538462
0.398157,431,1554,6,999,0.3013986013986014,0.3013986013986014,0.0038461538461538464,0.6986013986013986,0.9961538461538462,0.9961538461538462
0.399423,430,1554,6,1000,0.3006993006993007,0.3006993006993007,0.0038461538461538464,0.6993006993006993,0.9961538461538462,0.9961538461538462
0.400512,429,1554,6,1001,0.3,0.3,0.0038461538461538464,0.7,0.9961538461538462,0.9961538461538462
0.404435,428,1554,6,1002,0.2993006993006993,0.2993006993006993,0.0038461538461538464,0.7006993006993008,0.9961538461538462,0.9961538461538462
0.40527,427,1554,6,1003,0.2986013986013986,0.2986013986013986,0.0038461538461538464,0.7013986013986014,0.9961538461538462,0.9961538461538462
0.40625,427,1555,5,1003,0.2986013986013986,0.2986013986013986,0.003205128205128205,0.7013986013986014,0.9967948717948718,0.9967948717948718
0.410256,426,1555,5,1004,0.29790209790209793,0.29790209790209793,0.003205128205128205,0.7020979020979021,0.9967948717948718,0.9967948717948718
0.410281,425,1555,5,1005,0.2972027972027972,0.2972027972027972,0.003205128205128205,0.7027972027972028,0.9967948717948718,0.9967948717948718
0.414563,424,1555,5,1006,0.2965034965034965,0.2965034965034965,0.003205128205128205,0.7034965034965035,0.9967948717948718,0.9967948717948718
0.415039,423,1555,5,1007,0.2958041958041958,0.2958041958041958,0.003205128205128205,0.7041958041958042,0.9967948717948718,0.9967948717948718
0.415287,422,1555,5,1008,0.2951048951048951,0.2951048951048951,0.003205128205128205,0.7048951048951049,0.9967948717948718,0.9967948717948718
0.420859,422,1556,4,1008,0.2951048951048951,0.2951048951048951,0.002564102564102564,0.7048951048951049,0.9974358974358974,0.9974358974358974
0.423321,421,1556,4,1009,0.2944055944055944,0.2944055944055944,0.002564102564102564,0.7055944055944056,0.9974358974358974,0.9974358974358974
0.423358,421,1557,3,1009,0.2944055944055944,0.2944055944055944,0.0019230769230769232,0.7055944055944056,0.9980769230769231,0.9980769230769231
0.423372,420,1557,3,1010,0.2937062937062937,0.2937062937062937,0.0019230769230769232,0.7062937062937062,0.9980769230769231,0.9980769230769231
0.424424,419,1557,3,1011,0.293006993006993,0.293006993006993,0.0019230769230769232,0.706993006993007,0.9980769230769231,0.9980769230769231
0.424429,418,1557,3,1012,0.2923076923076923,0.2923076923076923,0.0019230769230769232,0.7076923076923077,0.9980769230769231,0.9980769230769231
0.425532,417,1557,3,1013,0.2916083916083916,0.2916083916083916,0.0019230769230769232,0.7083916083916084,0.9980769230769231,0.9980769230769231
0.425793,416,1557,3,1014,0.2909090909090909,0.2909090909090909,0.0019230769230769232,0.7090909090909091,0.9980769230769231,0.9980769230769231
0.426829,415,1557,3,1015,0.2902097902097902,0.2902097902097902,0.0019230769230769232,0.7097902097902098,0.9980769230769231,0.9980769230769231
0.427875,414,1557,3,1016,0.2895104895104895,0.2895104895104895,0.0019230769230769232,0.7104895104895105,0.9980769230769231,0.9980769230769231
0.428424,413,1557,3,1017,0.28881118881118883,0.28881118881118883,0.0019230769230769232,0.7111888111888112,0.9980769230769231,0.9980769230769231
0.43031,412,1557,3,1018,0.2881118881118881,0.2881118881118881,0.0019230769230769232,0.7118881118881119,0.9980769230769231,0.9980769230769231
0.43617,411,1557,3,1019,0.2874125874125874,0.2874125874125874,0.0019230769230769232,0.7125874125874125,0.9980769230769231,0.9980769230769231
0.438356,410,1557,3,1020,0.2867132867132867,0.2867132867132867,0.0019230769230769232,0.7132867132867133,0.9980769230769231,0.9980769230769231
0.438787,409,1557,3,1021,0.28601398601398603,0.28601398601398603,0.0019230769230769232,0.713986013986014,0.9980769230769231,0.9980769230769231
0.439134,408,1557,3,1022,0.2853146853146853,0.2853146853146853,0.0019230769230769232,0.7146853146853147,0.9980769230769231,0.9980769230769231
0.440501,407,1557,3,1023,0.2846153846153846,0.2846153846153846,0.0019230769230769232,0.7153846153846154,0.9980769230769231,0.9980769230769231
0.440748,406,1557,3,1024,0.2839160839160839,0.2839160839160839,0.0019230769230769232,0.7160839160839161,0.9980769230769231,0.9980769230769231
0.440812,405,1557,3,1025,0.28321678321678323,0.28321678321678323,0.0019230769230769232,0.7167832167832168,0.9980769230769231,0.9980769230769231
0.445652,405,1558,2,1025,0.28321678321678323,0.28321678321678323,0.001282051282051282,0.7167832167832168,0.9987179487179487,0.9987179487179487
0.446411,404,1558,2,1026,0.28251748251748254,0.28251748251748254,0.001282051282051282,0.7174825174825175,0.9987179487179487,0.9987179487179487
0.447368,403,1558,2,1027,0.2818181818181818,0.2818181818181818,0.001282051282051282,0.7181818181818181,0.9987179487179487,0.9987179487179487
0.45,402,1558,2,1028,0.2811188811188811,0.2811188811188811,0.001282051282051282,0.7188811188811188,0.9987179487179487,0.9987179487179487
0.450658,401,1558,2,1029,0.2804195804195804,0.2804195804195804,0.001282051282051282,0.7195804195804196,0.9987179487179487,0.9987179487179487
0.451271,400,1558,2,1030,0.27972027972027974,0.27972027972027974,0.001282051282051282,0.7202797202797203,0.9987179487179487,0.9987179487179487
0.451571,399,1558,2,1031,0.279020979020979,0.279020979020979,0.001282051282051282,0.720979020979021,0.9987179487179487,0.9987179487179487
0.454545,398,1558,2,1032,0.2783216783216783,0.2783216783216783,0.001282051282051282,0.7216783216783217,0.9987179487179487,0.9987179487179487
0.459433,397,1558,2,1033,0.2776223776223776,0.2776223776223776,0.001282051282051282,0.7223776223776224,0.9987179487179487,0.9987179487179487
0.462076,396,1558,2,1034,0.27692307692307694,0.27692307692307694,0.001282051282051282,0.7230769230769231,0.9987179487179487,0.9987179487179487
0.469248,395,1558,2,1035,0.2762237762237762,0.2762237762237762,0.001282051282051282,0.7237762237762237,0.9987179487179487,0.9987179487179487
0.470852,394,1558,2,1036,0.2755244755244755,0.2755244755244755,0.001282051282051282,0.7244755244755244,0.9987179487179487,0.9987179487179487
0.471215,393,1558,2,1037,0.2748251748251748,0.2748251748251748,0.001282051282051282,0.7251748251748251,0.9987179487179487,0.9987179487179487
0.473638,392,1558,2,1038,0.27412587412587414,0.27412587412587414,0.001282051282051282,0.7258741258741259,0.9987179487179487,0.9987179487179487
0.475,391,1558,2,1039,0.27342657342657345,0.27342657342657345,0.001282051282051282,0.7265734265734266,0.9987179487179487,0.9987179487179487
0.475322,390,1558,2,1040,0.2727272727272727,0.2727272727272727,0.001282051282051282,0.7272727272727273,0.9987179487179487,0.9987179487179487
0.475664,389,1558,2,1041,0.272027972027972,0.272027972027972,0.001282051282051282,0.727972027972028,0.9987179487179487,0.9987179487179487
0.476503,388,1558,2,1042,0.27132867132867133,0.27132867132867133,0.001282051282051282,0.7286713286713287,0.9987179487179487,0.9987179487179487
0.479428,387,1558,2,1043,0.27062937062937065,0.27062937062937065,0.001282051282051282,0.7293706293706294,0.9987179487179487,0.9987179487179487
0.48,386,1558,2,1044,0.2699300699300699,0.2699300699300699,0.001282051282051282,0.73006993006993,0.9987179487179487,0.9987179487179487
0.480097,385,1558,2,1045,0.2692307692307692,0.2692307692307692,0.001282051282051282,0.7307692307692307,0.9987179487179487,0.9987179487179487
0.484334,384,1558,2,1046,0.26853146853146853,0.26853146853146853,0.001282051282051282,0.7314685314685314,0.9987179487179487,0.9987179487179487
0.492417,383,1558,2,1047,0.26783216783216784,0.26783216783216784,0.001282051282051282,0.7321678321678322,0.9987179487179487,0.9987179487179487
0.492788,382,1558,2,1048,0.26713286713286716,0.26713286713286716,0.001282051282051282,0.7328671328671329,0.9987179487179487,0.9987179487179487
0.494031,381,1558,2,1049,0.2664335664335664,0.2664335664335664,0.001282051282051282,0.7335664335664336,0.9987179487179487,0.9987179487179487
0.494152,380,1558,2,1050,0.26573426573426573,0.26573426573426573,0.001282051282051282,0.7342657342657343,0.9987179487179487,0.9987179487179487
0.496089,379,1558,2,1051,0.26503496503496504,0.26503496503496504,0.001282051282051282,0.734965034965035,0.9987179487179487,0.9987179487179487
0.496314,379,1559,1,1051,0.26503496503496504,0.26503496503496504,0.000641025641025641,0.734965034965035,0.9993589743589744,0.9993589743589744
0.497446,378,1559,1,1052,0.26433566433566436,0.26433566433566436,0.000641025641025641,0.7356643356643356,0.9993589743589744,0.9993589743589744
0.497758,377,1559,1,1053,0.2636363636363636,0.2636363636363636,0.000641025641025641,0.7363636363636363,0.9993589743589744,0.9993589743589744
0.498013,376,1559,1,1054,0.2629370629370629,0.2629370629370629,0.000641025641025641,0.737062937062937,0.9993589743589744,0.9993589743589744
0.498084,375,1559,1,1055,0.26223776223776224,0.26223776223776224,0.000641025641025641,0.7377622377622378,0.9993589743589744,0.9993589743589744
0.498876,374,1559,1,1056,0.26153846153846155,0.26153846153846155,0.000641025641025641,0.7384615384615385,0.9993589743589744,0.9993589743589744
0.499239,374,1560,0,1056,0.26153846153846155,0.26153846153846155,0.0,0.7384615384615385,1.0,1.0
0.502475,373,1560,0,1057,0.26083916083916087,0.26083916083916087,0.0,0.7391608391608392,1.0,1.0
0.504282,372,1560,0,1058,0.2601398601398601,0.2601398601398601,0.0,0.7398601398601399,1.0,1.0
0.504365,371,1560,0,1059,0.25944055944055944,0.25944055944055944,0.0,0.7405594405594406,1.0,1.0
0.506195,370,1560,0,1060,0.25874125874125875,0.25874125874125875,0.0,0.7412587412587412,1.0,1.0
0.511992,369,1560,0,1061,0.25804195804195806,0.25804195804195806,0.0,0.7419580419580419,1.0,1.0
0.512745,368,1560,0,1062,0.2573426573426573,0.2573426573426573,0.0,0.7426573426573426,1.0,1.0
0.515768,367,1560,0,1063,0.25664335664335663,0.25664335664335663,0.0,0.7433566433566433,1.0,1.0
0.516304,366,1560,0,1064,0.25594405594405595,0.25594405594405595,0.0,0.7440559440559441,1.0,1.0
0.516865,365,1560,0,1065,0.25524475524475526,0.25524475524475526,0.0,0.7447552447552448,1.0,1.0
0.518192,364,1560,0,1066,0.2545454545454545,0.2545454545454545,0.0,0.7454545454545455,1.0,1.0
0.520909,363,1560,0,1067,0.25384615384615383,0.25384615384615383,0.0,0.7461538461538462,1.0,1.0
0.521008,362,1560,0,1068,0.25314685314685315,0.25314685314685315,0.0,0.7468531468531469,1.0,1.0
0.521401,361,1560,0,1069,0.25244755244755246,0.25244755244755246,0.0,0.7475524475524475,1.0,1.0
0.531702,360,1560,0,1070,0.2517482517482518,0.2517482517482518,0.0,0.7482517482517482,1.0,1.0
0.532139,359,1560,0,1071,0.25104895104895103,0.25104895104895103,0.0,0.7489510489510489,1.0,1.0
0.532819,358,1560,0,1072,0.25034965034965034,0.25034965034965034,0.0,0.7496503496503496,1.0,1.0
0.533532,357,1560,0,1073,0.24965034965034966,0.24965034965034966,0.0,0.7503496503496504,1.0,1.0
0.534404,356,1560,0,1074,0.24895104895104894,0.24895104895104894,0.0,0.7510489510489511,1.0,1.0
0.544076,355,1560,0,1075,0.24825174825174826,0.24825174825174826,0.0,0.7517482517482518,1.0,1.0
0.54486,354,1560,0,1076,0.24755244755244754,0.24755244755244754,0.0,0.7524475524475525,1.0,1.0
0.544956,353,1560,0,1077,0.24685314685314685,0.24685314685314685,0.0,0.7531468531468531,1.0,1.0
0.546275,352,1560,0,1078,0.24615384615384617,0.24615384615384617,0.0,0.7538461538461538,1.0,1.0
0.547213,351,1560,0,1079,0.24545454545454545,0.24545454545454545,0.0,0.7545454545454545,1.0,1.0
0.548317,350,1560,0,1080,0.24475524475524477,0.24475524475524477,0.0,0.7552447552447552,1.0,1.0
0.55,349,1560,0,1081,0.24405594405594405,0.24405594405594405,0.0,0.7559440559440559,1.0,1.0
0.551498,348,1560,0,1082,0.24335664335664337,0.24335664335664337,0.0,0.7566433566433567,1.0,1.0
0.551983,347,1560,0,1083,0.24265734265734265,0.24265734265734265,0.0,0.7573426573426574,1.0,1.0
0.552656,346,1560,0,1084,0.24195804195804196,0.24195804195804196,0.0,0.7580419580419581,1.0,1.0
0.55266,345,1560,0,1085,0.24125874125874125,0.24125874125874125,0.0,0.7587412587412588,1.0,1.0
0.55419,344,1560,0,1086,0.24055944055944056,0.24055944055944056,0.0,0.7594405594405594,1.0,1.0
0.556291,343,1560,0,1087,0.23986013986013985,0.23986013986013985,0.0,0.7601398601398601,1.0,1.0
0.56044,342,1560,0,1088,0.23916083916083916,0.23916083916083916,0.0,0.7608391608391608,1.0,1.0
0.562734,341,1560,0,1089,0.23846153846153847,0.23846153846153847,0.0,0.7615384615384615,1.0,1.0
0.563177,340,1560,0,1090,0.23776223776223776,0.23776223776223776,0.0,0.7622377622377622,1.0,1.0
0.563991,339,1560,0,1091,0.23706293706293707,0.23706293706293707,0.0,0.762937062937063,1.0,1.0
0.567597,338,1560,0,1092,0.23636363636363636,0.23636363636363636,0.0,0.7636363636363637,1.0,1.0
0.567861,337,1560,0,1093,0.23566433566433567,0.23566433566433567,0.0,0.7643356643356644,1.0,1.0
0.575569,336,1560,0,1094,0.23496503496503496,0.23496503496503496,0.0,0.765034965034965,1.0,1.0
0.582418,335,1560,0,1095,0.23426573426573427,0.23426573426573427,0.0,0.7657342657342657,1.0,1.0
0.583333,334,1560,0,1096,0.23356643356643356,0.23356643356643356,0.0,0.7664335664335664,1.0,1.0
0.588126,333,1560,0,1097,0.23286713286713287,0.23286713286713287,0.0,0.7671328671328671,1.0,1.0
0.589967,332,1560,0,1098,0.23216783216783216,0.23216783216783216,0.0,0.7678321678321678,1.0,1.0
0.591444,331,1560,0,1099,0.23146853146853147,0.23146853146853147,0.0,0.7685314685314686,1.0,1.0
0.593184,330,1560,0,1100,0.23076923076923078,0.23076923076923078,0.0,0.7692307692307693,1.0,1.0
0.595192,329,1560,0,1101,0.23006993006993007,0.23006993006993007,0.0,0.76993006993007,1.0,1.0
0.603333,328,1560,0,1102,0.22937062937062938,0.22937062937062938,0.0,0.7706293706293706,1.0,1.0
0.604651,327,1560,0,1103,0.22867132867132867,0.22867132867132867,0.0,0.7713286713286713,1.0,1.0
0.604905,326,1560,0,1104,0.22797202797202798,0.22797202797202798,0.0,0.772027972027972,1.0,1.0
0.606186,325,1560,0,1105,0.22727272727272727,0.22727272727272727,0.0,0.7727272727272727,1.0,1.0
0.606275,324,1560,0,1106,0.22657342657342658,0.22657342657342658,0.0,0.7734265734265734,1.0,1.0
0.608534,323,1560,0,1107,0.22587412587412586,0.22587412587412586,0.0,0.7741258741258741,1.0,1.0
0.613734,322,1560,0,1108,0.22517482517482518,0.22517482517482518,0.0,0.7748251748251749,1.0,1.0
0.614979,321,1560,0,1109,0.22447552447552446,0.22447552447552446,0.0,0.7755244755244756,1.0,1.0
0.617841,320,1560,0,1110,0.22377622377622378,0.22377622377622378,0.0,0.7762237762237763,1.0,1.0
0.620381,319,1560,0,1111,0.2230769230769231,0.2230769230769231,0.0,0.7769230769230769,1.0,1.0
0.622969,318,1560,0,1112,0.22237762237762237,0.22237762237762237,0.0,0.7776223776223776,1.0,1.0
0.62362,317,1560,0,1113,0.2216783216783217,0.2216783216783217,0.0,0.7783216783216783,1.0,1.0
0.623773,316,1560,0,1114,0.22097902097902097,0.22097902097902097,0.0,0.779020979020979,1.0,1.0
0.623862,315,1560,0,1115,0.2202797202797203,0.2202797202797203,0.0,0.7797202797202797,1.0,1.0
0.627586,314,1560,0,1116,0.21958041958041957,0.21958041958041957,0.0,0.7804195804195804,1.0,1.0
0.629179,313,1560,0,1117,0.21888111888111889,0.21888111888111889,0.0,0.7811188811188812,1.0,1.0
0.630631,312,1560,0,1118,0.21818181818181817,0.21818181818181817,0.0,0.7818181818181819,1.0,1.0
0.63469,311,1560,0,1119,0.21748251748251748,0.21748251748251748,0.0,0.7825174825174825,1.0,1.0
0.63544,310,1560,0,1120,0.21678321678321677,0.21678321678321677,0.0,0.7832167832167832,1.0,1.0
0.636069,309,1560,0,1121,0.21608391608391608,0.21608391608391608,0.0,0.7839160839160839,1.0,1.0
0.636957,308,1560,0,1122,0.2153846153846154,0.2153846153846154,0.0,0.7846153846153846,1.0,1.0
0.640914,307,1560,0,1123,0.21468531468531468,0.21468531468531468,0.0,0.7853146853146853,1.0,1.0
0.641473,306,1560,0,1124,0.213986013986014,0.213986013986014,0.0,0.786013986013986,1.0,1.0
0.644737,305,1560,0,1125,0.21328671328671328,0.21328671328671328,0.0,0.7867132867132867,1.0,1.0
0.646251,304,1560,0,1126,0.2125874125874126,0.2125874125874126,0.0,0.7874125874125875,1.0,1.0
0.647249,303,1560,0,1127,0.21188811188811188,0.21188811188811188,0.0,0.7881118881118881,1.0,1.0
0.650743,302,1560,0,1128,0.2111888111888112,0.2111888111888112,0.0,0.7888111888111888,1.0,1.0
0.651052,301,1560,0,1129,0.21048951048951048,0.21048951048951048,0.0,0.7895104895104895,1.0,1.0
0.651111,300,1560,0,1130,0.2097902097902098,0.2097902097902098,0.0,0.7902097902097902,1.0,1.0
0.652,299,1560,0,1131,0.20909090909090908,0.20909090909090908,0.0,0.7909090909090909,1.0,1.0
0.652608,298,1560,0,1132,0.2083916083916084,0.2083916083916084,0.0,0.7916083916083916,1.0,1.0
0.654167,297,1560,0,1133,0.2076923076923077,0.2076923076923077,0.0,0.7923076923076923,1.0,1.0
0.654812,296,1560,0,1134,0.206993006993007,0.206993006993007,0.0,0.793006993006993,1.0,1.0
0.65547,295,1560,0,1135,0.2062937062937063,0.2062937062937063,0.0,0.7937062937062938,1.0,1.0
0.656673,294,1560,0,1136,0.2055944055944056,0.2055944055944056,0.0,0.7944055944055944,1.0,1.0
0.657464,293,1560,0,1137,0.2048951048951049,0.2048951048951049,0.0,0.7951048951048951,1.0,1.0
0.658228,292,1560,0,1138,0.2041958041958042,0.2041958041958042,0.0,0.7958041958041958,1.0,1.0
0.66034,291,1560,0,1139,0.2034965034965035,0.2034965034965035,0.0,0.7965034965034965,1.0,1.0
0.660471,290,1560,0,1140,0.20279720279720279,0.20279720279720279,0.0,0.7972027972027972,1.0,1.0
0.660955,289,1560,0,1141,0.2020979020979021,0.2020979020979021,0.0,0.7979020979020979,1.0,1.0
0.661805,288,1560,0,1142,0.2013986013986014,0.2013986013986014,0.0,0.7986013986013986,1.0,1.0
0.664495,287,1560,0,1143,0.2006993006993007,0.2006993006993007,0.0,0.7993006993006992,1.0,1.0
0.666667,286,1560,0,1144,0.2,0.2,0.0,0.8,1.0,1.0
0.66822,285,1560,0,1145,0.1993006993006993,0.1993006993006993,0.0,0.8006993006993007,1.0,1.0
0.668279,284,1560,0,1146,0.1986013986013986,0.1986013986013986,0.0,0.8013986013986014,1.0,1.0
0.669519,283,1560,0,1147,0.1979020979020979,0.1979020979020979,0.0,0.8020979020979021,1.0,1.0
0.670157,282,1560,0,1148,0.1972027972027972,0.1972027972027972,0.0,0.8027972027972028,1.0,1.0
0.670401,281,1560,0,1149,0.1965034965034965,0.1965034965034965,0.0,0.8034965034965035,1.0,1.0
0.670429,280,1560,0,1150,0.1958041958041958,0.1958041958041958,0.0,0.8041958041958042,1.0,1.0
0.670732,279,1560,0,1151,0.1951048951048951,0.1951048951048951,0.0,0.8048951048951049,1.0,1.0
0.674194,278,1560,0,1152,0.1944055944055944,0.1944055944055944,0.0,0.8055944055944056,1.0,1.0
0.675297,277,1560,0,1153,0.19370629370629372,0.19370629370629372,0.0,0.8062937062937063,1.0,1.0
0.675422,276,1560,0,1154,0.193006993006993,0.193006993006993,0.0,0.806993006993007,1.0,1.0
0.678054,275,1560,0,1155,0.19230769230769232,0.19230769230769232,0.0,0.8076923076923077,1.0,1.0
0.678392,274,1560,0,1156,0.1916083916083916,0.1916083916083916,0.0,0.8083916083916084,1.0,1.0
0.679281,273,1560,0,1157,0.19090909090909092,0.19090909090909092,0.0,0.8090909090909091,1.0,1.0
0.679829,272,1560,0,1158,0.1902097902097902,0.1902097902097902,0.0,0.8097902097902098,1.0,1.0
0.683351,271,1560,0,1159,0.18951048951048952,0.18951048951048952,0.0,0.8104895104895105,1.0,1.0
0.68377,270,1560,0,1160,0.1888111888111888,0.1888111888111888,0.0,0.8111888111888111,1.0,1.0
0.686975,269,1560,0,1161,0.18811188811188811,0.18811188811188811,0.0,0.8118881118881119,1.0,1.0
0.68932,268,1560,0,1162,0.1874125874125874,0.1874125874125874,0.0,0.8125874125874126,1.0,1.0
0.690501,267,1560,0,1163,0.1867132867132867,0.1867132867132867,0.0,0.8132867132867133,1.0,1.0
0.696682,266,1560,0,1164,0.18601398601398603,0.18601398601398603,0.0,0.813986013986014,1.0,1.0
0.697647,265,1560,0,1165,0.1853146853146853,0.1853146853146853,0.0,0.8146853146853147,1.0,1.0
0.69969,264,1560,0,1166,0.18461538461538463,0.18461538461538463,0.0,0.8153846153846154,1.0,1.0
0.699814,263,1560,0,1167,0.1839160839160839,0.1839160839160839,0.0,0.8160839160839161,1.0,1.0
0.701887,262,1560,0,1168,0.18321678321678322,0.18321678321678322,0.0,0.8167832167832167,1.0,1.0
0.703364,261,1560,0,1169,0.1825174825174825,0.1825174825174825,0.0,0.8174825174825174,1.0,1.0
0.703911,260,1560,0,1170,0.18181818181818182,0.18181818181818182,0.0,0.8181818181818182,1.0,1.0
0.703985,259,1560,0,1171,0.1811188811188811,0.1811188811188811,0.0,0.8188811188811189,1.0,1.0
0.704209,258,1560,0,1172,0.18041958041958042,0.18041958041958042,0.0,0.8195804195804196,1.0,1.0
0.704312,257,1560,0,1173,0.1797202797202797,0.1797202797202797,0.0,0.8202797202797203,1.0,1.0
0.705287,256,1560,0,1174,0.17902097902097902,0.17902097902097902,0.0,0.820979020979021,1.0,1.0
0.708,255,1560,0,1175,0.17832167832167833,0.17832167832167833,0.0,0.8216783216783217,1.0,1.0
0.708286,254,1560,0,1176,0.17762237762237762,0.17762237762237762,0.0,0.8223776223776224,1.0,1.0
0.708376,253,1560,0,1177,0.17692307692307693,0.17692307692307693,0.0,0.823076923076923,1.0,1.0
0.708749,252,1560,0,1178,0.17622377622377622,0.17622377622377622,0.0,0.8237762237762237,1.0,1.0
0.71001,251,1560,0,1179,0.17552447552447553,0.17552447552447553,0.0,0.8244755244755245,1.0,1.0
0.710233,250,1560,0,1180,0.17482517482517482,0.17482517482517482,0.0,0.8251748251748252,1.0,1.0
0.710325,249,1560,0,1181,0.17412587412587413,0.17412587412587413,0.0,0.8258741258741259,1.0,1.0
0.714724,248,1560,0,1182,0.17342657342657342,0.17342657342657342,0.0,0.8265734265734266,1.0,1.0
0.71878,247,1560,0,1183,0.17272727272727273,0.17272727272727273,0.0,0.8272727272727273,1.0,1.0
0.721063,246,1560,0,1184,0.17202797202797201,0.17202797202797201,0.0,0.827972027972028,1.0,1.0
0.722051,245,1560,0,1185,0.17132867132867133,0.17132867132867133,0.0,0.8286713286713286,1.0,1.0
0.723512,244,1560,0,1186,0.17062937062937064,0.17062937062937064,0.0,0.8293706293706293,1.0,1.0
0.72478,243,1560,0,1187,0.16993006993006993,0.16993006993006993,0.0,0.83006993006993,1.0,1.0
0.726326,242,1560,0,1188,0.16923076923076924,0.16923076923076924,0.0,0.8307692307692308,1.0,1.0
0.726764,241,1560,0,1189,0.16853146853146853,0.16853146853146853,0.0,0.8314685314685315,1.0,1.0
0.728972,240,1560,0,1190,0.16783216783216784,0.16783216783216784,0.0,0.8321678321678322,1.0,1.0
0.730068,239,1560,0,1191,0.16713286713286712,0.16713286713286712,0.0,0.8328671328671329,1.0,1.0
0.732318,238,1560,0,1192,0.16643356643356644,0.16643356643356644,0.0,0.8335664335664336,1.0,1.0
0.733766,237,1560,0,1193,0.16573426573426572,0.16573426573426572,0.0,0.8342657342657342,1.0,1.0
0.736253,236,1560,0,1194,0.16503496503496504,0.16503496503496504,0.0,0.8349650349650349,1.0,1.0
0.737542,235,1560,0,1195,0.16433566433566432,0.16433566433566432,0.0,0.8356643356643356,1.0,1.0
0.739524,234,1560,0,1196,0.16363636363636364,0.16363636363636364,0.0,0.8363636363636363,1.0,1.0
0.73955,233,1560,0,1197,0.16293706293706295,0.16293706293706295,0.0,0.8370629370629371,1.0,1.0
0.745078,232,1560,0,1198,0.16223776223776223,0.16223776223776223,0.0,0.8377622377622378,1.0,1.0
0.74537,231,1560,0,1199,0.16153846153846155,0.16153846153846155,0.0,0.8384615384615385,1.0,1.0
0.746521,230,1560,0,1200,0.16083916083916083,0.16083916083916083,0.0,0.8391608391608392,1.0,1.0
0.746568,229,1560,0,1201,0.16013986013986015,0.16013986013986015,0.0,0.8398601398601399,1.0,1.0
0.750255,228,1560,0,1202,0.15944055944055943,0.15944055944055943,0.0,0.8405594405594405,1.0,1.0
0.752351,227,1560,0,1203,0.15874125874125875,0.15874125874125875,0.0,0.8412587412587412,1.0,1.0
0.752757,226,1560,0,1204,0.15804195804195803,0.15804195804195803,0.0,0.8419580419580419,1.0,1.0
0.753158,225,1560,0,1205,0.15734265734265734,0.15734265734265734,0.0,0.8426573426573427,1.0,1.0
0.753325,224,1560,0,1206,0.15664335664335666,0.15664335664335666,0.0,0.8433566433566434,1.0,1.0
0.754195,223,1560,0,1207,0.15594405594405594,0.15594405594405594,0.0,0.8440559440559441,1.0,1.0
0.754647,222,1560,0,1208,0.15524475524475526,0.15524475524475526,0.0,0.8447552447552448,1.0,1.0
0.756345,221,1560,0,1209,0.15454545454545454,0.15454545454545454,0.0,0.8454545454545455,1.0,1.0
0.7628,220,1560,0,1210,0.15384615384615385,0.15384615384615385,0.0,0.8461538461538461,1.0,1.0
0.763709,219,1560,0,1211,0.15314685314685314,0.15314685314685314,0.0,0.8468531468531468,1.0,1.0
0.765208,218,1560,0,1212,0.15244755244755245,0.15244755244755245,0.0,0.8475524475524475,1.0,1.0
0.767839,217,1560,0,1213,0.15174825174825174,0.15174825174825174,0.0,0.8482517482517482,1.0,1.0
0.768293,216,1560,0,1214,0.15104895104895105,0.15104895104895105,0.0,0.848951048951049,1.0,1.0
0.770019,215,1560,0,1215,0.15034965034965034,0.15034965034965034,0.0,0.8496503496503497,1.0,1.0
0.774459,214,1560,0,1216,0.14965034965034965,0.14965034965034965,0.0,0.8503496503496504,1.0,1.0
0.774977,213,1560,0,1217,0.14895104895104896,0.14895104895104896,0.0,0.8510489510489511,1.0,1.0
0.775225,212,1560,0,1218,0.14825174825174825,0.14825174825174825,0.0,0.8517482517482518,1.0,1.0
0.777269,211,1560,0,1219,0.14755244755244756,0.14755244755244756,0.0,0.8524475524475524,1.0,1.0
0.779412,210,1560,0,1220,0.14685314685314685,0.14685314685314685,0.0,0.8531468531468531,1.0,1.0
0.782869,209,1560,0,1221,0.14615384615384616,0.14615384615384616,0.0,0.8538461538461538,1.0,1.0
0.783978,208,1560,0,1222,0.14545454545454545,0.14545454545454545,0.0,0.8545454545454545,1.0,1.0
0.787046,207,1560,0,1223,0.14475524475524476,0.14475524475524476,0.0,0.8552447552447553,1.0,1.0
0.787846,206,1560,0,1224,0.14405594405594405,0.14405594405594405,0.0,0.855944055944056,1.0,1.0
0.78848,205,1560,0,1225,0.14335664335664336,0.14335664335664336,0.0,0.8566433566433567,1.0,1.0
0.791878,204,1560,0,1226,0.14265734265734265,0.14265734265734265,0.0,0.8573426573426574,1.0,1.0
0.793296,203,1560,0,1227,0.14195804195804196,0.14195804195804196,0.0,0.858041958041958,1.0,1.0
0.793939,202,1560,0,1228,0.14125874125874127,0.14125874125874127,0.0,0.8587412587412587,1.0,1.0
0.794177,201,1560,0,1229,0.14055944055944056,0.14055944055944056,0.0,0.8594405594405594,1.0,1.0
0.794979,200,1560,0,1230,0.13986013986013987,0.13986013986013987,0.0,0.8601398601398601,1.0,1.0
0.798378,199,1560,0,1231,0.13916083916083916,0.13916083916083916,0.0,0.8608391608391608,1.0,1.0
0.801634,198,1560,0,1232,0.13846153846153847,0.13846153846153847,0.0,0.8615384615384616,1.0,1.0
0.804327,197,1560,0,1233,0.13776223776223775,0.13776223776223775,0.0,0.8622377622377623,1.0,1.0
0.807915,196,1560,0,1234,0.13706293706293707,0.13706293706293707,0.0,0.862937062937063,1.0,1.0
0.811245,195,1560,0,1235,0.13636363636363635,0.13636363636363635,0.0,0.8636363636363636,1.0,1.0
0.811374,194,1560,0,1236,0.13566433566433567,0.13566433566433567,0.0,0.8643356643356643,1.0,1.0
0.812984,193,1560,0,1237,0.13496503496503495,0.13496503496503495,0.0,0.865034965034965,1.0,1.0
0.813187,192,1560,0,1238,0.13426573426573427,0.13426573426573427,0.0,0.8657342657342657,1.0,1.0
0.81332,191,1560,0,1239,0.13356643356643358,0.13356643356643358,0.0,0.8664335664335664,1.0,1.0
0.813497,190,1560,0,1240,0.13286713286713286,0.13286713286713286,0.0,0.8671328671328671,1.0,1.0
0.816874,189,1560,0,1241,0.13216783216783218,0.13216783216783218,0.0,0.8678321678321679,1.0,1.0
0.817216,188,1560,0,1242,0.13146853146853146,0.13146853146853146,0.0,0.8685314685314686,1.0,1.0
0.817625,187,1560,0,1243,0.13076923076923078,0.13076923076923078,0.0,0.8692307692307693,1.0,1.0
0.818622,186,1560,0,1244,0.13006993006993006,0.13006993006993006,0.0,0.8699300699300699,1.0,1.0
0.818815,185,1560,0,1245,0.12937062937062938,0.12937062937062938,0.0,0.8706293706293706,1.0,1.0
0.822449,184,1560,0,1246,0.12867132867132866,0.12867132867132866,0.0,0.8713286713286713,1.0,1.0
0.823164,183,1560,0,1247,0.12797202797202797,0.12797202797202797,0.0,0.872027972027972,1.0,1.0
0.825073,182,1560,0,1248,0.12727272727272726,0.12727272727272726,0.0,0.8727272727272727,1.0,1.0
0.825269,181,1560,0,1249,0.12657342657342657,0.12657342657342657,0.0,0.8734265734265734,1.0,1.0
0.827586,180,1560,0,1250,0.1258741258741259,0.1258741258741259,0.0,0.8741258741258742,1.0,1.0
0.827979,179,1560,0,1251,0.12517482517482517,0.12517482517482517,0.0,0.8748251748251749,1.0,1.0
0.828541,178,1560,0,1252,0.12447552447552447,0.12447552447552447,0.0,0.8755244755244755,1.0,1.0
0.82996,177,1560,0,1253,0.12377622377622377,0.12377622377622377,0.0,0.8762237762237762,1.0,1.0
0.830119,176,1560,0,1254,0.12307692307692308,0.12307692307692308,0.0,0.8769230769230769,1.0,1.0
0.832109,175,1560,0,1255,0.12237762237762238,0.12237762237762238,0.0,0.8776223776223776,1.0,1.0
0.83423,174,1560,0,1256,0.12167832167832168,0.12167832167832168,0.0,0.8783216783216783,1.0,1.0
0.835041,173,1560,0,1257,0.12097902097902098,0.12097902097902098,0.0,0.879020979020979,1.0,1.0
0.835481,172,1560,0,1258,0.12027972027972028,0.12027972027972028,0.0,0.8797202797202798,1.0,1.0
0.837251,171,1560,0,1259,0.11958041958041958,0.11958041958041958,0.0,0.8804195804195805,1.0,1.0
0.837321,170,1560,0,1260,0.11888111888111888,0.11888111888111888,0.0,0.8811188811188811,1.0,1.0
0.83984,169,1560,0,1261,0.11818181818181818,0.11818181818181818,0.0,0.8818181818181818,1.0,1.0
0.839921,168,1560,0,1262,0.11748251748251748,0.11748251748251748,0.0,0.8825174825174825,1.0,1.0
0.846435,167,1560,0,1263,0.11678321678321678,0.11678321678321678,0.0,0.8832167832167832,1.0,1.0
0.847128,166,1560,0,1264,0.11608391608391608,0.11608391608391608,0.0,0.8839160839160839,1.0,1.0
0.847875,165,1560,0,1265,0.11538461538461539,0.11538461538461539,0.0,0.8846153846153846,1.0,1.0
0.848522,164,1560,0,1266,0.11468531468531469,0.11468531468531469,0.0,0.8853146853146853,1.0,1.0
0.851891,163,1560,0,1267,0.11398601398601399,0.11398601398601399,0.0,0.8860139860139861,1.0,1.0
0.85223,162,1560,0,1268,0.11328671328671329,0.11328671328671329,0.0,0.8867132867132868,1.0,1.0
0.854701,161,1560,0,1269,0.11258741258741259,0.11258741258741259,0.0,0.8874125874125874,1.0,1.0
0.855087,160,1560,0,1270,0.11188811188811189,0.11188811188811189,0.0,0.8881118881118881,1.0,1.0
0.860529,159,1560,0,1271,0.11118881118881119,0.11118881118881119,0.0,0.8888111888111888,1.0,1.0
0.861553,158,1560,0,1272,0.11048951048951049,0.11048951048951049,0.0,0.8895104895104895,1.0,1.0
0.861969,157,1560,0,1273,0.10979020979020979,0.10979020979020979,0.0,0.8902097902097902,1.0,1.0
0.862617,156,1560,0,1274,0.10909090909090909,0.10909090909090909,0.0,0.8909090909090909,1.0,1.0
0.862788,155,1560,0,1275,0.10839160839160839,0.10839160839160839,0.0,0.8916083916083916,1.0,1.0
0.864374,154,1560,0,1276,0.1076923076923077,0.1076923076923077,0.0,0.8923076923076924,1.0,1.0
0.865672,153,1560,0,1277,0.106993006993007,0.106993006993007,0.0,0.893006993006993,1.0,1.0
0.869287,152,1560,0,1278,0.1062937062937063,0.1062937062937063,0.0,0.8937062937062937,1.0,1.0
0.870637,151,1560,0,1279,0.1055944055944056,0.1055944055944056,0.0,0.8944055944055944,1.0,1.0
0.874089,150,1560,0,1280,0.1048951048951049,0.1048951048951049,0.0,0.8951048951048951,1.0,1.0
0.87463,149,1560,0,1281,0.1041958041958042,0.1041958041958042,0.0,0.8958041958041958,1.0,1.0
0.875238,148,1560,0,1282,0.1034965034965035,0.1034965034965035,0.0,0.8965034965034965,1.0,1.0
0.879837,147,1560,0,1283,0.1027972027972028,0.1027972027972028,0.0,0.8972027972027972,1.0,1.0
0.881592,146,1560,0,1284,0.1020979020979021,0.1020979020979021,0.0,0.8979020979020979,1.0,1.0
0.88222,145,1560,0,1285,0.10139860139860139,0.10139860139860139,0.0,0.8986013986013986,1.0,1.0
0.883937,144,1560,0,1286,0.1006993006993007,0.1006993006993007,0.0,0.8993006993006993,1.0,1.0
0.88469,143,1560,0,1287,0.1,0.1,0.0,0.9,1.0,1.0
0.885799,142,1560,0,1288,0.0993006993006993,0.0993006993006993,0.0,0.9006993006993007,1.0,1.0
0.888363,141,1560,0,1289,0.0986013986013986,0.0986013986013986,0.0,0.9013986013986014,1.0,1.0
0.888889,140,1560,0,1290,0.0979020979020979,0.0979020979020979,0.0,0.9020979020979021,1.0,1.0
0.889023,139,1560,0,1291,0.0972027972027972,0.0972027972027972,0.0,0.9027972027972028,1.0,1.0
0.889458,138,1560,0,1292,0.0965034965034965,0.0965034965034965,0.0,0.9034965034965035,1.0,1.0
0.889796,137,1560,0,1293,0.0958041958041958,0.0958041958041958,0.0,0.9041958041958041,1.0,1.0
0.891182,136,1560,0,1294,0.0951048951048951,0.0951048951048951,0.0,0.9048951048951049,1.0,1.0
0.89485,135,1560,0,1295,0.0944055944055944,0.0944055944055944,0.0,0.9055944055944056,1.0,1.0
0.895652,134,1560,0,1296,0.0937062937062937,0.0937062937062937,0.0,0.9062937062937063,1.0,1.0
0.897803,133,1560,0,1297,0.09300699300699301,0.09300699300699301,0.0,0.906993006993007,1.0,1.0
0.898749,132,1560,0,1298,0.09230769230769231,0.09230769230769231,0.0,0.9076923076923077,1.0,1.0
0.906152,131,1560,0,1299,0.09160839160839161,0.09160839160839161,0.0,0.9083916083916084,1.0,1.0
0.906388,130,1560,0,1300,0.09090909090909091,0.09090909090909091,0.0,0.9090909090909091,1.0,1.0
0.906641,129,1560,0,1301,0.09020979020979021,0.09020979020979021,0.0,0.9097902097902097,1.0,1.0
0.907197,128,1560,0,1302,0.08951048951048951,0.08951048951048951,0.0,0.9104895104895104,1.0,1.0
0.908197,127,1560,0,1303,0.08881118881118881,0.08881118881118881,0.0,0.9111888111888112,1.0,1.0
0.911091,126,1560,0,1304,0.08811188811188811,0.08811188811188811,0.0,0.9118881118881119,1.0,1.0
0.911201,125,1560,0,1305,0.08741258741258741,0.08741258741258741,0.0,0.9125874125874126,1.0,1.0
0.912222,124,1560,0,1306,0.08671328671328671,0.08671328671328671,0.0,0.9132867132867133,1.0,1.0
0.913083,123,1560,0,1307,0.08601398601398601,0.08601398601398601,0.0,0.913986013986014,1.0,1.0
0.913889,122,1560,0,1308,0.08531468531468532,0.08531468531468532,0.0,0.9146853146853147,1.0,1.0
0.914027,121,1560,0,1309,0.08461538461538462,0.08461538461538462,0.0,0.9153846153846154,1.0,1.0
0.91564,120,1560,0,1310,0.08391608391608392,0.08391608391608392,0.0,0.916083916083916,1.0,1.0
0.916047,119,1560,0,1311,0.08321678321678322,0.08321678321678322,0.0,0.9167832167832168,1.0,1.0
0.916746,118,1560,0,1312,0.08251748251748252,0.08251748251748252,0.0,0.9174825174825175,1.0,1.0
0.917749,117,1560,0,1313,0.08181818181818182,0.08181818181818182,0.0,0.9181818181818182,1.0,1.0
0.918367,116,1560,0,1314,0.08111888111888112,0.08111888111888112,0.0,0.9188811188811189,1.0,1.0
0.918893,115,1560,0,1315,0.08041958041958042,0.08041958041958042,0.0,0.9195804195804196,1.0,1.0
0.920345,114,1560,0,1316,0.07972027972027972,0.07972027972027972,0.0,0.9202797202797203,1.0,1.0
0.922162,113,1560,0,1317,0.07902097902097902,0.07902097902097902,0.0,0.920979020979021,1.0,1.0
0.923459,112,1560,0,1318,0.07832167832167833,0.07832167832167833,0.0,0.9216783216783216,1.0,1.0
0.923469,111,1560,0,1319,0.07762237762237763,0.07762237762237763,0.0,0.9223776223776223,1.0,1.0
0.925581,110,1560,0,1320,0.07692307692307693,0.07692307692307693,0.0,0.9230769230769231,1.0,1.0
0.926033,109,1560,0,1321,0.07622377622377623,0.07622377622377623,0.0,0.9237762237762238,1.0,1.0
0.926692,108,1560,0,1322,0.07552447552447553,0.07552447552447553,0.0,0.9244755244755245,1.0,1.0
0.930136,107,1560,0,1323,0.07482517482517483,0.07482517482517483,0.0,0.9251748251748252,1.0,1.0
0.931346,106,1560,0,1324,0.07412587412587412,0.07412587412587412,0.0,0.9258741258741259,1.0,1.0
0.934166,105,1560,0,1325,0.07342657342657342,0.07342657342657342,0.0,0.9265734265734266,1.0,1.0
0.935378,104,1560,0,1326,0.07272727272727272,0.07272727272727272,0.0,0.9272727272727272,1.0,1.0
0.93609,103,1560,0,1327,0.07202797202797202,0.07202797202797202,0.0,0.9279720279720279,1.0,1.0
0.936196,102,1560,0,1328,0.07132867132867132,0.07132867132867132,0.0,0.9286713286713286,1.0,1.0
0.937864,101,1560,0,1329,0.07062937062937064,0.07062937062937064,0.0,0.9293706293706294,1.0,1.0
0.937924,100,1560,0,1330,0.06993006993006994,0.06993006993006994,0.0,0.9300699300699301,1.0,1.0
0.938155,99,1560,0,1331,0.06923076923076923,0.06923076923076923,0.0,0.9307692307692308,1.0,1.0
0.938776,98,1560,0,1332,0.06853146853146853,0.06853146853146853,0.0,0.9314685314685315,1.0,1.0
0.938931,97,1560,0,1333,0.06783216783216783,0.06783216783216783,0.0,0.9321678321678322,1.0,1.0
0.940144,96,1560,0,1334,0.06713286713286713,0.06713286713286713,0.0,0.9328671328671329,1.0,1.0
0.940552,95,1560,0,1335,0.06643356643356643,0.06643356643356643,0.0,0.9335664335664335,1.0,1.0
0.940914,94,1560,0,1336,0.06573426573426573,0.06573426573426573,0.0,0.9342657342657342,1.0,1.0
0.941365,93,1560,0,1337,0.06503496503496503,0.06503496503496503,0.0,0.9349650349650349,1.0,1.0
0.941414,92,1560,0,1338,0.06433566433566433,0.06433566433566433,0.0,0.9356643356643357,1.0,1.0
0.942044,91,1560,0,1339,0.06363636363636363,0.06363636363636363,0.0,0.9363636363636364,1.0,1.0
0.94227,90,1560,0,1340,0.06293706293706294,0.06293706293706294,0.0,0.9370629370629371,1.0,1.0
0.943277,89,1560,0,1341,0.062237762237762236,0.062237762237762236,0.0,0.9377622377622378,1.0,1.0
0.944609,88,1560,0,1342,0.06153846153846154,0.06153846153846154,0.0,0.9384615384615385,1.0,1.0
0.944821,87,1560,0,1343,0.06083916083916084,0.06083916083916084,0.0,0.9391608391608391,1.0,1.0
0.945491,86,1560,0,1344,0.06013986013986014,0.06013986013986014,0.0,0.9398601398601398,1.0,1.0
0.946309,85,1560,0,1345,0.05944055944055944,0.05944055944055944,0.0,0.9405594405594405,1.0,1.0
0.948745,84,1560,0,1346,0.05874125874125874,0.05874125874125874,0.0,0.9412587412587412,1.0,1.0
0.949051,83,1560,0,1347,0.05804195804195804,0.05804195804195804,0.0,0.941958041958042,1.0,1.0
0.950495,82,1560,0,1348,0.057342657342657345,0.057342657342657345,0.0,0.9426573426573427,1.0,1.0
0.950658,81,1560,0,1349,0.056643356643356645,0.056643356643356645,0.0,0.9433566433566434,1.0,1.0
0.95122,80,1560,0,1350,0.055944055944055944,0.055944055944055944,0.0,0.9440559440559441,1.0,1.0
0.951848,79,1560,0,1351,0.05524475524475524,0.05524475524475524,0.0,0.9447552447552447,1.0,1.0
0.954342,78,1560,0,1352,0.05454545454545454,0.05454545454545454,0.0,0.9454545454545454,1.0,1.0
0.956044,77,1560,0,1353,0.05384615384615385,0.05384615384615385,0.0,0.9461538461538461,1.0,1.0
0.956337,76,1560,0,1354,0.05314685314685315,0.05314685314685315,0.0,0.9468531468531468,1.0,1.0
0.956474,75,1560,0,1355,0.05244755244755245,0.05244755244755245,0.0,0.9475524475524476,1.0,1.0
0.959651,74,1560,0,1356,0.05174825174825175,0.05174825174825175,0.0,0.9482517482517483,1.0,1.0
0.960883,73,1560,0,1357,0.05104895104895105,0.05104895104895105,0.0,0.948951048951049,1.0,1.0
0.961026,72,1560,0,1358,0.05034965034965035,0.05034965034965035,0.0,0.9496503496503497,1.0,1.0
0.961105,71,1560,0,1359,0.04965034965034965,0.04965034965034965,0.0,0.9503496503496504,1.0,1.0
0.961874,70,1560,0,1360,0.04895104895104895,0.04895104895104895,0.0,0.951048951048951,1.0,1.0
0.963595,69,1560,0,1361,0.04825174825174825,0.04825174825174825,0.0,0.9517482517482517,1.0,1.0
0.963791,68,1560,0,1362,0.04755244755244755,0.04755244755244755,0.0,0.9524475524475524,1.0,1.0
0.964994,67,1560,0,1363,0.04685314685314685,0.04685314685314685,0.0,0.9531468531468531,1.0,1.0
0.966518,66,1560,0,1364,0.046153846153846156,0.046153846153846156,0.0,0.9538461538461539,1.0,1.0
0.967771,65,1560,0,1365,0.045454545454545456,0.045454545454545456,0.0,0.9545454545454546,1.0,1.0
0.968306,64,1560,0,1366,0.044755244755244755,0.044755244755244755,0.0,0.9552447552447553,1.0,1.0
0.968335,63,1560,0,1367,0.044055944055944055,0.044055944055944055,0.0,0.955944055944056,1.0,1.0
0.968984,62,1560,0,1368,0.043356643356643354,0.043356643356643354,0.0,0.9566433566433566,1.0,1.0
0.96977,61,1560,0,1369,0.04265734265734266,0.04265734265734266,0.0,0.9573426573426573,1.0,1.0
0.970526,60,1560,0,1370,0.04195804195804196,0.04195804195804196,0.0,0.958041958041958,1.0,1.0
0.970721,59,1560,0,1371,0.04125874125874126,0.04125874125874126,0.0,0.9587412587412587,1.0,1.0
0.971989,58,1560,0,1372,0.04055944055944056,0.04055944055944056,0.0,0.9594405594405594,1.0,1.0
0.972707,57,1560,0,1373,0.03986013986013986,0.03986013986013986,0.0,0.9601398601398602,1.0,1.0
0.974074,56,1560,0,1374,0.039160839160839164,0.039160839160839164,0.0,0.9608391608391609,1.0,1.0
0.974625,55,1560,0,1375,0.038461538461538464,0.038461538461538464,0.0,0.9615384615384616,1.0,1.0
0.974857,54,1560,0,1376,0.03776223776223776,0.03776223776223776,0.0,0.9622377622377623,1.0,1.0
0.974978,53,1560,0,1377,0.03706293706293706,0.03706293706293706,0.0,0.9629370629370629,1.0,1.0
0.976055,52,1560,0,1378,0.03636363636363636,0.03636363636363636,0.0,0.9636363636363636,1.0,1.0
0.97786,51,1560,0,1379,0.03566433566433566,0.03566433566433566,0.0,0.9643356643356643,1.0,1.0
0.978622,50,1560,0,1380,0.03496503496503497,0.03496503496503497,0.0,0.965034965034965,1.0,1.0
0.979493,49,1560,0,1381,0.03426573426573427,0.03426573426573427,0.0,0.9657342657342657,1.0,1.0
0.97973,48,1560,0,1382,0.033566433566433566,0.033566433566433566,0.0,0.9664335664335665,1.0,1.0
0.980815,47,1560,0,1383,0.032867132867132866,0.032867132867132866,0.0,0.9671328671328672,1.0,1.0
0.98445,46,1560,0,1384,0.032167832167832165,0.032167832167832165,0.0,0.9678321678321679,1.0,1.0
0.984709,45,1560,0,1385,0.03146853146853147,0.03146853146853147,0.0,0.9685314685314685,1.0,1.0
0.984749,44,1560,0,1386,0.03076923076923077,0.03076923076923077,0.0,0.9692307692307692,1.0,1.0
0.985149,43,1560,0,1387,0.03006993006993007,0.03006993006993007,0.0,0.9699300699300699,1.0,1.0
0.985459,42,1560,0,1388,0.02937062937062937,0.02937062937062937,0.0,0.9706293706293706,1.0,1.0
0.986007,41,1560,0,1389,0.028671328671328673,0.028671328671328673,0.0,0.9713286713286713,1.0,1.0
0.986164,40,1560,0,1390,0.027972027972027972,0.027972027972027972,0.0,0.972027972027972,1.0,1.0
0.987179,39,1560,0,1391,0.02727272727272727,0.02727272727272727,0.0,0.9727272727272728,1.0,1.0
0.98801,38,1560,0,1392,0.026573426573426574,0.026573426573426574,0.0,0.9734265734265735,1.0,1.0
0.988802,37,1560,0,1393,0.025874125874125874,0.025874125874125874,0.0,0.9741258741258741,1.0,1.0
0.989924,36,1560,0,1394,0.025174825174825177,0.025174825174825177,0.0,0.9748251748251748,1.0,1.0
0.989936,35,1560,0,1395,0.024475524475524476,0.024475524475524476,0.0,0.9755244755244755,1.0,1.0
0.990486,34,1560,0,1396,0.023776223776223775,0.023776223776223775,0.0,0.9762237762237762,1.0,1.0
0.99139,33,1560,0,1397,0.023076923076923078,0.023076923076923078,0.0,0.9769230769230769,1.0,1.0
0.991453,32,1560,0,1398,0.022377622377622378,0.022377622377622378,0.0,0.9776223776223776,1.0,1.0
0.992099,31,1560,0,1399,0.021678321678321677,0.021678321678321677,0.0,0.9783216783216783,1.0,1.0
0.992161,30,1560,0,1400,0.02097902097902098,0.02097902097902098,0.0,0.9790209790209791,1.0,1.0
0.992608,29,1560,0,1401,0.02027972027972028,0.02027972027972028,0.0,0.9797202797202798,1.0,1.0
0.993314,28,1560,0,1402,0.019580419580419582,0.019580419580419582,0.0,0.9804195804195804,1.0,1.0
0.993395,27,1560,0,1403,0.01888111888111888,0.01888111888111888,0.0,0.9811188811188811,1.0,1.0
0.995531,26,1560,0,1404,0.01818181818181818,0.01818181818181818,0.0,0.9818181818181818,1.0,1.0
0.99604,25,1560,0,1405,0.017482517482517484,0.017482517482517484,0.0,0.9825174825174825,1.0,1.0
0.996226,24,1560,0,1406,0.016783216783216783,0.016783216783216783,0.0,0.9832167832167832,1.0,1.0
0.997255,23,1560,0,1407,0.016083916083916083,0.016083916083916083,0.0,0.9839160839160839,1.0,1.0
0.997644,22,1560,0,1408,0.015384615384615385,0.015384615384615385,0.0,0.9846153846153847,1.0,1.0
0.997685,21,1560,0,1409,0.014685314685314685,0.014685314685314685,0.0,0.9853146853146854,1.0,1.0
0.998188,20,1560,0,1410,0.013986013986013986,0.013986013986013986,0.0,0.986013986013986,1.0,1.0
0.99894,19,1560,0,1411,0.013286713286713287,0.013286713286713287,0.0,0.9867132867132867,1.0,1.0
0.998988,18,1560,0,1412,0.012587412587412588,0.012587412587412588,0.0,0.9874125874125874,1.0,1.0
0.999046,17,1560,0,1413,0.011888111888111888,0.011888111888111888,0.0,0.9881118881118881,1.0,1.0
0.999056,16,1560,0,1414,0.011188811188811189,0.011188811188811189,0.0,0.9888111888111888,1.0,1.0
0.999079,15,1560,0,1415,0.01048951048951049,0.01048951048951049,0.0,0.9895104895104895,1.0,1.0
0.999088,14,1560,0,1416,0.009790209790209791,0.009790209790209791,0.0,0.9902097902097902,1.0,1.0
0.999102,13,1560,0,1417,0.00909090909090909,0.00909090909090909,0.0,0.990909090909091,1.0,1.0
1.0,12,1560,0,1418,0.008391608391608392,0.008391608391608392,0.0,0.9916083916083916,1.0,1.0
1.0000000000000002,0,1560,0,1430,0.0,0.0,0.0,1.0,1.0,1.0
